mean_acc_x,mean_acc_y,mean_acc_z,mean_gyro_x,mean_gyro_y,mean_gyro_z,std_acc_x,std_acc_y,std_acc_z,std_gyro_x,Activity
0.032838,0.038388,9.752507,-0.004535,0.003405,0.004423,0.011828,0.006034,0.046181,0.009459,SITTING
0.026046,0.017570,9.870525,-0.002201,-0.004048,0.002769,0.015097,0.025507,0.025929,0.005963,SITTING
0.041023,0.028771,9.824080,0.008598,0.000616,0.000580,0.032558,0.016747,0.046534,-0.000576,SITTING
0.038476,-0.007275,9.701767,-0.003593,-0.010744,-0.007155,0.018780,0.032892,0.044617,0.005772,SITTING
0.003602,-0.015370,9.775827,-0.001550,0.007583,0.000795,0.008923,0.038623,0.072915,0.001824,SITTING
0.031452,-0.018635,9.815051,0.002238,0.009031,-0.006601,0.022709,0.025612,0.039403,0.006617,SITTING
0.054247,0.007341,9.705841,0.002933,0.003629,-0.003507,0.019973,0.015260,0.039040,0.004943,SITTING
0.042936,-0.002141,9.829691,0.000222,0.005316,0.007134,0.028840,0.022217,0.068394,0.002782,SITTING
0.026070,0.014921,9.761808,-0.008323,-0.007307,-0.001883,0.015910,0.022485,0.040382,0.006339,SITTING
0.001068,0.020913,9.835229,-0.000359,0.002404,0.007295,0.027635,0.037221,0.052919,0.002016,SITTING
0.014015,0.037925,9.875587,-0.006017,-0.007535,0.007843,0.014403,0.027446,0.081473,0.008384,SITTING
0.006158,-0.025090,9.821993,0.004284,-0.001725,0.006997,0.037797,0.020674,0.075901,0.003252,SITTING
0.025377,0.028353,9.776546,0.003071,0.005315,0.005336,0.022967,0.023215,0.094486,0.007508,SITTING
-0.013866,0.022376,9.827902,-0.008764,0.009480,-0.002813,0.028952,0.018173,0.068595,0.003688,SITTING
0.007902,0.007771,9.817638,-0.004723,-0.001269,0.014385,0.021513,0.038470,0.058815,0.007632,SITTING
0.028940,0.006005,9.684239,0.001474,0.002960,-0.004041,-0.001507,0.036170,0.060947,0.009869,SITTING
0.017393,0.044481,9.843757,-0.000450,0.004167,0.006035,0.037830,0.033569,0.058919,0.009175,SITTING
0.010659,0.003964,9.799141,-0.005582,0.001861,0.010860,0.033759,0.007293,0.055841,0.009600,SITTING
0.012092,-0.006263,9.889000,0.002976,-0.000502,-0.009204,0.030869,0.009592,0.089233,0.007778,SITTING
0.037233,0.077793,9.775450,-0.002551,0.009852,-0.003212,0.016681,0.003012,0.039377,-0.002763,SITTING
0.016031,-0.003056,9.714334,0.001407,-0.004639,0.004483,0.007123,0.032509,0.050251,0.006970,SITTING
-0.016427,0.036298,9.830552,0.001617,0.003942,-0.001911,0.024334,0.012040,0.051280,0.002774,SITTING
0.033613,0.038396,9.861900,0.000646,-0.000829,0.006254,0.029441,0.013088,0.067719,-0.002600,SITTING
0.018326,0.028126,9.842093,-0.000740,0.007352,-0.000174,0.021557,0.026683,0.057370,0.005291,SITTING
-0.014777,0.014693,9.769843,0.000268,0.011411,0.010218,0.012256,0.018466,0.052744,0.002264,SITTING
0.013814,0.034464,9.778183,0.000095,0.006019,0.007931,0.016515,0.030537,0.050998,0.009102,SITTING
0.015335,0.020545,9.758474,0.002990,0.003174,0.003600,0.017756,0.029519,0.046928,0.001522,SITTING
0.028354,0.002124,9.803881,0.005849,-0.000097,0.000811,0.015268,0.011446,0.094104,0.003005,SITTING
0.046046,0.034467,9.841719,0.008539,0.011366,0.001878,0.028230,0.009358,0.023630,0.006186,SITTING
0.015876,0.038165,9.801952,0.003062,-0.002286,-0.001023,0.029311,0.024426,0.034719,0.001986,SITTING
0.032978,0.031647,9.773993,-0.003714,-0.003960,0.008890,0.036356,0.029829,0.033960,0.007109,SITTING
0.021346,-0.001975,9.786221,-0.006059,0.002990,-0.004624,0.015630,0.023855,0.012162,0.010227,SITTING
0.003760,0.031642,9.768329,0.000254,0.001713,0.005918,0.018131,-0.000827,0.045958,0.001615,SITTING
-0.000055,0.022024,9.763593,-0.003520,0.010557,0.001356,0.014661,0.021666,0.050121,0.006126,SITTING
0.021410,0.050777,9.935266,0.004627,-0.001547,0.007031,0.027687,0.008561,0.056342,0.007882,SITTING
-0.022195,0.030102,9.827988,0.005010,0.002108,0.001074,0.014962,0.022470,0.051807,0.008463,SITTING
0.024623,-0.015962,9.828815,0.006070,0.001835,0.009040,0.034418,0.019777,0.029544,0.007888,SITTING
-0.009308,0.008665,9.782323,-0.003153,0.010868,0.000752,0.012040,0.034538,0.059456,0.002830,SITTING
0.003388,0.055071,9.734427,-0.001869,-0.002121,-0.002052,0.043822,0.015629,0.033711,-0.001111,SITTING
0.013158,-0.019545,9.831424,-0.003147,-0.005184,0.002619,0.003672,0.008731,0.059230,0.002153,SITTING
0.029620,0.021524,9.691655,0.004110,-0.000004,0.001334,0.006144,0.006654,0.027261,0.005247,SITTING
0.023508,-0.004410,9.818218,0.002834,0.004101,-0.003005,0.023815,0.020157,0.053095,0.007759,SITTING
0.036127,0.040267,9.806120,-0.004324,0.005971,-0.000206,0.018699,0.013717,0.057063,0.001961,SITTING
-0.005946,0.037340,9.758091,-0.005487,0.007137,0.004745,0.039913,0.033823,0.071570,0.007933,SITTING
0.035193,0.020132,9.862266,-0.001877,0.004788,0.004864,0.020648,0.021366,0.040758,0.004999,SITTING
0.038289,0.006094,9.859676,0.008937,0.004878,0.005660,0.018074,0.027358,0.034763,0.000572,SITTING
0.017710,0.039102,9.821710,-0.002565,0.005646,0.004570,0.021647,0.026546,0.068994,0.009612,SITTING
0.012317,0.044269,9.818319,-0.004119,0.009034,0.001563,0.011232,0.038153,0.033101,0.003001,SITTING
0.024594,0.013439,9.818767,-0.004509,0.005727,0.001480,0.014021,0.026103,0.009209,0.001036,SITTING
0.016325,0.025706,9.852403,-0.000699,0.000690,0.006313,0.024510,0.028640,0.075964,0.004808,SITTING
0.022093,0.046430,9.860807,-0.001069,-0.008330,-0.001756,0.019764,0.008246,0.050523,0.007677,SITTING
-0.010278,0.009802,9.778718,-0.003558,0.003617,-0.000205,0.027202,0.015174,0.084549,0.002109,SITTING
0.014464,0.029537,9.826505,0.005405,-0.006218,0.003939,0.010939,0.027766,0.028276,0.006778,SITTING
-0.010124,-0.023607,9.861886,-0.000338,0.004019,-0.004301,0.002345,0.006008,0.076592,0.003142,SITTING
0.011740,-0.007483,9.763983,-0.004367,0.000729,-0.002075,0.023823,0.020530,0.027818,0.001051,SITTING
0.031600,0.013587,9.800634,-0.001450,0.004383,-0.008546,0.010158,0.035312,0.057388,0.002106,SITTING
0.040401,-0.002343,9.852190,-0.006445,0.003859,-0.006954,0.039080,0.033969,0.048891,0.004886,SITTING
0.006523,0.018007,9.813241,0.002555,0.001742,0.003986,0.028984,0.015845,0.072228,0.010420,SITTING
0.024264,0.010330,9.817000,0.001795,-0.006238,-0.000052,0.013591,0.013507,0.039293,0.005835,SITTING
0.008392,0.013836,9.837526,0.007377,0.011936,-0.001079,0.022742,0.014284,0.082279,0.006438,SITTING
0.003731,0.033776,9.828063,-0.002596,0.000806,-0.003123,0.018532,0.026171,0.079751,0.008509,SITTING
0.064930,0.011804,9.820584,-0.005511,0.003950,0.005029,0.029064,0.003252,0.055713,0.006254,SITTING
0.017916,0.013578,9.813473,-0.000130,0.005331,-0.002868,0.013746,0.016982,0.043318,0.009032,SITTING
-0.002358,-0.002295,9.822283,0.004771,-0.000079,-0.002345,0.011361,0.031518,0.072626,0.002264,SITTING
-0.001029,-0.026665,9.778430,0.001607,0.010171,-0.000081,0.020079,0.028983,0.053638,0.005863,SITTING
0.013902,0.019895,9.759920,0.008428,0.005696,0.008002,0.030601,0.004659,0.070935,0.005572,SITTING
0.009838,-0.007086,9.815528,0.001952,-0.004801,-0.000592,0.029768,0.014000,0.031871,0.007926,SITTING
0.010163,0.017833,9.824830,0.005087,-0.000535,0.005144,0.026626,0.022253,-0.002401,0.005155,SITTING
0.009734,0.041830,9.763044,0.003638,-0.001421,-0.007591,0.022811,0.032865,0.041308,0.011014,SITTING
0.008449,0.025068,9.744962,-0.003694,-0.003901,0.000022,0.006764,0.026130,0.096269,0.001546,SITTING
0.005765,0.022826,9.795153,0.008715,0.000734,0.004416,0.011032,0.018953,0.065936,0.007501,SITTING
0.021604,0.048771,9.817333,0.006068,-0.000288,0.003755,0.009028,0.017802,0.028519,0.005306,SITTING
-0.009383,0.001912,9.889192,-0.000649,0.002589,0.003539,0.017191,0.014422,0.070124,0.005924,SITTING
-0.009401,0.059948,9.813563,0.003821,0.001659,0.005806,0.016955,0.038475,0.064433,0.005100,SITTING
0.025839,0.053481,9.803537,-0.010326,-0.002311,-0.008761,0.004888,0.028042,0.070979,0.006358,SITTING
0.033135,0.005575,9.813468,0.006710,-0.004555,0.009936,0.014011,0.022241,0.070449,0.003817,SITTING
0.015621,-0.001230,9.731844,0.005121,0.001684,0.000800,0.007135,0.024576,0.016957,0.006435,SITTING
0.028440,0.008219,9.818073,0.002258,0.002516,0.003809,0.012228,0.008945,0.046376,0.005570,SITTING
-0.032023,0.041738,9.853088,0.000157,0.002511,-0.004766,0.042632,0.008681,0.038430,0.003795,SITTING
0.008035,0.031631,9.733190,-0.000323,0.007004,0.004760,0.031883,0.034648,0.069746,0.009584,SITTING
-0.002754,0.019529,9.777570,0.002225,0.002174,-0.002834,0.039369,0.023867,0.070560,0.005908,SITTING
-0.007532,-0.002376,9.801466,0.006269,0.005475,0.002426,0.009088,0.024543,0.048629,0.006454,SITTING
0.035582,0.002731,9.767213,-0.001433,0.002996,0.002429,0.026396,0.013735,0.011348,0.007830,SITTING
-0.003626,-0.004713,9.823265,0.003037,0.006343,-0.008301,0.011731,0.023592,0.067561,0.005149,SITTING
-0.017019,0.042765,9.760792,0.003820,0.001371,0.009688,0.021090,0.013907,0.048054,0.002960,SITTING
-0.031511,0.051750,9.771762,0.005858,-0.009033,0.007541,0.039004,0.028895,0.035225,0.008910,SITTING
0.015505,-0.016736,9.751787,0.000669,0.006090,-0.002220,0.019554,0.033775,0.035430,0.003759,SITTING
0.016485,0.030160,9.860467,0.002306,0.005581,-0.006494,0.032387,0.022593,0.056869,0.008135,SITTING
0.007591,0.036565,9.790051,-0.000668,-0.000948,-0.002837,0.013392,0.007292,0.048483,0.000649,SITTING
0.028385,0.009938,9.870056,0.001673,-0.006298,-0.006676,0.010244,0.032881,0.054736,0.006752,SITTING
0.009365,-0.037301,9.794060,0.001797,0.002606,0.000550,0.010883,0.002460,0.039191,-0.000150,SITTING
0.021991,0.004104,9.694177,0.003537,0.000939,0.000513,0.026082,0.023133,0.060592,0.005214,SITTING
-0.001558,0.010049,9.767829,-0.001761,0.005086,0.000912,0.020704,0.007322,0.067423,0.004375,SITTING
-0.005221,0.012368,9.824224,-0.014480,0.002038,0.003440,0.011483,0.039186,0.084325,0.005856,SITTING
-0.008010,0.002156,9.830770,-0.002925,-0.000152,-0.001002,0.026226,0.024010,0.081610,0.007645,SITTING
0.021321,0.038849,9.724910,-0.002059,-0.001916,-0.001704,0.013854,0.017829,0.089396,0.008144,SITTING
0.001984,0.016654,9.802021,0.002786,-0.002732,-0.013430,0.004808,0.024226,0.063340,0.002976,SITTING
0.021808,0.037891,9.829553,-0.012306,-0.001808,-0.006703,0.027386,0.010897,0.058553,0.008470,SITTING
0.013828,0.006487,9.816175,0.002798,0.014321,0.002438,0.003456,0.024763,0.064707,0.010440,SITTING
0.052466,0.037547,9.797516,-0.001329,-0.001274,-0.002800,0.015197,0.023087,0.041219,0.008006,SITTING
-0.024094,0.007939,9.890385,0.001243,-0.002364,-0.001676,0.020401,0.027244,0.040344,0.004102,SITTING
-0.010978,0.023672,9.765841,0.008214,0.009378,0.002584,0.031327,-0.001984,0.062653,0.002406,SITTING
0.020655,0.037725,9.792170,0.000809,0.001816,0.004828,0.016166,0.013667,0.062296,0.007736,SITTING
0.027063,0.039713,9.793713,-0.003905,0.000772,0.002315,0.035669,0.017075,0.059424,0.002426,SITTING
-0.004107,0.034771,9.852903,0.001643,-0.001478,-0.003114,0.004123,0.026684,0.044859,0.002727,SITTING
-0.007434,0.056503,9.706583,0.002941,-0.007635,0.001670,0.021482,0.019887,0.057278,0.008664,SITTING
0.022462,0.042281,9.794016,-0.000521,0.003696,0.012559,0.022068,0.015724,0.077385,0.005820,SITTING
0.002192,0.041773,9.826467,0.000378,0.001870,-0.007142,0.017081,0.022483,0.037976,0.003355,SITTING
0.003244,0.014605,9.829199,-0.002322,0.003547,0.003628,0.007393,0.008635,0.047168,0.004395,SITTING
0.022061,0.016823,9.864841,-0.000480,0.011063,-0.002824,0.021415,0.004583,0.072433,0.001110,SITTING
0.031559,0.021337,9.732691,-0.013734,-0.005499,-0.002290,0.018099,0.018131,0.056476,0.005129,SITTING
-0.002600,0.005836,9.737461,0.001764,0.012445,0.002077,0.021994,0.017893,0.046730,0.004936,SITTING
0.008592,0.043948,9.826679,-0.000120,0.004787,0.004576,0.019544,0.012008,0.061905,0.008526,SITTING
0.006224,0.005730,9.779170,0.004871,0.000890,0.005118,0.029279,-0.000189,0.048396,0.002135,SITTING
0.017405,0.011631,9.747946,0.008532,0.003034,-0.002747,0.016553,0.006562,0.037292,0.004613,SITTING
0.019124,0.019363,9.906802,-0.000240,0.005264,0.000804,0.017156,0.028570,0.026745,0.003462,SITTING
0.015330,0.008047,9.795402,-0.000725,0.010692,0.007884,0.023393,-0.000430,0.046647,0.001618,SITTING
0.006731,0.045646,9.881333,-0.003979,0.009440,-0.001562,0.023511,0.022453,0.047151,0.004008,SITTING
0.006117,0.014946,9.865160,0.002113,0.006124,-0.005541,0.012822,-0.006100,0.046812,0.008175,SITTING
0.035003,0.034873,9.897384,0.003386,-0.010931,0.007605,0.026363,0.022987,0.003779,0.001965,SITTING
0.006161,0.032882,9.794397,0.002041,-0.004992,-0.012375,0.019349,0.017232,0.074772,0.001947,SITTING
0.010648,-0.015437,9.838817,-0.001034,0.005527,0.004545,0.030882,0.008611,0.079081,0.009745,SITTING
-0.017318,0.019602,9.825633,0.008410,0.006395,0.004392,0.035198,0.025139,0.059531,0.000624,SITTING
0.010630,0.007536,9.810772,-0.008167,0.003149,-0.000345,0.012233,0.028978,0.050034,0.006622,SITTING
-0.002493,0.021168,9.837395,0.003179,0.010173,0.009367,0.024038,0.030946,0.033750,0.004709,SITTING
0.002101,0.008495,9.783865,0.000580,0.001983,0.001163,0.006840,0.021275,0.045102,0.008167,SITTING
0.009279,0.033226,9.757509,0.011395,0.005383,-0.005582,0.021801,0.011605,0.083510,0.002858,SITTING
-0.019466,0.044311,9.824046,-0.001334,-0.000453,-0.006683,0.035758,0.023082,0.056128,0.004792,SITTING
0.050416,0.004756,9.753940,0.004151,-0.000010,0.003964,0.013212,0.027151,0.061876,0.004244,SITTING
-0.020597,-0.006990,9.812991,0.005539,-0.001203,-0.000778,0.013438,0.016837,0.055864,0.000624,SITTING
0.026803,0.045189,9.733884,-0.000136,0.004862,0.002637,0.026717,0.010375,0.083101,0.004912,SITTING
-0.007514,0.035127,9.788876,-0.001444,0.000217,0.005486,0.014596,0.027811,0.058125,0.003870,SITTING
0.006816,0.007193,9.701885,-0.001793,0.007372,0.000952,0.042137,0.020337,0.071387,0.007483,SITTING
0.010226,0.019704,9.793683,0.001211,0.008499,0.000036,0.008904,0.035600,0.076916,0.007731,SITTING
-0.015305,0.005543,9.662106,-0.001454,0.003847,-0.001097,0.009052,0.048229,0.040970,0.001248,SITTING
0.003718,0.015821,9.810968,-0.000354,0.003938,0.000446,0.044274,0.016580,0.036478,0.000051,SITTING
-0.040874,0.039122,9.763895,-0.000330,-0.002930,0.009315,0.017162,0.015078,0.056519,0.004741,SITTING
-0.015859,0.026143,9.714911,0.002430,-0.007061,0.004606,0.028305,0.011602,0.033923,0.005625,SITTING
0.020375,0.003657,9.786642,0.004977,0.001108,-0.006007,0.012333,0.025345,0.057778,-0.000553,SITTING
0.006904,0.026836,9.708805,-0.011880,0.007375,0.006170,0.024449,0.030253,0.074568,0.009213,SITTING
0.022215,0.010810,9.789686,-0.007039,-0.001933,-0.008997,0.013152,0.015473,0.049215,0.001160,SITTING
0.028779,0.039065,9.810766,-0.011035,-0.000669,-0.007097,0.009710,0.023038,0.059893,-0.000223,SITTING
0.008043,0.031704,9.780289,0.001556,0.004066,0.005709,0.026347,0.009170,0.073423,0.010978,SITTING
-0.006725,0.009927,9.723571,0.003841,0.005402,0.002123,0.035669,0.017568,0.060074,0.003039,SITTING
0.021447,0.012864,9.840239,0.002088,0.006359,0.016390,0.025134,0.023824,0.082226,-0.001328,SITTING
0.007205,0.043572,9.872678,0.001255,0.006205,-0.003410,0.013231,0.032599,0.042049,0.005597,SITTING
0.022984,0.032325,9.863710,0.009131,-0.008746,0.001204,0.014370,0.019034,0.027723,0.005295,SITTING
0.002683,-0.019417,9.749140,0.000463,-0.001859,0.000548,0.030474,0.002151,0.058882,0.001252,SITTING
0.019041,0.025280,9.707436,0.004147,0.000697,0.002723,0.025179,0.019933,0.011327,-0.003076,SITTING
-0.021697,0.019208,9.749808,-0.003134,0.014561,-0.001537,0.021588,0.016601,0.049853,0.007961,SITTING
-0.001861,0.015831,9.821658,0.004099,0.005209,0.004135,0.026800,0.027006,0.066929,-0.000775,SITTING
-0.009053,0.031174,9.756082,0.001625,-0.001575,-0.004381,0.016373,0.035572,0.068107,0.002929,SITTING
-0.005249,0.014019,9.719975,-0.001693,0.000471,0.005352,0.029560,0.025475,0.048056,0.008762,SITTING
-0.008137,-0.021073,9.789164,0.002685,0.006011,0.001211,0.015539,0.021403,0.057558,0.004952,SITTING
0.018044,0.006603,9.820800,0.001377,-0.004097,0.003884,0.013511,0.039043,0.036688,0.001367,SITTING
0.008401,0.039203,9.815244,0.001220,0.003477,0.001324,0.001652,0.018768,0.033264,0.004887,SITTING
-0.000787,0.038626,9.912472,-0.001891,-0.000030,-0.003386,0.010090,0.010631,0.054458,0.009164,SITTING
0.054344,-0.000438,9.809299,0.002077,-0.004536,0.006869,0.032873,0.019548,0.068027,0.005904,SITTING
0.013771,0.054426,9.798088,-0.003367,-0.002372,0.005435,0.018861,0.016430,0.029385,0.005169,SITTING
0.017055,0.010404,9.757166,-0.001961,0.006821,0.009955,0.017740,0.025256,0.036479,0.008955,SITTING
0.000407,0.017688,9.818887,-0.006322,-0.004879,-0.003369,0.025518,0.043877,0.001928,0.002303,SITTING
0.009789,-0.000068,9.784452,0.003104,0.004737,-0.001789,0.012410,0.021801,0.046078,0.000617,SITTING
0.002723,0.031126,9.794919,0.001399,-0.003193,0.004325,0.026379,0.013059,0.047803,0.002327,SITTING
-0.013601,0.031386,9.840067,0.004772,0.009301,0.000036,0.018326,0.025006,0.044922,0.010046,SITTING
0.027920,0.043153,9.871249,-0.000866,0.018108,0.001890,0.025617,0.028887,0.062338,0.010192,SITTING
-0.007424,0.042301,9.776784,0.000349,0.008703,-0.000686,0.034240,0.008235,0.036931,0.003115,SITTING
0.005402,0.024104,9.851618,0.005047,0.010388,0.002115,0.011000,0.013883,0.044765,0.006381,SITTING
0.014609,0.031823,9.716683,0.005712,0.004109,-0.000414,0.008701,0.019108,0.032285,0.005325,SITTING
0.000390,0.011421,9.864643,-0.003894,0.007635,0.000466,0.019361,0.014206,0.029721,0.007780,SITTING
-0.015500,0.023272,9.869838,-0.000417,-0.000456,0.002322,0.032071,0.025111,0.045029,0.000840,SITTING
0.015520,0.005677,9.852341,-0.002316,0.000902,-0.004563,0.020693,0.017450,0.043042,0.003060,SITTING
-0.015327,0.001993,9.742613,-0.006205,-0.007088,-0.001009,0.028019,0.020206,0.073407,0.009529,SITTING
-0.031684,0.000067,9.802450,-0.000293,-0.000271,-0.001606,0.037998,0.018474,0.031502,0.009029,SITTING
-0.022120,0.006202,9.875137,-0.001525,-0.006872,0.007275,0.025244,0.025582,0.045227,0.004194,SITTING
0.015051,-0.004518,9.851436,-0.004991,-0.008374,-0.001152,0.030536,0.034370,0.051747,0.006907,SITTING
-0.008241,-0.015404,9.832632,0.009241,0.004709,0.000745,0.010592,0.000900,0.058692,-0.000367,SITTING
-0.003905,-0.000836,9.843229,0.007063,0.001253,0.001758,0.017161,0.012343,0.061785,0.008091,SITTING
0.027083,0.009994,9.795242,-0.000452,-0.001304,0.002567,0.007247,0.033290,0.044648,0.001176,SITTING
-0.036771,0.025889,9.841063,0.004397,0.004984,0.004564,0.025746,0.014892,0.039569,0.001477,SITTING
0.032635,0.015216,9.803153,-0.009738,0.008934,0.001653,0.019132,0.012973,0.056014,0.003312,SITTING
0.005417,0.011605,9.829436,0.001207,0.000867,-0.006582,0.010750,0.012862,0.060979,0.004565,SITTING
0.059190,0.023065,9.829418,0.002901,-0.006501,0.005370,0.011452,0.035194,0.030782,0.004207,SITTING
-0.023088,0.057491,9.857576,0.009789,0.009148,0.007650,0.019115,0.036874,0.055984,0.009176,SITTING
0.027705,0.037160,9.746922,-0.002458,-0.004565,0.003305,0.026128,0.025772,0.084212,0.004415,SITTING
0.018118,0.013198,9.845613,-0.001353,0.004139,0.002457,0.027339,0.015215,0.065101,0.006320,SITTING
-0.003509,0.008439,9.932696,0.002429,-0.003183,0.002204,0.014434,0.009298,0.016532,0.006440,SITTING
0.008171,-0.000192,9.801403,0.006707,0.002281,0.000405,0.024071,0.003403,0.061166,0.008946,SITTING
0.026102,0.035574,9.882476,0.001791,0.002836,-0.006286,0.019836,0.026357,0.026635,0.005580,SITTING
0.001534,0.043030,9.792863,0.013029,0.007506,0.004386,0.022638,0.041154,0.079717,0.007308,SITTING
-0.014561,-0.018122,9.794825,-0.000592,0.007069,0.001157,0.019261,0.008105,0.035706,0.004689,SITTING
-0.003702,0.043240,9.880483,0.000797,0.008989,-0.000651,0.033131,0.018777,0.051200,0.010471,SITTING
0.043043,0.037204,9.788416,0.007341,-0.006111,0.004664,0.027973,0.033027,0.062754,0.006301,SITTING
-0.010679,0.046013,9.808004,-0.009175,-0.004544,0.007123,0.025263,0.022042,0.042720,0.000603,SITTING
-0.026681,0.028336,9.721376,-0.006817,0.004271,0.006456,0.000653,0.010970,0.049803,0.008088,SITTING
0.033533,0.043532,9.703557,-0.006444,0.004076,-0.000065,0.023531,0.013847,0.055318,0.001392,SITTING
0.006542,0.047425,9.842190,0.004945,0.000859,-0.003434,0.036937,0.023483,0.066049,0.004920,SITTING
0.038352,0.017703,9.798256,0.008003,0.002984,0.002475,0.029416,0.013586,0.038188,0.004360,SITTING
0.034196,0.017782,9.859258,-0.003325,-0.008723,0.000298,0.014685,0.010788,0.034457,0.006856,SITTING
0.020790,0.030181,9.793225,0.002111,-0.006287,-0.008292,0.017847,0.020663,0.043527,0.001083,SITTING
0.016483,0.023996,9.832067,0.002308,0.001107,-0.000338,0.024463,0.031344,0.040646,0.005976,SITTING
-0.001041,0.070584,9.865224,0.004580,-0.000531,-0.001352,0.008050,0.016257,0.018154,0.004903,SITTING
0.022004,0.016882,9.859550,0.005301,0.004116,-0.000414,0.023685,0.027460,0.025996,0.004366,SITTING
-0.026654,0.019642,9.846701,0.006432,0.001294,-0.002030,0.015667,0.016814,0.051202,0.004982,SITTING
0.000725,0.027569,9.789155,-0.000037,-0.005293,-0.000175,0.029252,0.004068,0.025901,0.004469,SITTING
-0.020054,0.006476,9.774385,0.005242,0.009806,0.009498,0.011550,0.027792,0.006825,0.003586,SITTING
-0.009222,0.051402,9.729416,-0.001797,-0.002433,0.002309,0.015662,0.014450,0.031311,0.010896,SITTING
0.014133,-0.022717,9.817360,0.005976,-0.000966,-0.000993,0.021946,0.035632,0.024000,0.004035,SITTING
-0.001371,-0.003128,9.840327,0.008550,-0.001546,0.001465,0.028311,0.005719,0.050455,0.005954,SITTING
0.003186,0.011026,9.754486,-0.000501,-0.001226,0.006222,0.027054,0.021771,0.062237,0.006145,SITTING
0.055206,0.038449,9.827227,-0.005681,-0.004023,-0.004138,0.012524,0.028457,0.045460,0.005807,SITTING
0.005707,0.038510,9.819204,0.001096,0.003286,-0.002523,0.009766,0.033450,0.047301,0.007012,SITTING
0.010512,0.025044,9.877274,0.003598,0.001060,0.002975,0.020068,0.026155,0.026177,0.002958,SITTING
0.008424,0.032282,9.857660,-0.002707,-0.002923,0.010550,0.021807,0.009751,0.083394,0.000663,SITTING
0.021872,0.058967,9.703475,-0.005284,0.001282,0.007232,0.032696,0.019023,0.033996,0.004884,SITTING
-0.001657,0.024683,9.788070,0.003164,0.001124,-0.004469,0.015302,0.015977,0.069345,0.007565,SITTING
0.029978,0.034135,9.785492,0.005098,-0.003981,0.006795,0.006129,0.012685,0.053504,0.001753,SITTING
-0.010092,0.025603,9.861373,0.006342,0.009203,-0.004103,-0.009307,0.026069,0.032441,0.006663,SITTING
-0.009138,0.045864,9.777579,0.006160,-0.001978,0.006816,0.012469,0.031776,0.052737,0.005320,SITTING
0.006762,0.054638,9.823746,0.007622,0.004490,0.003451,0.019547,0.022938,0.048417,0.004388,SITTING
0.013461,0.048316,9.863846,0.004906,0.006470,0.005102,0.022330,0.012490,0.059054,0.005698,SITTING
0.005658,0.039236,9.804729,-0.000764,0.003494,0.000616,0.027060,0.025822,0.041462,0.010790,SITTING
-0.001520,0.041225,9.820066,0.001388,-0.005824,0.003697,0.015251,0.013867,0.066721,0.001921,SITTING
-0.007432,-0.005049,9.757032,-0.008085,0.010192,0.003936,0.023433,0.021584,0.042328,0.003996,SITTING
-0.015283,0.006524,9.712485,0.000201,-0.002512,0.004981,0.025878,0.019856,0.054146,0.009396,SITTING
-0.022676,0.016153,9.811035,0.000562,0.006191,0.007418,0.027395,0.016351,0.049260,0.007304,SITTING
0.027309,0.001218,9.798397,0.000445,-0.003438,-0.004634,-0.000638,0.025123,0.069031,0.003505,SITTING
0.024495,0.007204,9.759036,0.006186,0.004633,0.002769,0.007304,0.023437,0.039255,0.008988,SITTING
0.032210,0.010232,9.862233,-0.000705,-0.001293,-0.001876,0.013293,0.008064,0.082558,0.006190,SITTING
0.026951,0.027775,9.784086,0.008905,-0.001365,0.001405,0.012387,0.020118,0.074184,0.004272,SITTING
0.011645,-0.012532,9.784162,0.002483,0.008623,0.008814,0.027209,0.011559,0.024368,0.000470,SITTING
0.023451,0.020707,9.708874,0.006662,0.006943,0.008686,0.019677,0.024547,0.056060,0.002792,SITTING
-0.003769,0.043306,9.850291,-0.004228,0.010621,-0.000889,0.014281,0.020388,0.067829,0.000232,SITTING
-0.004843,0.002276,9.889882,-0.003301,-0.003163,0.002288,0.003358,0.022800,0.076771,0.007448,SITTING
-0.003284,0.040127,9.804040,-0.002228,-0.005101,0.006567,0.033068,0.019447,0.016451,0.006857,SITTING
0.007229,0.005561,9.824548,-0.001859,-0.006065,-0.002803,0.023454,0.028553,0.044525,0.004418,SITTING
0.020190,0.077591,9.779433,0.002328,0.003995,-0.005709,0.027419,0.026294,0.064891,0.003779,SITTING
-0.013527,0.036556,9.830400,0.006321,-0.002993,0.000890,0.000770,-0.000292,0.057258,0.003726,SITTING
-0.030288,0.022389,9.768601,-0.001610,0.001370,0.000016,0.024382,0.024834,0.037942,0.000396,SITTING
-0.007797,0.028907,9.773648,0.000785,-0.001862,0.001554,0.007963,0.027095,0.013034,0.004574,SITTING
0.005016,0.057496,9.791446,0.003976,0.000710,0.005769,0.015603,0.016018,0.042863,0.007302,SITTING
-0.013705,0.044178,9.758994,0.004603,0.003060,0.002481,0.007487,0.030013,0.040131,0.003361,SITTING
-0.003484,0.003587,9.811230,0.003196,-0.004000,0.004080,0.020976,0.032868,0.041997,0.001678,SITTING
-0.013772,0.012963,9.792356,0.000182,-0.000486,-0.004237,0.016081,0.028117,0.045764,0.003505,SITTING
0.019686,0.022318,9.675527,-0.002709,0.001369,-0.000579,0.025782,0.001140,0.082896,0.005135,SITTING
0.025842,0.043628,9.737097,0.000179,0.001141,0.002459,0.022846,0.003773,0.064906,0.003062,SITTING
0.022120,0.010955,9.851673,-0.007028,0.008579,0.001141,0.006210,0.019752,0.021637,0.004738,SITTING
-0.002713,0.013806,9.796268,-0.006106,0.007485,0.009543,0.024289,0.019543,0.051093,0.005977,SITTING
0.019805,0.033147,9.730951,0.000679,0.010674,0.000949,0.035604,0.034949,0.063160,0.002831,SITTING
0.012383,-0.012363,9.827453,0.005092,0.003514,0.003435,0.021831,0.027810,-0.006550,0.008917,SITTING
0.006984,0.018554,9.770765,0.004601,0.002005,-0.001606,0.027303,0.025213,0.054329,0.004602,SITTING
0.013638,0.046599,9.738810,0.001433,0.005889,-0.005237,0.034917,0.020986,0.046412,0.000648,SITTING
-0.000387,0.015377,9.864085,0.005444,0.003833,-0.002435,0.000418,0.027351,0.009415,0.003919,SITTING
0.037759,-0.011799,9.760811,0.000690,0.000491,-0.006315,0.017723,0.025585,0.037880,0.006818,SITTING
0.015432,0.028793,9.804918,0.000906,0.004677,0.001492,0.021503,-0.002954,0.035722,-0.000980,SITTING
0.016025,0.015699,9.775220,0.002590,0.003178,0.004961,0.023780,-0.001334,0.045189,0.005876,SITTING
0.004781,0.049155,9.765642,0.012389,-0.004865,0.007083,0.006791,0.012595,0.032426,0.004873,SITTING
0.006890,0.028481,9.759368,-0.001522,0.001547,0.002770,0.019172,0.014189,0.088924,0.003951,SITTING
0.017755,0.019752,9.812925,-0.005600,0.006345,0.004522,0.000036,0.021409,0.058427,0.005922,SITTING
-0.008785,0.008424,9.779645,0.002860,0.001518,0.000477,0.025452,0.030708,0.012041,0.007056,SITTING
0.013389,-0.014579,9.733791,-0.004137,0.006432,0.000037,0.000181,0.005716,0.049990,0.002212,SITTING
0.012095,0.035418,9.741936,-0.003572,0.006286,-0.000400,0.022171,0.030348,0.084864,0.006187,SITTING
0.013957,0.031129,9.781491,0.008275,0.006613,0.005930,0.031867,0.032219,0.047111,0.007171,SITTING
0.013231,0.001596,9.773651,0.002028,-0.005733,0.000096,0.020060,0.017853,0.034412,0.009846,SITTING
-0.006585,0.022275,9.865925,-0.002013,0.004309,0.005648,0.017786,0.020672,0.072448,0.006638,SITTING
0.013129,0.050204,9.834457,-0.003341,0.001436,0.003479,0.039795,0.019019,0.057743,0.010691,SITTING
-0.031043,-0.000064,9.744542,-0.004652,-0.003467,-0.000426,0.022180,0.044185,0.063955,0.008008,SITTING
0.037534,0.019160,9.744595,0.002637,-0.005060,0.003145,0.019820,0.033188,0.047314,0.004818,SITTING
0.009554,-0.013348,9.672180,0.003723,0.012239,-0.002015,0.037173,0.027243,0.069511,-0.000123,SITTING
0.013343,-0.016386,9.820529,0.004749,0.000451,0.002060,0.023226,0.032696,0.049815,0.003668,SITTING
0.038672,-0.014636,9.755548,-0.002767,-0.007077,0.004526,0.014486,0.033192,0.019552,0.001847,SITTING
0.028034,0.017977,9.782557,0.011210,0.003905,-0.005231,0.015189,0.024141,0.034956,0.006607,SITTING
0.025259,-0.002604,9.808238,-0.001055,0.007327,0.007073,0.016737,0.032006,0.060523,0.004705,SITTING
0.024752,0.024551,9.857687,-0.007622,0.001869,0.001978,0.036128,0.013012,0.089474,0.007456,SITTING
-0.015485,0.042197,9.897683,0.003875,0.006276,0.002606,0.027445,0.034713,0.027616,0.007587,SITTING
0.020873,0.036307,9.818181,0.011255,-0.000255,-0.003962,-0.001821,0.023011,0.031504,0.006594,SITTING
-0.003551,-0.004420,9.852105,-0.005886,-0.005749,-0.000403,0.022591,0.006056,0.052500,0.006221,SITTING
0.012889,0.027259,9.834700,0.005740,0.000947,0.001248,0.013408,0.016015,0.059432,0.005555,SITTING
0.021719,0.006114,9.787320,0.007143,0.009064,-0.000548,0.026193,0.015920,0.045614,0.001391,SITTING
0.015901,0.021832,9.783003,0.005313,0.000438,0.001741,0.018784,0.012472,0.045714,0.008486,SITTING
0.051658,0.034725,9.739552,0.003666,-0.004090,0.000601,0.035740,0.025269,0.022200,0.002674,SITTING
0.025254,0.044511,9.699185,-0.000873,0.000309,0.000524,0.018527,0.002495,0.064501,0.007450,SITTING
-0.020045,0.054661,9.825605,0.005714,0.003890,0.007175,0.018716,0.012782,0.024044,0.002500,SITTING
-0.015964,0.057214,9.856379,-0.005475,0.001231,0.005357,0.020723,0.014375,0.074203,0.004043,SITTING
0.021239,0.025408,9.848562,-0.003869,0.001103,0.004159,0.004434,0.027572,0.019267,0.001879,SITTING
0.015287,0.040764,9.781979,-0.002643,0.004101,0.003521,0.009091,0.021091,0.020410,0.005962,SITTING
-0.010579,-0.009881,9.785622,0.008730,0.001698,-0.007975,0.026183,0.006142,0.063983,0.010359,SITTING
0.015235,0.021837,9.806329,0.000934,0.001144,0.008209,0.020455,0.008001,0.032905,0.004600,SITTING
0.023971,0.015909,9.827833,0.006587,-0.001000,-0.006505,0.009156,0.021138,0.023879,0.006492,SITTING
-0.001643,0.012918,9.932853,0.000111,-0.002750,-0.002802,0.049844,0.012812,0.047929,0.001239,SITTING
0.018976,0.017858,9.765806,-0.000334,0.008683,-0.000592,0.025281,0.026432,0.040643,0.003024,SITTING
0.015497,0.006661,9.810760,0.001378,0.003042,0.000139,0.029666,0.016651,0.033265,0.004581,SITTING
0.020181,0.030361,9.784863,0.002778,0.001563,0.000064,0.023311,0.022792,0.065660,0.010964,SITTING
-0.004546,0.025996,9.825607,-0.011840,0.004578,-0.004770,0.041311,0.028473,0.056851,0.005888,SITTING
0.038164,0.025520,9.855988,-0.003703,-0.002005,0.003740,0.034718,0.034680,0.058228,0.003151,SITTING
-0.013593,-0.006810,9.889187,0.009441,-0.004542,0.000997,0.021375,0.032050,0.024974,0.003346,SITTING
0.016887,-0.000514,9.862219,-0.003258,0.000636,0.008357,0.035622,0.027047,0.063539,0.001998,SITTING
-0.018374,0.025755,9.734177,0.005019,0.002040,-0.003469,0.014099,0.021465,0.053077,0.002177,SITTING
0.025874,0.029707,9.765901,0.005600,0.006656,0.002812,0.036306,0.011331,0.080157,0.005621,SITTING
-0.012823,-0.020854,9.821727,-0.005256,-0.000462,-0.002842,0.021893,0.018305,0.059113,0.003960,SITTING
0.002160,0.001839,9.830601,-0.006511,0.003085,0.006504,0.018386,0.025685,0.035521,0.006678,SITTING
-0.008514,0.045870,9.798544,-0.006259,-0.003286,-0.003923,0.020794,0.031056,0.048792,0.005856,SITTING
0.021578,0.031219,9.841120,0.007071,0.000565,0.000626,0.038686,0.026968,0.069953,0.007044,SITTING
0.000033,0.020982,9.746139,0.002654,0.002634,0.004180,0.022421,0.029673,0.051099,0.006823,SITTING
0.031077,0.038428,9.844672,0.002191,0.001588,0.000103,0.001687,0.004868,0.081346,0.007016,SITTING
0.015378,0.028805,9.885882,-0.003933,-0.002149,0.007889,0.027218,0.017055,0.036722,0.005477,SITTING
-0.021534,0.034278,9.694230,-0.000416,0.008085,-0.008081,0.026271,0.009030,0.034589,0.010377,SITTING
0.009421,0.031220,9.674732,0.000856,-0.005575,-0.001522,0.027163,0.023060,0.040948,0.007562,SITTING
0.002852,-0.006296,9.747169,0.007135,0.000253,-0.005855,0.028874,0.015120,0.055834,-0.000083,SITTING
0.001855,0.016930,9.759224,-0.004031,-0.003063,0.000091,0.010323,0.030928,0.027480,0.007892,SITTING
-0.016966,0.032465,9.857971,0.001281,0.001707,0.003170,0.017655,0.010172,0.061919,0.002866,SITTING
0.035395,0.062842,9.708949,-0.002982,-0.001256,0.002594,0.020220,0.008787,0.051605,0.005924,SITTING
0.014961,0.038154,9.785148,0.007643,0.002036,0.008575,0.023498,0.020440,0.037314,0.003956,SITTING
-0.027972,-0.010042,9.749464,0.007450,0.006910,-0.003845,0.023390,0.013324,0.046043,0.005586,SITTING
0.050173,0.020259,9.674558,-0.007474,0.003244,0.000516,0.029980,0.010435,0.046956,0.003508,SITTING
-0.031217,0.030234,9.772777,0.006380,0.005772,0.002927,0.028247,0.009754,0.034998,0.004962,SITTING
0.007481,0.035608,9.845304,0.005133,0.001598,0.002815,0.007196,-0.000129,0.080039,0.006574,SITTING
-0.003462,0.032000,9.741067,0.007903,0.008669,-0.000195,0.011498,0.007491,0.077541,0.006839,SITTING
0.035812,0.027082,9.812109,0.000402,0.000298,0.004139,0.011876,-0.001352,0.033650,0.000286,SITTING
-0.014410,0.016621,9.839461,0.001735,0.002363,-0.004530,0.029818,0.034321,0.074902,0.005963,SITTING
0.031407,0.047342,9.793136,0.002832,-0.007166,-0.000224,0.031787,0.020323,0.023704,0.003520,SITTING
0.007210,-0.001919,9.880002,0.000920,0.004599,0.006630,0.010374,0.022611,0.019774,0.003636,SITTING
0.027893,0.067252,9.844193,0.002246,-0.002973,0.009259,0.016411,0.021036,0.046650,0.005910,SITTING
0.040308,0.033607,9.768718,0.008482,-0.003820,-0.006872,0.019352,0.034427,0.019472,0.011046,SITTING
0.020224,0.012820,9.800014,-0.008447,0.011007,-0.006697,0.021524,0.010217,0.072261,0.004840,SITTING
0.034931,0.024021,9.811748,-0.012853,0.004355,0.000470,0.040844,0.013938,0.079058,0.005558,SITTING
0.039231,0.042776,9.780776,-0.005343,0.004402,0.005705,0.014494,0.024017,0.041688,0.012682,SITTING
0.033401,-0.000880,9.774384,0.007802,0.007626,0.008067,0.014147,0.029434,0.032055,0.005705,SITTING
0.015939,0.061974,9.798930,-0.001388,0.009974,0.005528,0.031303,0.026936,0.061839,0.005986,SITTING
-0.010320,0.030144,9.754195,0.000617,-0.000840,-0.004886,0.017238,0.028397,0.049047,0.009541,SITTING
0.064180,0.032055,9.765220,0.002628,0.004825,0.006240,0.024269,0.009177,0.070639,0.003458,SITTING
0.048599,0.013879,9.779902,0.001772,-0.000006,0.000002,0.002030,-0.002465,0.045102,0.008696,SITTING
0.021237,-0.024079,9.849319,-0.007849,0.000217,0.004587,0.018772,0.036647,0.016011,0.003897,SITTING
0.013741,-0.012903,9.873818,0.004847,0.003849,-0.001955,0.004344,0.044688,0.062349,0.003468,SITTING
-0.018546,-0.005362,9.819216,0.000106,0.002892,0.005364,0.023780,0.021889,0.027882,0.006260,SITTING
-0.007561,0.052331,9.683132,-0.004537,-0.001030,-0.004113,0.037662,0.027793,0.053252,0.005470,SITTING
0.019339,-0.016012,9.715601,0.013307,0.002670,0.011499,0.012460,0.017215,0.050216,0.007562,SITTING
-0.002525,0.006130,9.816716,-0.005812,-0.006579,0.000546,0.016213,0.006841,0.051215,0.001230,SITTING
0.030139,0.027111,9.818692,0.002654,0.002676,0.001936,0.030206,0.036194,0.049509,0.009437,SITTING
0.023119,0.031227,9.799104,-0.002750,0.000395,-0.000411,0.022178,0.009899,0.049900,0.002819,SITTING
0.057083,0.037807,9.833048,-0.000843,0.002087,0.006501,0.002566,0.046635,0.027586,0.005784,SITTING
0.004838,-0.006678,9.774925,-0.000895,-0.007673,0.001353,0.011717,0.024966,0.065573,0.006869,SITTING
0.004757,0.062215,9.777978,-0.003838,0.000709,0.008872,0.010849,0.019454,0.076009,0.010020,SITTING
0.009929,-0.008101,9.788173,-0.000948,-0.003921,0.010113,0.008252,0.021886,0.077219,0.008031,SITTING
0.007124,0.029430,9.807760,-0.008332,-0.002666,-0.000716,0.031238,0.029236,0.065496,0.008512,SITTING
0.033373,-0.009310,9.839530,0.004646,0.006210,0.002406,0.017095,0.055781,0.073193,-0.000110,SITTING
-0.009792,0.040821,9.820316,0.002972,-0.006725,-0.002195,0.001854,0.020085,0.043387,0.003837,SITTING
0.027143,0.028141,9.776606,-0.000785,0.001583,0.001357,0.009396,0.035384,0.025725,0.003011,SITTING
0.038102,-0.009094,9.737756,0.002659,0.003262,0.000657,0.022090,0.040921,0.069137,0.004311,SITTING
0.008173,0.024202,9.776635,-0.007275,0.009753,0.003150,0.000194,0.029111,0.069124,0.000078,SITTING
0.025005,0.026163,9.823586,-0.005521,-0.001823,-0.007037,0.019334,0.023220,0.071997,0.012020,SITTING
0.006266,0.006904,9.745783,-0.002140,0.002151,-0.004419,0.028914,0.031337,0.079440,0.004881,SITTING
0.018529,0.042470,9.842249,0.000421,0.003603,0.008074,0.021292,0.001219,0.060326,0.000041,SITTING
0.014035,0.039374,9.815070,-0.009120,0.000751,0.000127,0.022246,0.024807,0.065282,0.002617,SITTING
0.044500,0.044553,9.892474,0.008255,-0.004870,0.001791,0.027413,0.023764,0.037007,0.003442,SITTING
0.017085,0.008311,9.783443,0.000551,-0.001726,0.002892,0.044396,0.023067,0.061295,0.008130,SITTING
0.011827,0.042351,9.796452,0.011452,-0.002542,0.003817,0.028016,0.024861,0.062153,0.001217,SITTING
-0.024186,-0.002914,9.792439,-0.005979,-0.001817,0.009302,0.031480,0.022107,0.020857,0.009268,SITTING
-0.007049,0.047408,9.782481,-0.004590,-0.004025,0.003941,0.047971,0.019435,0.047131,0.005559,SITTING
-0.017779,-0.003549,9.818024,-0.000703,-0.004792,0.013571,0.015959,0.011683,0.071492,0.004071,SITTING
-0.004159,0.059875,9.862562,-0.000512,-0.000753,0.002596,0.015367,0.035268,0.037012,0.003682,SITTING
0.014573,0.020365,9.720086,0.009167,0.007183,-0.001250,0.035429,0.032147,0.037910,0.003862,SITTING
-0.011041,0.031811,9.834790,0.002756,-0.003240,-0.001215,0.019264,0.015908,0.076617,0.003541,SITTING
0.010333,0.037897,9.822021,0.003296,0.005414,-0.009459,0.014324,0.025624,0.074406,0.005813,SITTING
-0.024445,0.010231,9.817585,0.004092,-0.001431,-0.004146,0.018552,0.026317,0.043292,0.007661,SITTING
0.019257,0.037306,9.783112,-0.000245,-0.003182,-0.000075,0.032985,0.020461,0.047054,0.005460,SITTING
0.011339,-0.003021,9.732553,0.004877,0.003718,0.011112,0.029684,0.024859,0.089177,0.001927,SITTING
0.000759,-0.005581,9.766901,-0.002314,0.000286,0.002026,0.027731,0.015077,0.061254,0.001849,SITTING
0.014449,0.043588,9.836493,0.004631,0.005283,0.005449,0.028346,0.020514,0.048719,0.004294,SITTING
0.042059,0.017608,9.702247,0.002473,0.007535,-0.002751,0.026038,0.002785,0.039042,0.004096,SITTING
0.010825,-0.027918,9.903728,0.004821,-0.004995,0.002568,0.021747,0.003424,0.033057,0.008352,SITTING
-0.003628,0.024901,9.720331,0.004084,0.008654,0.003338,0.003203,0.003643,0.083232,0.002375,SITTING
-0.009687,0.019044,9.748943,0.003891,0.000614,-0.000006,0.003231,0.022194,0.042231,0.007330,SITTING
0.024947,-0.026833,9.734105,-0.007976,-0.003006,0.003551,0.023894,0.022531,0.037570,0.013528,SITTING
-0.007500,0.018351,9.812608,-0.003478,0.005744,0.005507,0.033481,0.014627,0.105643,0.003435,SITTING
0.020923,0.020885,9.749179,-0.007095,0.001860,0.001705,0.015145,0.026774,0.062170,0.004999,SITTING
0.013143,0.056307,9.760386,-0.005379,-0.002295,-0.002705,0.006614,0.038038,0.050715,0.002508,SITTING
0.027520,-0.015716,9.804241,0.002733,-0.006906,-0.005405,0.011073,0.021946,0.062812,0.006255,SITTING
-0.015949,-0.014526,9.833351,0.001517,-0.004226,-0.004057,0.007919,0.011951,0.051678,0.002743,SITTING
0.029752,-0.021103,9.796178,-0.004733,-0.004202,-0.005876,0.026243,0.006185,0.024309,0.000624,SITTING
-0.018678,0.026024,9.767466,-0.002638,0.006480,-0.000022,0.037178,0.019983,0.095959,0.002858,SITTING
-0.008122,0.014586,9.725787,0.002061,0.000537,0.001224,0.024759,0.006764,0.070805,0.007056,SITTING
0.011584,-0.005653,9.815665,-0.005463,-0.002383,0.004958,0.034401,0.023737,0.052876,0.010854,SITTING
0.002545,0.000256,9.916980,-0.006828,0.005718,-0.004425,0.028767,0.013286,0.047116,0.005613,SITTING
0.008107,0.057036,9.804030,-0.006818,0.001788,0.005645,0.008619,0.044862,0.034010,0.006963,SITTING
-0.000180,0.033364,9.791015,0.006741,0.009791,-0.000697,0.017990,0.020690,0.044369,0.008069,SITTING
0.012513,0.003980,9.810428,-0.010782,0.000926,0.009534,0.029988,0.016868,0.005167,0.010818,SITTING
0.028675,-0.014313,9.758204,0.005704,0.002095,0.001976,0.014482,0.022669,0.046205,0.004315,SITTING
0.022298,0.003894,9.938344,-0.010689,-0.007393,-0.002318,0.028010,0.027777,0.076223,0.005531,SITTING
0.003570,-0.003693,9.834177,0.000808,0.006313,0.005985,0.020466,0.027875,0.065595,0.004942,SITTING
0.029086,-0.008883,9.768940,-0.003546,0.009305,-0.002528,0.019120,0.021200,0.037959,0.007003,SITTING
0.045864,0.001114,9.810954,0.002663,0.005932,0.005029,0.019782,0.021631,0.027870,0.004487,SITTING
0.003494,0.013863,9.794035,0.002586,-0.003948,0.004764,0.010197,0.010409,0.023729,0.005507,SITTING
-0.026094,-0.003817,9.786152,-0.001617,0.010918,-0.002048,0.034621,0.013461,0.063622,0.000273,SITTING
-0.018747,0.019462,9.752215,0.002643,0.006067,0.016020,0.004177,0.021001,0.075507,0.007118,SITTING
0.045741,0.030718,9.772079,0.011410,0.002071,0.003088,0.017831,0.017181,0.065052,0.004605,SITTING
0.023259,0.031442,9.843346,0.006058,-0.003448,0.012254,0.018682,0.028122,0.036072,0.006857,SITTING
0.007379,0.021771,9.701809,-0.004181,0.004910,-0.001334,0.021629,0.015953,0.041804,0.004604,SITTING
0.001315,0.002539,9.749980,0.001745,-0.001742,-0.001587,0.020518,0.002021,0.038067,0.003049,SITTING
0.046845,0.009046,9.805367,0.000103,0.003174,0.008227,0.008457,0.018816,0.064846,0.006978,SITTING
0.021722,0.056785,9.775943,0.001238,0.012271,-0.007003,0.013498,0.011161,0.066590,0.002006,SITTING
-0.006420,0.008312,9.829360,0.003998,-0.002632,0.001353,0.036756,0.017651,0.047215,0.004971,SITTING
0.004759,0.041447,9.772313,-0.000560,-0.001232,-0.003038,0.032791,0.027199,0.077581,0.000712,SITTING
0.001286,0.018090,9.823989,-0.000512,0.009507,0.000061,0.028643,0.023214,0.073563,0.007694,SITTING
0.012063,0.032339,9.892398,0.012842,0.009719,0.004352,0.018563,0.017543,0.040533,0.001133,SITTING
0.028285,0.016098,9.875098,-0.001381,0.004680,0.010178,0.042397,0.022511,0.064311,0.005668,SITTING
0.002084,0.011415,9.812705,0.003755,-0.005334,-0.002666,0.004344,0.024387,0.049289,0.008377,SITTING
0.024982,0.024455,9.707471,-0.008516,-0.001546,-0.002554,0.033648,0.022653,0.050697,0.001231,SITTING
0.037602,-0.000209,9.792154,0.002394,0.004930,-0.002595,0.025850,0.020784,0.038853,0.003959,SITTING
0.024099,-0.005531,9.797229,-0.003790,-0.001266,-0.006437,0.017531,0.013017,0.085305,0.001291,SITTING
0.006195,0.003546,9.876075,0.003590,0.006950,-0.001128,0.015308,0.019190,0.042932,0.001681,SITTING
0.037900,0.046643,9.834023,0.007129,0.004306,0.001295,0.013184,0.013966,0.058990,0.006174,SITTING
0.024706,-0.006383,9.783037,0.003707,-0.000526,-0.008147,0.017660,0.009149,0.068401,0.006552,SITTING
-0.000399,0.015873,9.818285,0.001555,-0.003602,-0.004931,0.012974,0.023687,0.072120,0.004826,SITTING
0.039040,0.022201,9.773614,0.009687,0.000596,-0.000879,0.022610,0.030575,0.056992,0.008229,SITTING
-0.025684,0.029858,9.838267,0.002500,0.004900,0.001304,0.021675,0.005851,0.031870,0.012638,SITTING
0.007241,0.001681,9.827078,-0.002974,-0.002025,0.003673,0.041076,0.020202,0.036443,0.006462,SITTING
0.019795,0.001312,9.656650,0.004914,-0.006415,0.004988,0.025085,0.022434,0.041549,0.006480,SITTING
-0.041338,0.006871,9.902971,-0.000126,0.002028,0.002621,0.021750,0.031930,0.050871,0.008287,SITTING
-0.017269,0.028820,9.769116,-0.000873,-0.004756,0.005096,0.031412,0.014632,0.041392,0.009505,SITTING
-0.009727,0.036431,9.838269,0.003082,-0.001708,0.007024,0.019287,0.021337,0.064662,0.006066,SITTING
0.010251,0.028406,9.808305,0.009717,0.009027,-0.002216,0.017007,0.008538,0.027766,0.009367,SITTING
0.024448,0.005165,9.844820,0.003745,-0.000168,0.003220,-0.001659,0.022648,0.012624,0.008165,SITTING
0.060251,-0.000449,9.806665,-0.004373,-0.002550,-0.001073,0.043377,0.006778,0.080784,0.005226,SITTING
-0.005090,0.025387,9.832732,-0.014744,-0.000678,0.001867,0.020258,0.004413,0.023483,-0.000464,SITTING
0.026544,0.034637,9.796444,0.002028,0.006091,-0.000707,0.028002,0.018708,-0.001676,0.004576,SITTING
0.034043,0.009522,9.748704,0.004725,0.001315,0.003362,0.026160,0.030295,0.075265,0.006129,SITTING
-0.009793,0.030305,9.759806,0.004274,-0.003170,-0.000643,0.012642,0.002992,0.034691,0.006864,SITTING
0.010960,0.017596,9.717928,-0.003359,0.003824,-0.006431,0.020720,0.006197,0.046138,0.006030,SITTING
-0.002476,0.004644,9.846078,-0.002055,0.002734,0.000102,0.007600,0.025951,0.102791,0.001267,SITTING
0.007519,0.006706,9.737244,-0.002545,-0.008765,-0.000294,0.022720,0.023289,0.056457,0.006506,SITTING
-0.001207,0.017507,9.724024,0.009282,0.001454,0.003075,0.041753,0.014491,0.046895,0.007006,SITTING
0.012808,0.029715,9.734354,0.002603,0.009046,0.004199,0.021251,0.033565,0.066707,-0.001505,SITTING
0.031624,0.023142,9.745972,-0.000159,0.003586,-0.004901,0.007489,0.013528,0.045499,-0.000134,SITTING
-0.007052,-0.021043,9.726181,0.003475,0.008355,0.002913,0.037436,0.009792,0.053530,0.001924,SITTING
0.044055,0.031551,9.721654,0.003608,0.003326,0.009732,0.008900,0.000113,0.044217,0.006089,SITTING
0.049148,0.003230,9.733607,0.001275,0.004394,0.004464,0.020586,0.021651,0.077228,0.009574,SITTING
-0.028374,0.023824,9.718067,-0.003357,0.002093,-0.007698,0.023902,0.003224,0.063743,0.004951,SITTING
-0.029003,0.032739,9.780624,0.006279,-0.001995,-0.002602,0.028462,0.017669,0.042879,0.000634,SITTING
-0.008341,-0.005544,9.732272,-0.003439,0.014369,0.000219,0.022683,0.032188,0.062364,0.008829,SITTING
0.026668,0.053462,9.786947,0.006340,0.003891,0.006155,0.016888,0.004819,0.042462,0.006900,SITTING
0.024797,0.022495,9.764039,-0.007478,0.004960,-0.004203,0.023865,0.024020,0.024715,0.003780,SITTING
-0.050383,0.043362,9.817115,-0.000766,-0.000518,0.002449,0.015287,0.038692,0.037497,0.009345,SITTING
-0.009514,0.020703,9.834188,0.002936,0.003340,0.003011,0.002958,0.026807,0.032616,0.008995,SITTING
-0.011216,0.021087,9.854979,-0.000913,-0.000271,-0.004665,0.027828,0.048359,0.051499,0.008695,SITTING
0.045639,0.022589,9.823129,0.000080,0.004933,0.011038,0.025741,0.023902,0.084240,0.000401,SITTING
-0.011669,0.065104,9.719363,-0.002964,0.002858,-0.001516,0.017991,0.015625,0.045809,0.003456,SITTING
0.001759,0.010961,9.763439,0.000747,-0.001279,0.003023,0.018323,0.023823,0.068817,0.008948,SITTING
0.030994,0.022774,9.861432,0.003417,-0.000225,0.002925,0.024419,0.041319,0.094554,0.003697,SITTING
0.004557,0.016686,9.710979,0.005500,0.004565,0.004119,0.008624,0.016429,0.024714,0.004420,SITTING
0.041862,0.018037,9.827923,-0.006901,0.006708,0.000607,0.015569,0.012683,0.079933,0.005373,SITTING
-0.007116,0.019749,9.790382,-0.001421,-0.007693,-0.004896,0.021150,0.025544,0.062301,0.005513,SITTING
0.033061,-0.036407,9.781902,0.006140,-0.001453,0.004846,0.020370,0.013326,0.024488,0.002648,SITTING
0.007931,0.042619,9.798444,-0.000095,0.003709,-0.003463,0.018726,0.036847,0.040000,0.006893,SITTING
-0.004403,0.009260,9.739335,0.003581,-0.007761,0.005334,-0.004298,0.012450,0.051435,0.010788,SITTING
0.021160,0.029382,9.925220,0.000039,0.005544,0.004626,0.008220,0.022072,0.044517,0.004900,SITTING
-0.015876,0.044189,9.873567,0.005966,-0.000665,0.002100,0.023885,0.021015,0.054034,0.009972,SITTING
0.008804,0.008031,9.920396,-0.000335,0.000560,-0.000278,0.012617,-0.007816,0.053745,0.005858,SITTING
0.020232,0.044938,9.772915,0.002096,0.000177,-0.005328,0.012296,0.016580,0.047116,0.005421,SITTING
0.044770,0.022599,9.737343,-0.005657,0.007789,-0.000121,0.035166,0.004953,0.033844,0.003489,SITTING
0.052826,0.028081,9.783194,-0.002203,0.000216,-0.004203,0.033693,0.021556,0.091134,0.005622,SITTING
-0.001642,0.012373,9.771399,0.005581,-0.004595,-0.003359,0.013183,0.029484,0.035230,0.001907,SITTING
-0.003041,0.017700,9.880848,-0.001772,-0.006967,0.002614,0.025223,0.036924,0.095420,0.001402,SITTING
0.005455,0.056075,9.809897,-0.005921,0.005043,0.004783,0.012326,0.029355,0.048346,0.003480,SITTING
0.005537,0.004818,9.812313,-0.002335,0.001261,0.002379,0.007000,0.020746,0.069377,0.009140,SITTING
-0.010233,0.031568,9.763422,-0.006193,0.008390,0.002264,0.029512,0.016846,0.057466,0.001309,SITTING
0.004944,0.040730,9.827232,0.002633,0.001127,-0.001410,0.013122,0.030767,0.055950,0.002840,SITTING
-0.026570,0.018165,9.787939,0.004042,0.003913,0.009076,0.008956,0.024691,0.062948,0.001551,SITTING
0.027967,0.015752,9.762111,0.003461,-0.006224,-0.018178,0.021039,0.013091,0.064128,0.008318,SITTING
-0.035155,-0.018751,9.725276,0.006811,0.005535,-0.005964,0.015164,0.014909,0.047893,0.002545,SITTING
0.005667,0.033556,9.779595,0.005889,-0.003041,0.000987,0.007571,0.013726,0.075857,0.004623,SITTING
0.038244,0.013918,9.781712,-0.007094,-0.001239,0.010770,0.017890,0.018915,0.039829,0.002942,SITTING
0.009745,0.049493,9.814612,-0.003155,0.010531,-0.002564,0.021376,-0.006907,0.085319,0.011502,SITTING
0.010534,0.004706,9.839311,0.001297,-0.006224,0.000824,0.013571,0.012116,0.049531,0.006717,SITTING
-0.005469,0.026262,9.746546,0.003297,0.005703,0.001039,0.003984,0.015820,0.020223,0.003738,SITTING
0.006147,0.045664,9.774350,0.007092,0.002870,0.008950,0.028988,0.017151,0.059003,0.004907,SITTING
-0.012820,0.001052,9.751004,0.002159,-0.004295,0.001598,0.005929,0.025253,0.009204,0.003486,SITTING
0.030234,0.012502,9.795234,0.006055,0.000774,-0.000599,0.027695,0.029572,0.027878,-0.000543,SITTING
0.024433,-0.021161,9.816281,-0.005833,-0.000790,0.002827,0.030531,0.028899,0.096973,0.009199,SITTING
-0.020325,0.044125,9.818204,0.001959,0.005932,0.011427,0.029226,0.028871,0.032115,0.003781,SITTING
0.088800,0.001980,9.797561,0.007709,-0.010305,-0.005001,0.019594,0.006147,0.066640,0.006090,SITTING
0.056243,0.041783,9.772013,0.003874,-0.000265,-0.005912,0.021889,0.014531,0.089427,0.007911,SITTING
-0.006117,0.059728,9.822604,0.007649,0.016600,-0.000836,0.042456,0.018055,0.034358,0.010997,SITTING
0.017248,0.001330,9.794083,0.001698,0.007714,0.001818,0.027674,0.025588,0.045139,0.006517,SITTING
0.017740,-0.010802,9.858439,0.004094,0.001563,0.000656,0.030114,0.024344,0.051610,0.005943,SITTING
0.016169,0.024849,9.785022,0.001657,0.009253,0.008404,0.020027,0.011427,0.073125,0.005076,SITTING
0.031549,0.018247,9.795532,-0.002624,-0.006058,0.014940,0.023867,0.010608,0.058227,0.003969,SITTING
-0.028746,0.033927,9.764872,-0.004201,0.001528,0.001660,0.016491,0.020026,0.057620,0.005928,SITTING
0.006496,0.011591,9.828800,-0.006357,0.007383,-0.006034,0.032961,0.011487,0.033107,0.004341,SITTING
-0.008348,0.014852,9.843747,-0.003172,-0.004512,-0.006249,0.027288,0.020761,0.038686,0.005680,SITTING
-0.014239,0.025274,9.839789,-0.000944,0.005834,-0.006100,0.015840,0.000673,0.052758,0.009407,SITTING
0.023237,0.033908,9.747516,-0.000632,0.002725,-0.007729,0.017679,0.018293,0.065896,0.006321,SITTING
-0.004649,0.015270,9.812312,0.003297,0.010655,0.006054,0.027511,0.018542,0.014619,-0.000501,SITTING
0.031238,0.038936,9.754954,-0.002037,0.005611,0.002296,0.013511,0.023221,0.044965,0.002050,SITTING
0.025523,0.045913,9.912944,-0.005197,0.001006,0.011446,0.024236,0.025537,0.035760,-0.000994,SITTING
0.021995,0.020242,9.735419,-0.004760,-0.002637,0.003582,0.004439,0.016946,0.091072,0.003957,SITTING
0.028578,0.017610,9.799585,0.006699,0.003218,-0.001143,0.013888,0.000002,0.042556,0.002015,SITTING
0.011312,0.020169,9.868919,0.006427,-0.001275,-0.000265,0.044916,0.019102,0.060125,0.005048,SITTING
-0.008211,0.038145,9.846700,0.001556,0.002751,-0.001400,0.041342,0.026525,0.034563,-0.000048,SITTING
0.014121,0.024394,9.837677,0.002290,-0.002248,-0.000089,0.007361,0.010599,0.067428,0.003222,SITTING
0.025973,-0.007042,9.822587,0.002798,0.018181,-0.004963,0.023288,0.021781,0.059390,0.004272,SITTING
-0.013588,0.014024,9.811177,0.003402,-0.000144,-0.001364,0.026056,0.017616,0.040479,0.002625,SITTING
-0.006482,0.020840,9.784595,0.013371,0.001365,0.001983,0.043216,0.016421,0.070984,0.007982,SITTING
0.009823,0.028763,9.786848,-0.002705,-0.004748,0.001756,0.037891,0.018226,0.008084,0.008216,SITTING
0.014838,0.037034,9.781833,-0.001257,-0.008662,0.004020,0.008329,0.015056,0.074425,0.002072,SITTING
0.019583,0.043951,9.788150,-0.006657,0.007951,-0.006602,0.016160,0.027040,0.052404,0.007896,SITTING
0.012254,0.002651,9.865764,0.002388,0.004232,0.002038,-0.003518,0.023082,0.053424,0.005254,SITTING
-0.009865,0.045749,9.860882,0.005524,0.001281,-0.003847,0.023413,0.012772,0.051214,0.006333,SITTING
0.023801,0.003598,9.835618,0.002577,0.000204,0.001041,0.025062,0.025852,0.045227,0.004974,SITTING
0.027863,0.016121,9.760779,0.003799,0.008332,-0.010304,0.031288,0.024531,0.059493,0.009483,SITTING
-0.003790,0.020904,9.895044,0.001777,0.000665,-0.002608,0.031656,0.018175,0.074324,-0.002162,SITTING
0.011212,-0.016245,9.820163,-0.000880,-0.003483,-0.001387,0.029968,0.016663,0.039591,0.003497,SITTING
0.001615,0.020082,9.777898,0.000964,0.000744,0.006409,0.020973,0.011932,0.021092,0.003571,SITTING
0.021515,-0.027773,9.821297,-0.001093,0.004496,-0.008089,0.022290,0.010778,0.067551,0.007691,SITTING
0.000372,0.010905,9.796443,0.006449,-0.004227,0.002180,0.022910,0.020917,0.056262,0.001808,SITTING
0.001151,0.025301,9.726084,0.001177,0.003003,0.001203,0.014077,0.014077,0.062352,0.003375,SITTING
-0.008922,0.010711,9.777361,-0.001458,0.006757,0.001416,0.008578,0.015342,0.065183,0.010376,SITTING
-0.006126,0.074437,9.779599,0.004353,-0.003196,0.002345,0.024480,0.020916,0.064661,0.009859,SITTING
0.033203,0.004246,9.830234,0.002084,-0.007635,0.002937,0.012526,0.015934,0.062562,0.003492,SITTING
0.018297,0.039657,9.799289,-0.001868,0.000437,0.008281,0.037087,0.037736,0.079854,0.010431,SITTING
-0.004677,0.010624,9.748536,0.002022,0.005100,0.000126,0.015193,0.021379,0.057025,0.003478,SITTING
0.057051,0.018157,9.782731,0.008635,0.003539,0.007304,0.009119,0.028487,0.094908,0.005810,SITTING
0.016089,0.030406,9.839019,0.013625,-0.006762,-0.003174,0.008996,0.002618,0.043142,0.000113,SITTING
0.017789,0.035303,9.768968,-0.009650,-0.000843,0.008147,0.001710,0.006527,0.053144,0.006251,SITTING
0.037878,0.000423,9.764609,-0.000700,0.008876,0.007824,0.022130,0.029916,0.088269,0.001803,SITTING
-0.012076,0.003796,9.818655,0.000914,-0.000659,0.001659,0.027354,0.015734,0.022786,0.002182,SITTING
-0.010438,0.029999,9.807489,0.011086,0.007398,-0.004978,0.018500,0.017254,0.039318,0.006205,SITTING
-0.004772,0.023347,9.897250,-0.002444,0.001450,-0.001763,0.023710,0.021903,0.093685,0.003973,SITTING
-0.003612,0.008450,9.822372,0.001817,-0.002619,-0.001324,0.014916,0.012848,0.028406,-0.001881,SITTING
0.019435,-0.003829,9.782153,0.008329,-0.004806,-0.001485,0.012045,0.003968,0.053258,0.002758,SITTING
-0.001222,0.022232,9.885296,0.004068,0.005471,0.001755,0.021899,0.032286,0.054377,0.008838,SITTING
-0.002570,0.021894,9.772146,-0.005700,0.002160,-0.000671,0.022469,0.012859,0.017062,0.003998,SITTING
0.023168,0.034397,9.769299,0.006098,0.004337,-0.002649,0.003928,0.017687,0.032120,0.002348,SITTING
-0.015445,-0.025542,9.754945,-0.008895,0.007227,0.000253,0.028011,0.033526,0.053255,0.011362,SITTING
0.013106,0.040538,9.822664,-0.001770,0.001950,0.002624,0.011372,0.029290,0.019047,0.005839,SITTING
0.010293,-0.014227,9.822145,0.002596,0.001634,-0.000949,0.015106,0.022480,0.036177,0.007839,SITTING
-0.025777,0.009209,9.730493,0.009826,-0.002393,0.007258,0.008608,0.009757,0.089991,0.001324,SITTING
0.007132,0.026685,9.823342,-0.001954,0.004791,0.003052,0.024384,0.017404,0.029045,0.004798,SITTING
0.051566,0.032706,9.774393,-0.000310,-0.004115,-0.005546,0.029940,0.034425,0.039371,0.006896,SITTING
-0.029646,0.003223,9.745155,-0.007740,0.004120,-0.006960,0.029621,0.025779,0.045511,0.008920,SITTING
0.001790,0.015618,9.774099,-0.001989,0.007180,-0.000404,0.030893,0.024016,0.008870,0.008024,SITTING
0.019946,0.032057,9.779974,-0.009148,0.004921,0.003633,0.026438,0.034962,0.031057,-0.000076,SITTING
0.029574,0.016411,9.759789,0.002828,-0.002905,0.001026,0.035379,0.021224,0.054976,0.003274,SITTING
-0.020644,-0.009334,9.782701,0.000628,-0.002331,-0.000904,0.040520,0.029737,0.035236,0.005635,SITTING
-0.024335,0.018070,9.763458,-0.002478,0.000399,0.000316,0.017727,0.013446,0.066217,0.001268,SITTING
0.022227,0.026762,9.832269,-0.004795,0.009589,0.003155,0.014988,0.028968,0.062068,0.008317,SITTING
-0.007708,-0.000710,9.760607,0.006767,0.000994,0.002667,0.016565,0.022074,0.044418,0.002132,SITTING
0.023377,0.041544,9.883252,-0.003089,-0.000141,0.010373,0.015538,0.011108,0.012989,0.001481,SITTING
0.015359,0.011416,9.780771,0.004442,0.001847,0.009802,0.026088,0.022697,0.038168,0.005019,SITTING
0.017342,0.004059,9.784173,0.003246,0.001217,0.003116,0.009798,0.017513,0.047361,0.002377,SITTING
0.021225,0.031880,9.856931,0.005260,0.009154,-0.003332,-0.000237,0.038973,0.032174,0.006117,SITTING
0.016188,0.015543,9.819621,-0.006609,0.003898,0.001281,0.040653,0.021728,0.031608,0.003687,SITTING
-0.002142,0.019322,9.743522,0.009485,0.010913,0.004715,0.020555,0.020330,0.065229,0.000869,SITTING
0.011501,0.004203,9.787250,-0.005513,-0.006312,0.000137,0.011898,0.020289,0.052898,0.003899,SITTING
0.009117,0.015019,9.787775,-0.006145,0.007067,0.003478,0.018164,0.036953,0.043020,0.010145,SITTING
0.004875,0.039272,9.819651,0.010529,0.006583,-0.003539,0.019623,0.026762,0.022347,0.005782,SITTING
0.025505,0.011612,9.769416,0.000492,0.001989,0.000946,0.023007,0.021811,0.043362,0.006566,SITTING
0.031935,0.025970,9.813496,-0.003511,0.010022,0.000360,0.008171,0.020625,0.053349,0.005859,SITTING
-0.020657,-0.012612,9.812530,0.005812,-0.001246,0.003104,0.036742,-0.004011,0.042331,0.004105,SITTING
0.031539,0.022843,9.932546,-0.004539,0.002350,-0.008995,0.036609,0.012034,0.052246,0.004357,SITTING
0.033750,0.006542,9.842208,-0.002055,0.009030,-0.004250,0.025753,0.021708,0.050393,0.004397,SITTING
0.028734,-0.012602,9.843857,-0.004432,-0.001977,0.002189,0.031767,0.016594,0.024789,0.004392,SITTING
0.013713,0.021044,9.821313,0.002963,0.004789,0.006832,0.020969,0.022609,0.051934,0.013538,SITTING
0.000829,-0.002963,9.869776,0.004618,0.009747,0.002438,0.024984,0.006729,0.068784,0.000468,SITTING
-0.000340,0.019042,9.796396,0.004783,-0.001601,-0.001743,0.011188,0.022343,0.028957,0.000864,SITTING
0.005870,-0.043582,9.785474,0.003704,-0.005334,0.000682,0.020280,0.006292,0.026982,0.008899,SITTING
0.005038,0.005622,9.858948,-0.000432,0.009427,-0.004700,0.054892,0.000216,0.051719,0.006209,SITTING
-0.016288,0.002632,9.793284,-0.002289,0.009229,0.001428,0.019094,0.011364,0.014663,0.005097,SITTING
-0.000646,0.012293,9.802538,0.004545,0.002050,0.003509,0.015529,0.012764,0.052406,0.002448,SITTING
0.013718,0.029075,9.836550,0.011597,0.001044,-0.003735,0.003599,0.020875,0.072403,0.008980,SITTING
-0.000179,0.035387,9.847257,0.002790,-0.001664,0.000792,0.038094,0.024026,0.016232,0.002967,SITTING
0.008692,-0.019038,9.833345,-0.009723,0.003613,-0.011216,0.019899,0.018662,0.098869,0.003559,SITTING
0.023400,0.009856,9.824407,0.003107,-0.001563,0.002033,0.023053,0.004576,0.045472,0.005090,SITTING
0.031752,-0.008730,9.699164,0.006863,0.006302,-0.005013,0.005478,0.013439,0.029748,0.006158,SITTING
-0.014265,0.048665,9.830733,0.003608,0.003594,-0.003174,0.013631,0.008836,0.039878,0.001053,SITTING
0.004791,0.026710,9.810595,-0.006778,0.003354,-0.006459,0.030321,0.032579,0.025391,-0.001947,SITTING
0.022317,0.050292,9.765380,0.001557,-0.011081,0.003324,0.023383,0.015644,0.015267,0.003334,SITTING
-0.025626,-0.003720,9.776109,0.007986,0.001112,-0.002429,0.024677,0.025584,0.062019,0.003790,SITTING
-0.022194,0.066956,9.799934,-0.002707,-0.003300,-0.002092,0.028121,0.020607,0.040295,0.000495,SITTING
0.046009,0.053533,9.835441,0.007205,-0.002032,-0.000665,0.012374,0.017343,0.032315,0.006192,SITTING
-0.001151,0.015837,9.706358,0.001998,0.003804,0.005359,0.018748,0.024797,0.027686,0.009846,SITTING
-0.004066,0.051187,9.804240,0.009317,0.004907,-0.007918,0.015882,0.009409,0.025483,0.007080,SITTING
0.039657,0.010512,9.779951,-0.002468,0.001623,-0.005309,0.014574,0.029996,0.063663,0.010093,SITTING
0.025836,-0.020656,9.831403,0.009046,0.006994,0.005865,0.010082,0.022357,0.028029,0.006502,SITTING
0.014167,0.035782,9.798392,0.005690,0.011406,-0.000350,0.023859,0.027772,0.060406,0.003814,SITTING
0.059293,0.016787,9.732109,0.000326,0.002500,-0.000483,0.020795,0.016289,0.037934,0.006960,SITTING
0.011803,0.016660,9.805234,0.008545,0.005411,0.004403,0.027972,0.016974,0.051380,0.003327,SITTING
0.010035,0.029520,9.813579,-0.008724,0.010056,-0.011738,0.019387,0.031333,0.049313,0.007467,SITTING
0.004204,0.021625,9.701273,0.005086,-0.006975,-0.004525,0.020568,0.021476,0.037978,0.007456,SITTING
0.012503,0.023797,9.908003,-0.000794,0.005659,0.006330,0.028333,0.024453,0.036747,0.001604,SITTING
0.002963,-0.007080,9.806074,0.000802,0.000598,0.006352,0.019568,0.015561,0.046478,0.005030,SITTING
0.036813,-0.017230,9.841978,-0.009384,0.000085,-0.000465,0.012389,0.024153,0.046132,0.005249,SITTING
0.000930,0.040052,9.760113,0.001978,0.004227,0.002926,0.022332,0.011236,0.048455,0.008978,SITTING
0.031498,-0.002505,9.812446,-0.003434,-0.007492,0.005803,0.010562,0.000849,0.024941,0.003534,SITTING
0.023971,0.038200,9.876762,-0.005473,0.010941,0.001835,-0.000819,0.012236,0.031874,0.003581,SITTING
0.018678,0.033328,9.747192,0.005389,-0.000872,-0.000651,0.016997,0.006185,0.044890,0.006798,SITTING
0.010704,0.026782,9.818696,0.011764,0.005612,0.000011,0.025109,0.013798,0.041360,0.002641,SITTING
-0.004324,0.032227,9.747232,0.003221,0.005230,0.002721,0.007290,0.011374,0.055100,0.002503,SITTING
0.036650,0.053169,9.779987,0.009525,0.001211,0.004045,0.053425,0.010589,0.094295,0.008617,SITTING
0.002616,0.033590,9.768167,0.006284,0.011548,0.005135,0.009947,0.017490,0.049009,0.002592,SITTING
0.008612,0.070174,9.907804,-0.006310,-0.001791,-0.007902,0.025750,0.028203,0.086658,0.002326,SITTING
-0.008469,-0.019953,9.761528,0.005277,0.000657,0.001946,0.018796,0.014614,0.054597,0.003315,SITTING
0.012799,0.019831,9.784558,-0.003670,0.003877,-0.005629,0.027157,0.028727,0.042424,0.007269,SITTING
0.036728,0.011334,9.860060,0.002345,0.008317,-0.002706,0.014383,0.021669,0.036850,0.007589,SITTING
0.030898,0.005078,9.775643,-0.000376,-0.001302,-0.008512,0.025342,0.020644,0.017653,0.004826,SITTING
-0.012392,0.039015,9.901757,-0.003135,0.011423,-0.003507,0.023524,0.033790,-0.022194,0.003576,SITTING
0.039174,-0.025282,9.764917,0.003039,0.001405,0.001619,0.015777,0.036156,0.052260,0.004550,SITTING
0.025591,0.057681,9.741067,0.000679,0.000036,0.006304,0.022067,0.025183,0.081939,0.007955,SITTING
0.039494,0.009400,9.833575,0.009919,-0.000312,0.001575,0.016734,0.013491,0.008855,0.007756,SITTING
-0.004542,0.033772,9.714232,0.006069,0.004946,0.001514,0.015523,0.016215,0.023904,0.003688,SITTING
0.025025,0.007214,9.851370,-0.006221,-0.005078,-0.008051,0.024632,0.023746,0.050577,0.005305,SITTING
0.010878,0.017096,9.849417,-0.005356,-0.004013,-0.006855,0.014913,0.003002,0.035205,0.007657,SITTING
0.027117,0.027799,9.791645,0.008217,-0.000260,0.003452,0.010084,0.033636,0.038630,0.007310,SITTING
-0.000416,0.005336,9.722502,-0.000889,0.000920,-0.006465,0.021789,0.037933,0.051668,0.002832,SITTING
-0.006794,0.024191,9.758004,0.004970,0.008007,-0.002349,0.006881,0.031596,0.026015,0.006381,SITTING
0.012329,0.001720,9.825739,0.007890,-0.000946,-0.001978,0.032070,0.008048,0.077907,0.005861,SITTING
0.022691,-0.031378,9.716755,0.008504,0.001289,0.002710,0.043191,-0.003486,0.034247,-0.003765,SITTING
0.001603,0.026312,9.765428,-0.001739,0.000022,0.001847,0.028361,0.020542,0.056901,0.007197,SITTING
0.015151,0.003267,9.775599,-0.000484,0.002683,0.004309,0.021845,0.031987,0.027779,-0.001532,SITTING
0.009112,0.024439,9.829357,-0.003982,0.004987,-0.004351,0.021154,0.020559,0.079267,0.004265,SITTING
0.033300,0.007978,9.850353,0.004775,0.005132,0.003479,0.028893,0.023917,0.057761,0.012611,SITTING
-0.007172,0.008960,9.828673,0.000640,0.003392,0.008766,0.022685,0.015640,0.052571,0.003589,SITTING
0.024732,-0.025280,9.789202,-0.002166,0.006805,-0.002540,0.041228,0.014388,0.059909,0.005199,SITTING
-0.028801,0.016369,9.868336,-0.006256,0.008278,-0.001602,0.004614,0.016295,0.046136,0.005222,SITTING
-0.003182,0.040170,9.808976,0.003599,-0.007605,0.002008,0.023637,0.016436,0.033470,0.007824,SITTING
-0.049797,0.037602,9.811197,0.009540,-0.007898,-0.000139,0.019499,0.021726,0.055585,0.008172,SITTING
0.034276,0.018030,9.706682,0.002300,-0.005025,-0.003115,0.019968,0.029664,0.063501,0.004792,SITTING
-0.025925,-0.013534,9.766328,-0.003550,0.002271,0.004334,0.006946,0.016739,0.015780,0.003496,SITTING
0.028956,-0.009717,9.892820,0.002703,-0.000898,0.005966,0.034116,0.019812,0.059883,0.011127,SITTING
-0.046754,0.006797,9.804838,0.000379,-0.002019,-0.005954,0.012006,0.018923,0.012139,0.006856,SITTING
0.026840,0.010101,9.752653,-0.006794,-0.002440,-0.005136,0.013673,0.005978,0.047609,0.005279,SITTING
0.009361,0.007984,9.825033,-0.004508,0.007238,0.007476,0.022349,0.021778,0.057049,0.006010,SITTING
0.006412,0.037338,9.786151,-0.005668,0.002989,-0.000300,0.029372,0.019483,0.068649,0.008998,SITTING
0.016924,0.018661,9.692127,-0.002979,-0.002188,0.005626,0.025128,0.018817,0.041256,0.003997,SITTING
0.004794,0.013356,9.876066,0.007778,0.000543,-0.008798,0.028184,0.009191,0.014235,0.003529,SITTING
0.000318,-0.011967,9.857620,0.006169,0.000083,-0.001599,0.019173,0.011774,0.027584,0.005014,SITTING
0.025711,0.016118,9.823771,-0.001965,0.003204,-0.006893,-0.000716,0.009223,0.026872,0.001703,SITTING
-0.015751,0.005065,9.885321,0.001110,-0.002514,-0.008752,0.031071,0.018298,0.095283,0.002786,SITTING
-0.001850,0.032123,9.748332,-0.001742,0.001083,-0.003079,0.024826,0.018057,0.057135,0.004270,SITTING
0.004294,0.014933,9.714097,0.003486,-0.003875,0.005401,0.037560,0.031732,0.046518,0.002676,SITTING
0.000941,0.033998,9.832598,-0.007247,0.000427,-0.002750,0.006155,0.027035,0.055054,0.001064,SITTING
0.053306,0.036372,9.804920,0.002058,0.006446,0.000541,0.017187,0.017850,0.057648,0.000643,SITTING
0.001154,0.043168,9.786471,0.007980,0.004601,0.006625,0.023871,0.010550,0.066592,0.000795,SITTING
0.017885,-0.006174,9.866389,-0.003307,0.005513,0.002165,0.012958,0.024053,0.088808,0.004271,SITTING
-0.012811,0.033473,9.871858,-0.008034,-0.003312,-0.001787,0.030475,0.033807,0.044711,0.000323,SITTING
-0.001089,0.022779,9.728201,0.005978,-0.003141,0.002288,0.035149,0.033390,0.051883,0.003833,SITTING
0.031291,0.000875,9.764599,0.005407,0.004163,0.013975,0.025975,0.013402,0.054324,0.004687,SITTING
0.048784,0.025497,9.741196,0.008472,0.001680,0.005391,0.052933,0.015792,-0.004795,0.003989,SITTING
0.027858,0.038975,9.816641,-0.010141,0.003540,-0.003519,0.017794,0.022414,0.045255,0.006934,SITTING
-0.007402,0.016082,9.898062,0.003573,0.004652,0.009271,0.027520,0.043603,0.003524,0.003761,SITTING
0.024906,0.014478,9.907776,0.000196,0.005825,0.008121,0.024658,0.008453,0.024389,0.009122,SITTING
0.020448,0.041007,9.756786,-0.006863,-0.004810,0.009391,0.016755,0.032715,0.053868,0.009215,SITTING
0.009117,-0.004914,9.843354,0.009007,0.002947,-0.003001,0.014001,0.003979,0.078741,0.004308,SITTING
0.007766,0.019748,9.883528,0.000248,0.008973,0.001881,0.013834,0.007924,0.048978,0.004088,SITTING
-0.003146,-0.005078,9.761999,-0.004701,0.003099,-0.000246,0.008786,0.028303,0.043610,0.001342,SITTING
0.032259,0.022608,9.817229,-0.000129,0.001362,0.003919,0.006943,0.016066,0.058265,-0.000351,SITTING
0.032200,0.069324,9.848623,0.001353,0.007216,-0.002698,0.014164,0.021119,0.080763,0.004526,SITTING
-0.001756,0.045745,9.750855,0.003191,0.007131,-0.001729,0.019245,0.017633,0.047734,0.001625,SITTING
0.056666,0.021763,9.852955,-0.006558,0.008413,-0.001553,0.021530,0.014619,0.022373,0.000006,SITTING
0.025053,0.006448,9.869646,0.011963,0.003778,-0.000086,0.030703,0.028051,0.046215,0.010605,SITTING
0.002228,0.010114,9.794392,0.007712,0.003480,0.009464,0.028557,0.008455,0.070950,0.009206,SITTING
-0.009813,-0.013291,9.720452,0.002161,0.004170,-0.005107,0.022537,0.029348,0.050890,0.007243,SITTING
-0.001643,-0.022437,9.803960,-0.002691,0.009624,0.004937,0.032224,0.025093,0.110127,0.002160,SITTING
0.024535,-0.011213,9.787184,-0.004837,0.003210,-0.001285,0.006324,0.027782,0.061338,0.006364,SITTING
0.007314,-0.004205,9.787215,0.001249,0.004931,-0.000796,0.015556,0.014517,0.026224,0.003716,SITTING
0.022400,0.041292,9.793042,0.003660,-0.009574,-0.000526,0.020184,0.013780,0.077789,0.003496,SITTING
0.013943,0.025548,9.812443,0.014457,0.009059,-0.001502,0.038023,0.023030,-0.009212,0.004710,SITTING
0.045956,-0.001329,9.940124,0.003916,0.005582,-0.002092,0.025350,0.010550,0.058598,0.000488,SITTING
0.012163,0.013672,9.761544,0.000247,0.002797,0.002896,0.024637,0.042613,0.095578,0.007511,SITTING
0.025116,0.029078,9.766892,-0.000992,0.004724,-0.001184,0.023694,0.025837,0.028826,0.005555,SITTING
-0.026341,0.022413,9.807221,0.012036,0.003988,-0.002673,0.017366,0.023376,0.023974,0.002004,SITTING
0.000829,0.029169,9.783221,0.002228,0.005363,-0.005486,0.026225,0.030405,0.066566,0.002332,SITTING
0.018881,0.026347,9.763279,0.004611,-0.003066,-0.007220,0.036616,0.032320,0.043615,0.009129,SITTING
-0.001127,0.007539,9.750125,-0.003706,0.002940,-0.005017,0.023857,0.021341,0.042067,0.005998,SITTING
-0.003872,0.017731,9.742122,-0.006131,0.006032,-0.000877,0.030123,0.035079,0.050781,0.009546,SITTING
-0.022200,0.028454,9.773114,0.003038,0.001339,-0.004642,0.021907,0.038422,0.073202,0.003318,SITTING
0.014962,0.013613,9.839783,0.004630,0.007955,-0.001032,0.038958,0.008036,0.013213,0.001383,SITTING
0.006972,0.026415,9.836809,0.000758,0.000806,-0.005116,0.024068,0.021742,0.030542,0.003147,SITTING
0.042158,0.022375,9.769027,-0.005791,0.005891,0.005282,0.012505,0.022247,0.030828,0.010086,SITTING
0.020369,0.020153,9.805076,0.004413,0.001891,0.000739,0.019166,0.025062,0.090261,0.004895,SITTING
0.050307,0.004647,9.772877,0.004107,0.008612,-0.004428,0.026385,0.021124,0.084492,0.007978,SITTING
0.023648,0.013407,9.730033,0.006336,0.005119,0.004089,0.024104,0.016145,0.032215,0.009204,SITTING
0.013110,0.028462,9.781125,-0.006195,-0.000868,-0.000687,0.010804,0.039694,0.069205,0.007817,SITTING
0.024085,0.016451,9.778867,0.007643,0.016984,0.010844,0.018143,0.002528,0.072229,0.005826,SITTING
-0.023886,0.013650,9.741427,0.004216,0.006777,0.003002,0.029254,0.009929,0.043941,-0.000668,SITTING
-0.014012,0.022546,9.746301,-0.007264,0.005707,0.011269,0.016344,0.008857,0.048444,0.007882,SITTING
0.001949,0.000729,9.845531,-0.003222,-0.011356,0.000638,0.024379,0.019195,0.049235,0.007145,SITTING
0.009346,0.011029,9.901543,0.008535,0.003462,0.001299,0.020667,0.013116,0.042774,0.007559,SITTING
0.012235,-0.026590,9.853499,0.004421,0.003673,0.004363,0.012745,0.009594,0.066275,0.007743,SITTING
0.000481,-0.004207,9.797114,0.006641,0.003107,-0.004175,0.028786,0.025494,0.017022,0.009181,SITTING
0.044064,0.031178,9.756572,-0.000251,0.002768,-0.001609,0.030536,0.009470,0.022787,0.003746,SITTING
-0.013338,0.023656,9.758765,0.001922,-0.001555,0.003855,0.029937,0.025456,0.069192,0.005018,SITTING
-0.021580,-0.000540,9.850674,0.011589,-0.006523,0.000681,0.027772,0.021554,0.068566,0.006525,SITTING
-0.014760,-0.007782,9.765530,0.003317,0.002521,-0.001186,0.015544,0.031596,0.069620,0.003523,SITTING
0.002061,0.014287,9.791868,0.004573,0.001944,0.005352,0.033548,0.013571,0.070399,0.008650,SITTING
0.014079,0.008187,9.808231,0.003662,-0.008675,-0.001209,0.026962,0.005744,0.036111,0.002301,SITTING
-0.007139,0.015653,9.884289,-0.005385,0.000023,-0.006354,0.019885,0.006383,0.053354,0.001602,SITTING
0.020148,0.015052,9.769884,0.004780,0.001717,-0.001307,0.022391,0.025646,0.052212,0.006154,SITTING
0.027039,0.008479,9.845339,0.001302,0.000989,-0.001474,0.028518,0.025140,0.067159,0.005724,SITTING
-0.025175,0.043865,9.793364,0.003061,-0.004559,0.004319,0.018287,0.011981,0.010677,0.004745,SITTING
0.040537,0.010868,9.812992,-0.002565,-0.003087,-0.002878,0.029743,0.030661,0.045072,0.009487,SITTING
0.014268,0.054069,9.825134,0.011305,0.001842,-0.004257,0.019452,0.013737,0.062938,0.005755,SITTING
-0.003453,0.025647,9.838058,0.005076,-0.003256,0.004015,0.018769,0.017050,0.060040,0.003351,SITTING
0.010973,0.021371,9.733535,0.003042,-0.003328,0.002775,0.009491,0.030239,0.054879,0.004263,SITTING
0.007449,-0.013120,9.874177,0.008428,0.008001,-0.003776,0.019023,0.026387,0.065870,0.006457,SITTING
0.020474,0.073910,9.799656,-0.003513,0.003887,-0.006800,0.016429,0.037701,0.025447,0.004340,SITTING
-0.010593,0.057399,9.759894,-0.000622,-0.002619,-0.000730,0.019210,0.029001,0.021959,0.006262,SITTING
0.015075,0.048478,9.835856,0.004004,0.010887,0.009636,0.015115,0.007897,0.061580,0.010355,SITTING
0.028580,0.018377,9.731630,0.002583,0.002554,0.008943,0.018857,0.011952,0.056535,0.001198,SITTING
-0.003973,0.024756,9.742462,0.003606,-0.003386,0.005459,0.010047,0.014412,0.053692,0.008705,SITTING
-0.000319,0.031345,9.866628,0.006327,0.000399,-0.003127,0.030111,0.028378,0.062092,0.002707,SITTING
0.011472,0.041439,9.782495,0.002912,0.000742,0.004305,0.012992,0.033996,0.043693,0.003195,SITTING
0.038908,0.023403,9.729214,-0.002320,0.010339,-0.004403,0.008554,0.042419,0.015648,0.005664,SITTING
-0.021177,0.015182,9.779422,0.003812,-0.001319,-0.007985,0.016513,0.016457,0.076520,0.005717,SITTING
0.024761,0.025694,9.890647,0.003558,-0.000625,0.003794,0.015448,0.004839,0.056140,0.008712,SITTING
0.013974,0.024465,9.861823,-0.001831,0.000330,0.005204,0.023919,0.026168,0.029482,0.001491,SITTING
0.014150,0.056857,9.874864,-0.000359,0.006542,-0.003298,0.037675,0.013007,0.035470,0.005180,SITTING
-0.006494,0.030868,9.792752,0.002707,0.000695,0.006307,0.015786,0.011315,0.035950,0.008160,SITTING
-0.006142,0.009349,9.830148,0.009547,-0.005611,0.003086,0.022556,0.038614,0.022819,0.006507,SITTING
0.032661,-0.012570,9.805658,0.004333,0.007261,0.001823,0.010368,0.010814,0.081247,0.005985,SITTING
-0.020395,0.010512,9.794459,0.006914,0.002926,0.001603,0.015686,0.014054,0.046923,0.003810,SITTING
-0.015764,0.001696,9.770767,-0.001318,0.001457,-0.002530,0.017291,0.023545,0.060598,0.001258,SITTING
0.023923,0.006181,9.880215,0.001308,-0.009302,0.008233,0.011299,0.013088,0.030722,0.001998,SITTING
-0.000530,0.009698,9.802442,-0.005634,-0.000159,0.007876,0.018426,0.020369,0.029434,0.000917,SITTING
-0.002159,0.013536,9.738646,-0.000245,-0.001674,0.000010,0.010530,0.019513,0.061314,0.004708,SITTING
0.032936,0.045172,9.780601,0.003995,-0.002945,-0.002159,0.014273,0.029765,0.033021,0.001393,SITTING
-0.006768,0.010989,9.815472,0.004990,0.000016,-0.005677,0.020577,0.000893,0.045170,0.007963,SITTING
0.024347,0.002072,9.769111,0.002033,-0.005287,0.000445,0.003978,0.007671,0.073364,0.003203,SITTING
0.045878,0.039951,9.734926,-0.004815,0.000354,0.001710,0.009267,0.011090,0.066028,0.005185,SITTING
0.009053,0.002091,9.727372,0.002947,0.006919,0.004776,0.006963,0.012573,0.063364,0.006550,SITTING
0.027340,0.014622,9.770200,0.006168,0.003564,0.010600,0.017806,0.017836,0.068781,0.003205,SITTING
0.065677,0.013278,9.850733,-0.000080,-0.005472,-0.008267,0.018586,0.020299,0.060510,0.007317,SITTING
-0.015619,0.028442,9.801621,0.003484,-0.002965,0.004632,0.011059,0.026969,0.072133,0.009889,SITTING
-0.017633,0.031942,9.791883,0.008899,0.007735,0.012141,0.017290,0.027361,0.071643,0.003786,SITTING
-0.028332,0.014128,9.847445,0.000644,0.002749,0.000683,0.019204,0.011090,0.049266,0.004064,SITTING
0.007818,0.024573,9.859901,-0.004301,0.013006,-0.001085,0.027260,0.020098,0.043629,0.006393,SITTING
0.002166,-0.010962,9.764943,0.007838,-0.001738,0.010476,0.010845,0.018436,0.040969,0.011293,SITTING
0.013903,0.040664,9.811177,-0.008475,-0.003444,0.003885,0.021337,0.023736,0.041681,0.001640,SITTING
0.029882,0.033647,9.767349,0.014045,-0.007371,0.003104,0.029425,0.017682,0.093533,0.006089,SITTING
0.007557,0.043740,9.903844,0.000717,0.005402,-0.004431,0.021163,0.024673,0.040579,0.002033,SITTING
0.010131,0.008222,9.731372,-0.004342,0.002879,0.004510,0.020414,0.014280,0.071332,0.005420,SITTING
-0.029855,0.032681,9.779159,0.001069,-0.002828,0.009983,0.010649,0.017696,0.024691,0.002361,SITTING
-0.016127,0.013801,9.798010,-0.004590,0.000525,-0.002114,0.014130,0.020238,0.055283,0.008358,SITTING
0.032058,0.032946,9.789351,-0.007486,0.001743,-0.005619,0.032863,0.035941,0.029537,0.009177,SITTING
-0.008712,0.001023,9.857007,0.002875,0.010222,0.004466,0.029017,-0.000803,0.076588,0.000199,SITTING
0.050511,0.029490,9.850188,0.004167,0.004046,0.003994,0.019653,0.010938,0.025437,0.005960,SITTING
0.006843,0.022616,9.807995,0.004173,0.011356,-0.002220,0.025685,0.034889,0.043977,0.007295,SITTING
0.028879,0.009256,9.767942,-0.003458,0.001281,0.003252,0.032428,0.013922,0.072669,0.007655,SITTING
-0.015841,0.028427,9.799352,0.002768,-0.000181,0.004071,0.000434,0.010981,0.039957,0.009088,SITTING
0.009821,0.024991,9.744490,0.005032,0.005634,-0.000805,0.039603,0.012381,0.059749,0.005417,SITTING
0.017227,0.034662,9.743972,0.007596,0.004947,-0.002286,0.024009,0.025610,0.059686,0.003791,SITTING
0.034307,-0.040223,9.824142,-0.001472,0.006637,0.006362,0.015487,0.020540,0.045137,0.003790,SITTING
0.011289,0.018668,9.828545,-0.000589,0.009239,0.000211,0.010731,0.010048,-0.000848,0.006703,SITTING
-0.006395,0.023942,9.787299,0.001188,0.003852,0.008092,0.023685,0.012672,0.028015,0.001638,SITTING
-0.005178,0.003077,9.767351,-0.001134,0.008678,-0.000390,0.021708,0.020227,0.076826,0.002422,SITTING
0.000310,0.027753,9.845919,0.008473,0.003530,-0.001761,0.022105,0.013627,0.047915,0.000714,SITTING
-0.023407,0.027605,9.830563,0.003486,-0.002945,-0.002325,0.032783,0.016825,0.008172,0.006872,SITTING
0.018074,0.012286,9.700505,0.010999,0.001795,0.004125,0.028909,0.036588,0.043027,-0.000130,SITTING
0.017907,0.003852,9.849378,0.000429,0.003545,0.006449,0.000361,0.033976,0.019505,0.002443,SITTING
-0.019080,0.045769,9.812261,0.006984,0.009110,0.000240,0.027762,0.028033,0.024721,0.007574,SITTING
0.018733,0.037161,9.799317,-0.002551,0.004127,-0.006739,0.030011,0.012880,0.081269,0.007304,SITTING
0.032472,0.038168,9.791883,-0.004653,0.005148,-0.004718,0.036640,0.018298,0.060603,0.008041,SITTING
-0.022791,0.050355,9.737695,0.004309,-0.005849,0.008175,0.029406,0.023502,0.072708,0.008932,SITTING
0.006380,-0.019889,9.738231,0.003316,0.010665,0.000427,0.009522,0.027408,0.020184,0.003602,SITTING
0.036955,-0.003467,9.733209,0.004564,0.001764,0.001834,0.026530,0.023854,0.040846,0.003661,SITTING
0.016654,0.029165,9.863769,-0.002727,0.006123,0.001381,0.006579,0.033164,0.035677,0.008243,SITTING
-0.012280,0.010868,9.870197,0.002954,0.004709,-0.002344,0.003586,0.003436,0.012593,0.001917,SITTING
0.021677,-0.016612,9.742686,0.000843,0.002039,-0.000174,0.005955,0.030233,0.053217,0.001123,SITTING
0.004840,-0.024637,9.788685,0.007697,0.012027,-0.002690,0.024371,0.026799,0.046602,0.008906,SITTING
0.007829,0.057527,9.858868,0.005613,-0.000640,0.002631,0.032437,0.018003,0.044078,0.007990,SITTING
0.016628,0.018269,9.795961,0.002138,-0.008621,0.003773,0.003709,0.036905,0.047829,0.002318,SITTING
0.020448,0.000688,9.807428,-0.002409,0.001067,-0.002403,0.015571,0.017707,0.093102,0.001388,SITTING
0.028966,-0.030445,9.846975,0.001916,-0.002264,0.000890,0.020905,0.035740,-0.006586,0.000442,SITTING
0.010661,0.030463,9.810321,0.000244,-0.000498,0.001303,0.026822,0.030984,0.083640,0.000523,SITTING
0.004364,0.015245,9.799727,-0.000779,-0.000128,0.010980,0.028580,0.012215,0.053132,0.005534,SITTING
0.014450,-0.001142,9.830707,-0.005483,-0.000497,0.001561,0.029174,0.011869,0.041807,0.002670,SITTING
-0.005835,0.004109,9.786569,0.002405,0.004818,0.005727,0.014711,0.018932,0.006388,0.002802,SITTING
0.012910,0.012949,9.839451,0.010822,0.005208,0.002006,0.028553,0.007056,0.058613,0.012538,SITTING
-0.002625,0.033635,9.786054,-0.001787,0.004645,-0.008061,0.018682,0.018530,0.052994,0.000785,SITTING
-0.027932,0.016934,9.812494,0.003436,-0.002363,0.004517,0.024348,0.024498,0.062087,0.008233,SITTING
0.043684,0.022808,9.771235,0.004319,-0.000906,0.002103,-0.002059,0.033749,0.042634,0.003864,SITTING
-0.020265,0.038460,9.851748,0.006535,-0.007137,-0.007070,0.023729,0.023199,0.049688,0.007418,SITTING
0.035632,0.046928,9.771106,-0.004052,-0.001358,0.000550,0.008480,0.014212,0.043973,0.005258,SITTING
-0.014317,0.013057,9.800515,-0.001927,-0.005853,-0.007124,0.017996,0.011511,0.045116,0.008198,SITTING
0.004507,-0.012593,9.843962,-0.003305,0.003692,-0.001225,0.023619,0.026459,0.046137,0.008066,SITTING
0.017828,0.016156,9.830742,0.002625,0.005811,0.004444,0.018503,0.035074,0.065408,0.001973,SITTING
0.025488,-0.006855,9.728179,0.002539,-0.002512,-0.004524,0.033742,0.032224,0.026170,0.000051,SITTING
0.030849,-0.012243,9.845420,-0.001580,0.007074,0.018915,0.028784,0.016749,0.028500,0.005029,SITTING
0.039289,-0.020123,9.754138,0.009966,-0.002827,0.003363,0.033821,0.014296,0.052241,0.007295,SITTING
-0.011352,0.006191,9.738375,-0.000379,0.004170,-0.002039,0.024856,0.005245,0.046637,0.005929,SITTING
-0.003835,0.038579,9.826024,-0.003003,-0.003243,0.011170,0.021127,0.016859,0.034718,0.006477,SITTING
-0.005242,0.033514,9.771450,0.000163,-0.003256,0.001081,0.015794,0.000624,0.033887,0.002744,SITTING
-0.007015,0.024131,9.805377,-0.006094,-0.000551,0.005121,0.034000,0.000009,0.048625,-0.000637,SITTING
0.020839,0.013989,9.806231,0.000982,0.008689,0.003866,0.012207,0.026490,0.056967,0.006502,SITTING
0.009609,0.043030,9.778903,-0.008514,0.006981,-0.006156,0.004017,0.031583,0.080582,0.000640,SITTING
-0.020271,0.014588,9.724480,-0.010888,0.008151,-0.010861,0.026186,0.029822,0.039231,0.003614,SITTING
-0.011682,0.018244,9.867124,0.011404,0.006728,-0.009934,0.015749,0.023791,0.070571,0.007037,SITTING
0.042835,0.038160,9.737866,-0.003455,-0.003242,0.002978,0.032026,0.028902,0.080864,0.006744,SITTING
-0.003010,0.046716,9.784243,0.006539,-0.003321,0.006742,0.025381,0.031751,0.058256,0.000260,SITTING
0.020489,0.017562,9.807205,0.009199,0.004167,0.005580,0.020818,0.012774,0.046932,0.008814,SITTING
-0.010228,0.011348,9.763811,-0.000190,0.001295,0.006038,0.039641,0.040998,0.073444,0.006172,SITTING
-0.015771,0.018984,9.847488,-0.000747,0.006114,0.007798,0.014555,0.009714,0.064457,0.005148,SITTING
0.012925,0.020041,9.756653,-0.010288,0.000567,-0.001041,0.009351,0.007978,0.068967,0.003851,SITTING
0.021018,0.002185,9.743457,0.010638,0.003668,-0.000965,0.021348,0.022559,0.049731,0.008143,SITTING
0.026475,0.031403,9.793497,-0.004487,0.008060,-0.000179,0.025378,0.002915,0.065520,0.006212,SITTING
-0.002449,0.004107,9.773979,-0.006747,0.000186,0.004771,0.034506,0.030095,0.064024,0.013205,SITTING
0.030321,0.035761,9.816076,-0.003673,0.011480,0.005581,0.032834,0.013043,0.080625,0.007863,SITTING
0.009289,0.039763,9.785021,-0.012916,0.003613,0.000094,0.015083,0.017016,0.089841,0.004991,SITTING
0.033493,0.010991,9.771008,-0.003864,0.002399,0.002781,0.024566,0.014557,0.036711,0.007264,SITTING
0.050843,0.006652,9.835952,-0.003603,-0.005526,0.000979,0.030855,0.023737,0.004064,0.001212,SITTING
0.002201,0.020203,9.826518,-0.000202,0.006501,0.004214,0.041515,0.019693,0.019899,0.004440,SITTING
-0.000770,0.033782,9.753569,0.006774,0.000558,0.007051,0.003725,0.014203,0.068974,0.001489,SITTING
-0.013843,-0.009599,9.768599,-0.003578,-0.004661,0.001956,0.025760,0.002247,0.071223,0.004997,SITTING
0.013875,0.017502,9.798746,-0.005721,0.013200,-0.001820,0.010610,0.014464,0.061458,0.007150,SITTING
-0.014287,0.026030,9.820329,0.002363,0.005733,0.003324,0.036141,0.011253,0.053605,0.005836,SITTING
0.008479,0.034762,9.793372,0.000157,0.006687,-0.007042,0.019751,0.012249,0.058147,0.008922,SITTING
0.021452,0.031799,9.804884,-0.000560,0.000264,-0.000078,0.018482,0.006746,0.014827,0.009261,SITTING
0.040951,0.039847,9.845513,0.004292,-0.002398,-0.003459,0.028463,0.017904,0.051888,-0.000648,SITTING
0.022168,0.018475,9.801600,-0.001568,-0.004314,0.013432,0.034393,0.029200,0.042799,0.004942,SITTING
-0.007926,0.011824,9.810494,0.005546,-0.000664,0.005232,0.019503,0.028020,0.059961,0.005184,SITTING
-0.046229,-0.019193,9.711296,-0.006555,0.006611,0.009180,0.014783,0.021883,0.038195,0.006285,SITTING
0.000588,0.012816,9.781845,-0.000778,0.001925,-0.002291,0.025526,0.034780,0.053712,0.009377,SITTING
0.010547,0.032073,9.834109,-0.003854,0.011789,-0.002204,0.015054,0.008618,0.069524,0.011647,SITTING
0.005519,0.024880,9.813538,-0.003542,-0.003061,0.003152,0.030586,0.019412,-0.002482,-0.000084,SITTING
-0.008175,0.021070,9.838948,-0.000702,-0.002466,0.004092,0.007074,0.015037,0.048915,0.001514,SITTING
0.027783,0.020924,9.763209,-0.004234,-0.000767,0.012671,0.039447,0.026384,0.031522,0.004323,SITTING
0.010895,0.023097,9.859086,-0.000058,0.004321,0.003484,0.023742,0.031502,0.031319,0.006463,SITTING
0.013766,0.000857,9.827636,0.005312,-0.000834,0.007241,0.029030,0.004840,0.076624,-0.002865,SITTING
-0.030109,0.019540,9.789708,0.001502,-0.002689,-0.002730,0.007182,0.008129,0.040880,0.005330,SITTING
0.028870,0.024894,9.804840,0.003163,0.000638,0.003323,0.019634,0.034420,0.010573,0.010587,SITTING
0.044891,-0.018679,9.780739,0.002093,-0.006670,0.001605,0.002443,0.028336,0.038955,0.008852,SITTING
0.047413,0.038298,9.781870,-0.004242,0.006996,-0.004907,0.007785,0.016196,0.056471,-0.000218,SITTING
0.042712,0.009923,9.915683,-0.000794,0.002675,0.005222,0.047157,0.048529,0.080786,0.001264,SITTING
0.022111,0.031724,9.752602,0.003204,0.002312,-0.002751,0.016607,0.032484,0.054950,0.002449,SITTING
0.022441,0.028976,9.829356,-0.001062,0.005881,-0.002544,0.016052,0.026389,0.054949,0.000150,SITTING
0.044819,0.017277,9.789225,-0.005986,0.005692,0.001346,0.019708,0.019634,0.019205,0.006151,SITTING
0.018626,-0.002353,9.846491,0.006533,-0.002322,0.000310,0.037000,0.022334,0.059657,0.007465,SITTING
0.039523,0.005743,9.752652,-0.002592,-0.005585,0.001947,0.017529,0.019809,0.048959,0.006496,SITTING
-0.026660,0.030439,9.811192,-0.003619,-0.002893,-0.002707,0.021208,0.028338,0.080265,0.006491,SITTING
0.013576,-0.011783,9.824073,0.004013,0.011599,-0.006530,0.013122,0.029149,0.030663,0.005071,SITTING
0.052380,0.019260,9.836460,0.003865,0.005528,0.002500,0.025547,0.006664,0.071130,0.005240,SITTING
0.007943,0.010290,9.795259,0.010329,0.002625,-0.003118,0.021600,0.009411,0.039960,0.005638,SITTING
0.004433,0.054818,9.772714,0.003516,-0.001488,0.003623,0.015319,0.028205,0.060698,0.004802,SITTING
-0.000210,0.017658,9.772008,0.004813,-0.007285,0.011658,0.008040,0.013562,0.096154,0.006332,SITTING
0.013276,0.013113,9.817047,0.001275,0.007296,0.005234,0.013203,0.005944,0.048679,0.009965,SITTING
0.016931,0.011642,9.856950,0.010257,-0.002974,-0.002513,0.016098,0.026359,0.030756,0.006951,SITTING
0.039883,0.030033,9.828477,0.001097,0.011489,-0.000236,0.003200,0.013122,0.043502,0.007619,SITTING
0.012948,0.021895,9.772020,-0.000070,-0.007103,-0.006191,0.016497,0.024744,0.034598,0.004977,SITTING
0.005213,0.008026,9.784679,-0.001878,0.001422,0.000220,0.021067,0.041992,0.018703,0.004488,SITTING
0.028066,0.034383,9.755084,0.005727,-0.004067,0.003938,0.021539,0.008382,0.061294,0.006381,SITTING
-0.014188,0.016867,9.680712,0.002746,-0.008023,-0.004336,0.030337,0.028314,0.045710,0.005420,SITTING
0.000299,0.008790,9.752128,0.005937,0.010498,-0.002326,0.015095,0.021527,0.049402,0.003321,SITTING
0.034694,0.009522,9.830913,-0.001350,0.003272,0.008428,0.004570,0.027592,0.065069,0.006869,SITTING
-0.004146,0.026518,9.892494,0.002385,-0.002034,0.001307,0.024191,0.015976,0.066427,0.003840,SITTING
0.003124,0.027517,9.720347,-0.002155,0.010605,0.004289,0.023174,0.014628,0.045781,0.000438,SITTING
-0.019399,0.027053,9.740858,0.002560,-0.001038,-0.001513,-0.000114,0.019480,0.061916,0.006714,SITTING
0.011429,0.022208,9.798651,-0.004828,0.003862,0.001764,0.002051,0.021962,0.063509,0.005187,SITTING
-0.002994,0.020398,9.777266,0.000232,-0.001966,0.001616,0.009810,0.016785,0.013301,0.003778,SITTING
0.023383,-0.005429,9.810016,-0.004949,0.002638,-0.006199,0.018135,0.008614,0.039411,0.003072,SITTING
0.027086,0.058646,9.770270,0.004669,0.004491,0.005368,0.016356,0.029636,0.049626,0.002334,SITTING
-0.013693,0.007711,9.864605,0.001267,-0.002788,-0.001365,0.017479,0.010459,0.044698,0.001459,SITTING
0.018037,0.028959,9.791811,0.004270,0.000231,-0.006932,-0.001233,0.016795,0.044373,-0.002056,SITTING
0.004612,0.026286,9.841238,0.002820,0.004388,0.016087,0.026269,0.026417,0.068138,0.007286,SITTING
-0.020858,0.033580,9.805705,-0.005406,0.003159,-0.001435,0.012437,-0.004257,0.063180,0.002772,SITTING
-0.012185,-0.009381,9.873580,-0.000687,0.004598,-0.001279,0.015754,0.027688,0.070512,0.004339,SITTING
0.048094,0.034005,9.803563,0.001673,0.005611,0.001695,0.022269,0.011363,0.036456,0.001484,SITTING
0.016577,0.013154,9.820016,-0.001528,-0.003643,-0.007615,0.016928,0.039088,0.092748,0.003511,SITTING
-0.002665,0.023268,9.846233,0.002598,0.007075,0.001675,0.016515,0.021727,0.012529,0.005217,SITTING
0.008703,0.010554,9.903044,0.006239,-0.003198,0.010366,0.009458,0.036260,0.045238,-0.000308,SITTING
0.003334,0.038625,9.821958,-0.003744,0.001272,0.009025,0.038062,0.033683,0.086009,0.007319,SITTING
0.046689,0.036776,9.773475,0.007568,-0.001556,-0.007129,0.020970,0.002316,0.018356,0.005522,SITTING
0.032088,0.019908,9.873327,0.001927,0.007115,0.004723,0.036982,0.026122,0.038787,0.003319,SITTING
-0.016328,0.049516,9.776122,0.002749,0.002321,-0.001565,0.030874,0.019747,0.041212,-0.001134,SITTING
0.001271,0.015098,9.805761,0.002872,0.000995,-0.000030,0.018217,0.025472,0.048018,0.003284,SITTING
0.019539,0.050555,9.807251,0.005707,-0.002704,0.008508,0.023038,0.012550,0.053072,0.004601,SITTING
0.009868,0.006997,9.883336,0.001495,-0.001965,-0.004933,0.028268,0.017641,0.044065,0.004332,SITTING
-0.003837,-0.014237,9.844450,0.003888,-0.001390,0.007825,0.009804,0.023389,0.019181,0.009182,SITTING
0.005975,0.027427,9.773629,0.002164,0.000919,0.002128,0.017128,0.016114,0.066724,0.003343,SITTING
0.015910,0.048722,9.797809,0.004120,0.005644,0.006731,0.027850,0.024456,0.030164,0.004551,SITTING
0.005054,0.011539,9.860944,-0.003074,0.006106,-0.000207,0.001567,0.030510,0.048271,0.005084,SITTING
0.035066,0.029955,9.794305,0.002733,-0.002234,0.004327,0.031346,0.022692,0.072036,0.006469,SITTING
0.021544,0.015406,9.824001,-0.001891,0.002927,0.000199,0.015249,0.019380,0.050157,0.004880,SITTING
0.026320,-0.010704,9.783134,0.001952,0.007576,0.002907,0.017994,-0.000068,0.046626,0.000611,SITTING
0.024140,0.035814,9.773405,0.005550,0.004073,-0.008175,0.023072,0.018921,0.056431,0.009177,SITTING
0.024447,0.069944,9.795683,0.007666,-0.010171,-0.001514,0.021403,0.010799,0.077200,0.000527,SITTING
0.007369,-0.021953,9.786366,0.000938,0.001364,0.002105,0.018857,0.030517,0.055879,0.002442,SITTING
-0.005742,0.008927,9.780192,0.000364,-0.002634,0.005430,0.022971,0.029122,0.052479,0.005583,SITTING
0.004314,0.008631,9.828769,0.003429,0.005833,0.005901,0.016761,0.021249,0.058390,0.001986,SITTING
0.045405,0.000295,9.755136,0.003923,0.007831,0.006089,0.003387,0.013273,0.057849,0.004172,SITTING
0.024517,0.016037,9.816732,0.000718,0.004920,-0.006561,0.021632,0.021600,0.040797,0.011370,SITTING
0.013686,0.002494,9.766959,0.007352,0.000081,-0.002468,0.011627,0.023369,0.067265,0.004986,SITTING
0.027418,0.006416,9.764357,-0.002591,-0.003946,-0.001318,0.014495,0.043624,0.073523,0.004483,SITTING
0.007761,0.036808,9.714467,0.003339,0.001073,0.005116,0.023397,0.035149,0.034056,0.004193,SITTING
0.025531,0.017177,9.839839,0.007613,-0.004248,0.002184,0.016698,0.018924,0.067235,0.006398,SITTING
0.033861,-0.004209,9.891886,0.003852,-0.005980,0.007867,0.009905,0.027253,0.065001,0.006721,SITTING
0.012318,0.001208,9.747153,0.007609,0.001812,0.005529,0.029344,0.012496,0.056617,0.003461,SITTING
-0.006450,0.008921,9.798220,-0.000353,0.009075,-0.002796,0.020024,0.030043,0.050750,0.009856,SITTING
0.030103,0.006749,9.910429,0.003269,-0.000972,0.005633,-0.003621,0.046557,0.063013,0.003658,SITTING
0.024719,0.022196,9.752334,0.002148,-0.008891,0.010858,0.009530,-0.000147,0.063871,-0.000202,SITTING
-0.038054,0.007503,9.730340,-0.004977,0.006001,-0.002062,0.010889,0.026836,0.045762,0.003246,SITTING
0.020354,-0.000742,9.792903,0.013599,-0.000515,0.009228,0.015237,0.028637,0.028916,0.002718,SITTING
0.003800,0.032057,9.760314,-0.000671,0.010855,0.001445,0.016393,0.014842,0.064458,0.006993,SITTING
-0.012163,-0.006837,9.791513,0.008611,0.004809,-0.000295,0.024699,0.021193,0.061353,-0.001186,SITTING
-0.008150,0.013853,9.929193,-0.001908,0.007879,-0.001278,0.013017,0.009799,0.050412,0.001478,SITTING
0.012915,-0.005919,9.779194,0.004234,0.009590,-0.003630,-0.010697,0.003954,0.040170,0.003346,SITTING
-0.008058,0.055928,9.849088,0.000770,0.007277,-0.006968,0.007426,0.024577,0.088381,0.009066,SITTING
0.024804,-0.001047,9.729052,-0.006336,0.005381,0.004492,0.015113,0.011661,0.062003,0.008314,SITTING
0.053556,0.047098,9.822199,0.002962,0.003845,0.003783,0.011658,0.011491,0.049061,0.005527,SITTING
0.038542,0.028485,9.786774,0.011289,0.003777,0.004039,0.020822,0.016544,0.031652,0.004424,SITTING
-0.010895,0.046126,9.775779,-0.001391,-0.002574,-0.002071,0.032793,0.034027,0.044521,0.004624,SITTING
0.000353,0.015542,9.880248,0.002788,0.001577,-0.002404,0.013798,0.017593,0.080582,0.007257,SITTING
0.025632,0.028622,9.774999,0.009991,-0.003603,-0.002821,0.022875,0.005585,0.046201,0.005663,SITTING
-0.001769,0.017148,9.752474,-0.008054,0.005371,0.001498,0.020746,0.024799,0.054875,0.003803,SITTING
-0.028858,-0.010422,9.787071,0.005193,0.000727,0.011090,0.023140,0.008368,0.041645,0.006781,SITTING
0.028396,0.054764,9.742517,0.004925,0.005914,0.003947,0.015606,0.034902,0.026234,0.005930,SITTING
0.025590,0.045052,9.838446,0.009883,0.008838,0.000921,0.002861,0.026258,0.040031,0.009560,SITTING
0.020330,0.013300,9.766884,0.001311,0.012227,-0.008769,0.010760,0.019424,0.052965,0.004250,SITTING
0.006582,0.018124,9.810588,0.003620,0.004371,0.002641,0.008762,0.031781,0.033533,0.010199,SITTING
0.052808,-0.008619,9.779421,0.001149,0.008344,0.004244,0.020458,0.031041,0.058413,0.003994,SITTING
-0.002598,0.026063,9.827668,0.005774,0.002040,-0.002395,0.012036,0.027700,0.036608,0.001377,SITTING
-0.027461,0.045100,9.795263,0.001890,-0.003289,0.004261,0.022256,0.015905,0.044194,0.003330,SITTING
0.017657,0.069248,9.736489,-0.007753,0.002597,-0.003248,0.024064,0.029547,0.071462,0.002790,SITTING
0.013832,0.057042,9.835949,-0.004274,-0.003893,0.004596,0.022799,0.025378,0.038623,0.006700,SITTING
0.026108,0.015775,9.741990,-0.004281,-0.000880,0.010119,0.021015,0.027283,0.024246,0.008037,SITTING
0.042122,0.033450,9.782929,0.001863,0.005145,0.001869,0.012316,0.039263,0.066409,0.006675,SITTING
0.003135,0.047130,9.821448,-0.000986,-0.007981,0.000999,-0.000222,0.024856,0.040485,0.006864,SITTING
0.007167,0.050479,9.748633,-0.000941,-0.004348,-0.002260,0.021828,0.033969,0.060502,0.001380,SITTING
0.013415,0.039160,9.886143,-0.004142,-0.000250,0.000832,0.005857,0.023288,0.058647,0.000272,SITTING
-0.017007,0.012051,9.789063,0.013340,0.004533,-0.001270,0.018906,0.025555,0.055710,0.006448,SITTING
0.012065,0.038239,9.783827,0.007529,0.009990,0.001276,0.006872,0.024231,0.086951,0.007507,SITTING
-0.001114,0.021086,9.802364,0.004223,0.007989,0.000629,0.024617,0.018184,0.020652,0.001989,SITTING
0.005106,0.021690,9.874553,-0.001883,-0.003315,0.004225,0.026289,0.024026,0.052156,0.008745,SITTING
-0.009085,0.030438,9.807422,-0.005874,0.002998,-0.009018,0.008837,0.008166,0.060329,0.003680,SITTING
-0.001331,0.002595,9.770582,0.002987,-0.002802,-0.001599,0.014121,0.011246,0.051272,-0.001844,SITTING
0.018945,0.030507,9.837501,-0.003468,0.000275,0.003152,0.021364,0.029855,0.087841,0.005010,SITTING
0.020377,0.045218,9.835594,0.000469,-0.003158,0.000978,0.022552,0.018741,0.074071,0.008459,SITTING
-0.003889,0.034310,9.807653,-0.000565,-0.004955,0.009985,0.028661,0.025839,0.073710,0.004397,SITTING
-0.019288,0.046087,9.763186,0.000535,-0.006770,0.005922,0.002524,0.040006,0.067823,0.005353,SITTING
0.011217,-0.004679,9.836103,-0.003165,0.006794,0.005983,0.015992,0.010095,0.071954,0.008383,SITTING
0.008493,0.023156,9.858306,0.000365,-0.000901,0.006238,0.016038,0.018821,0.064984,0.005679,SITTING
0.001845,0.005161,9.733254,-0.001156,0.007667,0.005779,0.022324,0.021605,0.043745,0.004500,SITTING
0.054191,0.010010,9.873935,-0.004507,0.003110,0.003644,0.016009,0.022372,0.037970,0.008526,SITTING
-0.007238,0.019275,9.773169,0.002317,0.001384,-0.004236,-0.002844,0.014530,0.039851,0.006541,SITTING
-0.017908,0.031083,9.833992,0.000717,0.001094,-0.006121,0.011214,0.026044,0.061781,0.007007,SITTING
-0.018570,0.025388,9.740447,-0.000240,0.002165,0.007504,0.000250,0.004653,0.041856,0.005438,SITTING
0.001741,0.021433,9.809954,0.000202,0.006031,0.008277,0.022875,0.038484,0.113403,0.005293,SITTING
0.027532,0.029820,9.678408,-0.006094,0.007432,-0.005788,0.003837,0.020032,0.054104,0.002373,SITTING
0.007065,0.014805,9.846505,0.003740,-0.002768,-0.004741,0.002960,-0.000267,0.076715,-0.001933,SITTING
0.002338,0.041414,9.860929,-0.007427,-0.005402,0.002865,0.024116,0.029211,0.060063,0.002336,SITTING
0.029106,-0.000807,9.708488,0.000281,-0.008132,0.004010,0.015534,0.017923,0.061134,0.006713,SITTING
0.025469,0.060073,9.805412,0.007969,-0.000476,0.000074,-0.010577,0.017826,0.027770,0.001744,SITTING
-0.007919,0.018830,9.844958,0.009496,0.002831,-0.006341,0.012459,0.008686,0.075981,0.003940,SITTING
0.025029,0.026751,9.807108,0.001436,0.004965,0.002002,0.028500,0.029331,0.051922,0.009429,SITTING
0.006840,0.010798,9.775643,0.000590,0.003424,0.000145,0.012633,0.032308,0.051470,0.002338,SITTING
-0.018405,0.032075,9.761512,-0.000668,0.002488,-0.002017,0.019675,0.023245,0.030284,0.001393,SITTING
0.032114,0.041801,9.767509,-0.002753,0.000446,-0.007629,0.019212,0.024246,0.062175,0.003442,SITTING
0.005972,0.031162,9.739099,0.000321,0.001801,0.001802,0.020481,0.000890,0.006971,-0.000835,SITTING
0.031346,0.025298,9.841331,-0.002310,0.009483,0.002409,0.021855,0.025762,0.026316,0.004326,SITTING
0.039756,0.051174,9.883228,0.008532,-0.003599,0.000519,0.013241,0.005691,0.085225,0.007679,SITTING
0.023236,0.027383,9.815210,0.000439,-0.000394,-0.001321,0.036102,0.000789,0.051921,0.003211,SITTING
-0.023742,0.048977,9.827230,0.005029,0.004611,0.006774,0.024549,0.010603,0.060982,-0.001246,SITTING
0.009134,0.026036,9.835172,-0.001640,0.003232,0.002896,0.002640,0.013990,0.068514,0.010494,SITTING
-0.000475,0.003761,9.796638,-0.000667,0.002527,0.002103,0.031612,0.021384,0.067305,0.007987,SITTING
0.023406,0.034713,9.740605,0.000476,0.006963,-0.004027,0.021407,0.013289,0.056432,-0.002771,SITTING
-0.012530,0.021460,9.833885,0.004587,0.002071,0.011118,0.033152,0.024491,0.063962,0.007804,SITTING
0.040744,-0.010108,9.815940,-0.003582,0.004911,-0.001535,0.020467,0.023823,0.064234,0.003986,SITTING
-0.013387,-0.016893,9.766603,-0.002178,0.004370,-0.000922,-0.005994,0.031719,0.060653,0.004767,SITTING
0.022556,0.018653,9.794490,0.003402,-0.002683,0.005357,0.017144,0.021758,0.052992,0.002213,SITTING
0.005224,-0.015013,9.779406,0.008883,0.009349,-0.006976,0.031661,0.036525,0.061286,0.003823,SITTING
-0.009191,0.038004,9.762017,0.002553,0.001456,0.003311,0.020657,0.007548,0.043539,0.005623,SITTING
-0.002113,0.051448,9.854388,-0.004627,0.004123,0.006903,0.016213,0.022086,0.063481,0.001543,SITTING
0.009592,0.014755,9.792555,0.001115,0.006345,-0.001442,0.025884,0.028998,0.025962,0.006387,SITTING
0.015571,0.012003,9.792982,0.002552,0.000671,0.006841,0.032828,0.020926,0.074012,0.004369,SITTING
0.021375,0.058435,9.769743,0.000877,0.002303,0.002496,0.027586,0.019747,0.039448,0.008718,SITTING
0.006319,0.017557,9.729048,0.001682,-0.003483,-0.003625,0.037387,0.011408,0.042029,0.002510,SITTING
-0.015313,0.037924,9.804851,-0.002327,0.000706,0.002082,0.012095,0.020464,0.073453,0.004182,SITTING
0.018741,-0.006148,9.860187,0.002667,-0.001251,-0.004198,0.024465,0.005836,0.052485,0.008554,SITTING
0.028414,0.033407,9.777451,-0.001881,0.005204,-0.002691,0.018098,0.006493,0.026167,0.003618,SITTING
0.012972,0.009025,9.869462,0.005075,0.000547,-0.003948,0.008977,0.034578,0.061185,0.003284,SITTING
-0.005855,0.026512,9.830612,0.004127,-0.001429,-0.004719,0.026844,0.012219,0.017738,0.010087,SITTING
0.006622,0.010195,9.895280,0.002927,0.000326,0.007627,0.026755,0.025916,0.060062,0.004711,SITTING
0.023559,0.021692,9.907291,-0.002648,0.008808,-0.009260,0.017690,0.016046,0.072371,0.006729,SITTING
0.016963,-0.003193,9.781779,-0.001702,-0.005763,-0.002265,0.011978,0.017327,0.054678,0.002271,SITTING
0.028783,0.047643,9.836814,-0.000765,0.007192,-0.006927,0.024760,0.013817,0.058947,0.004235,SITTING
0.021993,-0.020887,9.805077,0.002433,-0.001781,-0.008310,0.015799,0.021353,0.027324,-0.002201,SITTING
0.015902,0.047765,9.756896,0.000812,0.007705,0.003662,0.024627,0.018958,0.065488,0.002744,SITTING
0.007538,0.035876,9.906281,-0.001231,0.004431,-0.001152,0.027357,0.015603,0.067510,0.007932,SITTING
-0.001071,0.011638,9.772617,0.000910,-0.002780,-0.001886,0.017676,0.042930,0.039026,0.005960,SITTING
0.036703,0.014358,9.874995,0.005221,0.001169,0.004905,0.000200,0.024761,0.046033,0.008798,SITTING
-0.021392,0.006787,9.855078,-0.001390,-0.003689,0.000614,0.013538,0.010668,0.054345,0.005413,SITTING
0.013922,0.047870,9.826956,0.000390,0.009848,-0.006755,0.009777,0.027633,0.081163,0.007591,SITTING
0.015410,0.002328,9.851152,0.004582,0.005881,-0.006609,0.000248,0.019947,0.046267,0.007214,SITTING
0.009657,0.003332,9.756617,0.000867,0.002218,-0.003351,0.015346,0.010112,0.032307,0.004939,SITTING
0.006391,0.002702,9.722111,0.006314,0.002869,-0.005453,0.026885,0.041336,0.054465,0.000660,SITTING
0.008949,-0.003127,9.829647,0.002570,0.000201,-0.002208,0.035417,0.036451,0.067837,0.005177,SITTING
0.018894,0.025961,9.781485,0.004193,0.014398,0.003707,0.023701,0.018447,0.029496,0.004373,SITTING
0.035825,0.001680,9.891905,-0.008064,0.000014,0.002789,0.011641,0.032604,0.045198,0.006594,SITTING
0.046818,0.045073,9.763121,0.007892,-0.002995,-0.001269,0.027707,0.020560,0.059693,0.008394,SITTING
-0.003376,0.013213,9.787299,0.004796,0.000715,-0.004601,0.010584,0.021169,0.076129,0.005236,SITTING
-0.010642,0.037469,9.794904,0.011439,0.001490,-0.002937,0.030196,0.042944,0.048961,0.005366,SITTING
0.037058,-0.006688,9.747240,0.003638,0.000023,-0.005150,0.010450,0.027935,0.044376,0.005365,SITTING
0.007310,0.036221,9.789441,0.004161,0.002724,0.001572,0.028594,0.026519,0.061031,0.004336,SITTING
-0.030154,0.032792,9.749453,-0.009372,0.002746,0.005068,0.014749,0.031244,0.038664,0.003451,SITTING
-0.011257,0.009479,9.758808,0.006974,0.002033,0.004384,0.014317,0.030497,0.045522,0.002131,SITTING
0.013796,-0.017708,9.832948,0.006367,0.005110,0.010161,0.009480,0.021222,0.031068,0.000737,SITTING
0.041435,0.056096,9.856421,0.004327,0.009074,-0.001843,0.006710,0.011701,0.051386,0.006092,SITTING
0.024656,0.021765,9.745631,-0.005863,0.004417,-0.008721,0.039465,0.020777,0.075002,0.004529,SITTING
0.025406,0.029752,9.793521,-0.005486,0.001793,0.003332,-0.001052,0.013672,0.047074,-0.002985,SITTING
-0.019486,0.009686,9.798056,-0.001488,0.003470,0.005073,0.023779,0.022930,0.077790,0.004922,SITTING
-0.019601,0.040511,9.813010,-0.001063,0.005628,0.007793,0.031557,0.020996,0.043088,0.007402,SITTING
0.027315,0.029480,9.861715,0.006331,0.005750,0.010139,0.022978,0.009736,0.022509,0.004872,SITTING
0.037431,-0.006079,9.749177,-0.005148,0.009098,0.004031,0.022046,0.048176,0.051558,0.002532,SITTING
0.028431,0.025204,9.765764,0.008528,0.002823,0.008720,0.025551,0.032456,0.045703,0.002082,SITTING
-0.041108,0.048027,9.739617,-0.000590,0.002170,-0.001088,0.029914,0.021778,0.028693,0.005399,SITTING
-0.013492,0.033566,9.835745,0.000784,-0.004839,-0.003213,0.013787,0.013341,0.053842,0.001790,SITTING
0.016868,0.028425,9.780890,0.002381,-0.009402,0.003406,0.013639,0.007419,0.066873,0.003457,SITTING
0.015270,0.042480,9.867382,-0.011260,-0.004536,0.000762,0.011353,0.024908,0.047094,0.004377,SITTING
0.039215,0.054913,9.762924,0.008272,0.003056,-0.000155,0.029828,0.019873,0.042692,0.007741,SITTING
0.021353,0.018881,9.815536,0.002827,-0.002207,-0.001335,0.030010,0.009182,0.058682,0.000523,SITTING
0.021079,0.019098,9.756560,-0.002224,0.007803,0.004359,0.022186,0.022322,0.046962,0.005390,SITTING
0.034811,0.005813,9.774211,0.004578,-0.000920,0.000538,0.022571,0.034170,0.049017,0.008022,SITTING
-0.005265,0.042251,9.777906,0.008658,-0.005812,-0.000954,0.022984,0.012114,0.034281,0.005955,SITTING
-0.012225,0.012817,9.747821,0.004116,-0.000050,0.003274,0.020098,0.020267,0.033336,0.001777,SITTING
0.026494,0.039493,9.796840,-0.006382,-0.001674,-0.000327,0.010723,0.027690,0.056175,0.000213,SITTING
0.035586,0.038922,9.695044,-0.001596,0.006625,0.011647,0.026177,0.019198,0.019864,0.000835,SITTING
0.008806,0.031384,9.805102,-0.005334,0.001280,0.001325,0.008298,0.020062,0.015267,0.001741,SITTING
0.025979,0.013969,9.760968,-0.003312,0.001813,0.002155,0.025442,0.027619,0.020267,0.005616,SITTING
-0.024661,0.004646,9.708596,-0.001341,0.004435,0.008426,0.022540,0.021192,0.069968,0.004554,SITTING
0.007674,0.028082,9.756278,0.006800,0.001526,-0.000847,0.027067,0.017549,0.035940,0.007947,SITTING
0.002039,0.003699,9.819640,0.000920,0.001177,0.013369,0.034375,0.041991,0.054168,0.000825,SITTING
-0.007826,0.027536,9.836047,0.005967,0.009909,0.000800,0.036565,0.008500,0.068258,0.003811,SITTING
0.018176,0.027549,9.830671,-0.002370,0.003100,0.003034,0.015785,0.019582,0.071897,-0.002317,SITTING
-0.030163,-0.015182,9.780233,-0.001279,-0.003355,-0.001149,0.032552,0.017856,0.065506,0.006198,SITTING
0.050790,0.031713,9.763041,0.002995,0.003881,-0.005604,0.028349,0.022197,0.036599,0.006599,SITTING
-0.004883,0.009777,9.825408,0.005572,-0.002842,0.005728,0.039484,0.026329,0.065906,0.002793,SITTING
-0.040955,0.018381,9.792009,-0.000488,0.007109,0.012478,0.010586,0.013450,0.062848,0.003953,SITTING
-0.003791,0.050264,9.753057,0.001715,0.000102,-0.001752,0.011979,0.009997,0.050356,0.001233,SITTING
0.033987,0.005011,9.837507,-0.003251,-0.007039,-0.000011,0.033275,0.016110,0.051442,0.004416,SITTING
0.029408,-0.007730,9.890933,0.007123,0.005355,-0.010019,0.023185,0.022807,0.048036,-0.001176,SITTING
0.016028,0.042548,9.806754,-0.004841,0.008420,0.005968,0.025646,-0.005416,0.070511,0.007872,SITTING
0.011162,0.024737,9.728435,0.001581,0.009047,-0.003952,0.025953,0.016662,0.061740,0.005892,SITTING
0.035989,0.024861,9.747550,0.000449,-0.003604,0.002383,0.024062,0.011889,0.103961,0.008246,SITTING
-0.000460,-0.020241,9.874568,-0.006997,0.001175,-0.004985,0.043507,0.011319,0.004863,0.000834,SITTING
0.007727,0.002544,9.802455,-0.002336,0.001551,0.002420,0.019510,0.018215,0.060240,0.000983,SITTING
-0.003836,0.031975,9.814587,0.001266,0.003801,0.009023,-0.000201,0.009901,0.037424,0.004812,SITTING
-0.011863,-0.004319,9.844971,0.007779,0.006937,0.003180,0.016371,0.027054,0.069794,0.008898,SITTING
0.065550,0.030638,9.889302,-0.001221,0.006214,-0.002522,0.015132,0.016533,0.055901,0.003267,SITTING
0.007520,0.005880,9.902158,0.000595,0.006564,0.007215,0.031091,0.025925,0.054225,0.006000,SITTING
0.036939,0.012386,9.804859,-0.002265,0.003070,-0.000410,0.012901,0.011203,0.058903,0.006542,SITTING
0.027321,-0.003867,9.839132,0.000355,0.006219,-0.002630,0.023077,0.017805,0.040221,0.010781,SITTING
-0.023686,0.032134,9.800008,0.004645,-0.007352,-0.002233,0.015187,0.006720,0.069471,0.005093,SITTING
0.041866,0.013128,9.788239,-0.001994,-0.002426,-0.007299,0.022456,0.023566,0.059232,0.005999,SITTING
0.002737,0.028488,9.777429,0.002892,-0.002627,0.000183,0.016280,0.009823,0.062821,0.010496,SITTING
0.023474,-0.004889,9.838194,0.003629,0.005302,0.004038,0.016770,-0.002296,0.071968,0.002539,SITTING
0.020467,0.050007,9.866165,0.002073,0.008463,-0.004766,0.020819,0.013203,0.029174,0.003411,SITTING
0.002566,-0.017947,9.730915,0.007430,-0.002502,0.004002,0.004600,0.016246,0.028703,0.001569,SITTING
0.038507,0.031253,9.827244,-0.003924,0.005760,-0.000535,0.032088,0.025865,0.058550,0.007098,SITTING
0.015753,0.013408,9.781077,0.007260,0.002154,-0.003463,0.019455,0.003545,0.056267,0.001830,SITTING
-0.025408,0.014464,9.739918,0.005704,0.002222,0.002784,0.011509,0.024693,0.032713,0.008782,SITTING
-0.004319,0.006497,9.784591,-0.005077,0.006381,0.005673,0.014378,0.008538,0.034877,0.004307,SITTING
0.003803,0.015572,9.712884,-0.003654,0.005187,0.005688,0.005413,0.016520,0.037743,0.004099,SITTING
-0.006273,0.021330,9.807607,-0.000204,-0.006954,0.010005,0.015576,0.012618,0.059593,0.005192,SITTING
0.019322,0.036572,9.753108,0.007807,0.005105,-0.001139,0.012900,0.027413,0.092294,0.004213,SITTING
0.008649,0.014306,9.848845,-0.002189,-0.004204,-0.009043,0.009995,0.030521,0.016717,0.002934,SITTING
0.039102,0.010084,9.813134,-0.007708,-0.015185,0.006242,0.010539,0.027746,0.027628,0.005185,SITTING
0.024588,0.024918,9.769175,-0.003328,0.006581,0.002193,0.016271,0.003823,0.063662,0.010576,SITTING
0.000675,0.012176,9.780732,0.001104,-0.005352,0.004464,0.023105,0.021938,0.049826,0.006676,SITTING
-0.006926,0.031941,9.783940,-0.005072,0.001486,-0.003164,0.014499,0.024628,0.033900,0.006979,SITTING
0.010779,-0.015371,9.848513,-0.000913,-0.003818,-0.003247,0.015120,-0.001625,0.045733,0.007411,SITTING
0.043166,0.044138,9.822841,0.009397,0.005456,0.004067,0.027921,0.046700,0.044146,0.007061,SITTING
-0.004665,0.023796,9.773396,0.003070,0.005622,0.009084,0.006645,0.023785,0.039371,0.007231,SITTING
-0.033629,-0.001209,9.770337,-0.001109,-0.004479,0.003017,0.025077,0.001401,0.061197,0.002788,SITTING
-0.028257,-0.016267,9.746326,0.007534,0.003025,0.000879,0.028135,0.017162,0.063531,0.000395,SITTING
0.005174,0.057907,9.798259,0.012209,0.003727,0.004357,0.026959,0.021202,0.058713,0.000944,SITTING
-0.000597,0.055299,9.753002,0.002649,0.004101,-0.003700,0.013025,0.023098,0.042657,0.001139,SITTING
0.003752,0.038134,9.779000,0.007957,0.003979,0.001721,0.017338,0.013550,0.046966,0.005235,SITTING
0.012221,0.026790,9.893102,-0.005692,0.003112,0.004497,0.007731,0.020186,0.079293,0.004298,SITTING
-0.003490,0.016824,9.801983,-0.002286,0.002494,0.005983,0.022799,0.019570,0.041106,0.005416,SITTING
0.012159,0.028320,9.829385,-0.000772,-0.006168,-0.006103,0.025183,0.003214,0.037145,0.007444,SITTING
0.034941,0.043594,9.844808,-0.013074,0.004704,0.004674,0.032930,0.003992,0.056824,0.001999,SITTING
-0.001496,0.008304,9.767184,0.002766,0.000441,0.005732,0.026923,0.003519,0.046926,0.006747,SITTING
0.026210,0.033971,9.711750,0.005105,-0.005115,-0.000508,0.006879,0.014600,0.059024,0.003604,SITTING
0.027522,0.009102,9.717079,0.015316,0.005433,-0.002251,0.023121,0.031770,0.052258,0.000760,SITTING
-0.003447,0.013971,9.723636,0.001193,0.002263,-0.000578,0.049969,0.017943,0.036168,0.010635,SITTING
0.032299,0.019069,9.828794,0.002074,-0.006431,0.005309,0.014141,0.039087,0.041406,0.003159,SITTING
0.004987,-0.011314,9.885588,-0.001084,0.001945,-0.000014,0.013462,0.006684,0.081505,0.005998,SITTING
0.042346,0.013117,9.716358,0.004167,-0.002997,0.003005,0.018814,0.028329,0.069153,0.003549,SITTING
0.004901,0.017569,9.783273,-0.000378,-0.002115,-0.003781,0.022813,0.026992,0.062198,0.003515,SITTING
0.020890,0.025564,9.773792,0.001740,0.008299,0.001161,0.016169,0.008010,0.048556,0.012770,SITTING
0.003396,0.020075,9.802617,0.005553,0.000444,-0.000329,0.017247,0.004947,0.062956,0.003488,SITTING
0.011991,0.077721,9.834175,-0.002377,0.002715,0.000266,0.008300,0.021830,0.057162,-0.000799,SITTING
0.012161,0.023040,9.765007,0.004105,0.003077,0.006963,0.003110,0.014508,0.064867,0.002947,SITTING
-0.004721,0.027282,9.738556,0.008620,0.011304,0.001577,0.035886,0.018836,0.038206,0.002627,SITTING
-0.020192,0.017166,9.683923,-0.008508,0.002079,0.008281,0.015922,0.025788,0.015680,0.006505,SITTING
-0.004731,0.002543,9.857464,0.003300,-0.000223,0.003245,0.008527,0.024613,0.048070,0.004690,SITTING
0.027066,0.048703,9.842162,0.004490,-0.001268,-0.001064,0.034800,0.024298,0.057804,0.003722,SITTING
0.003428,-0.016326,9.864817,0.002554,0.001939,0.007827,0.003496,0.041599,0.044817,0.007918,SITTING
-0.012112,0.024407,9.836274,0.003511,0.000093,0.004712,0.022664,0.036777,0.038335,0.004762,SITTING
0.025194,0.037026,9.793232,0.008383,-0.000469,-0.002051,0.017087,0.026580,0.070715,0.003624,SITTING
0.016573,-0.000260,9.800408,0.004273,0.009389,0.002466,0.023330,0.008321,0.079355,0.000904,SITTING
-0.001482,0.012517,9.779074,-0.001447,0.001214,-0.002197,0.005678,0.034852,0.066901,0.001195,SITTING
0.007342,-0.004615,9.759093,0.004074,0.005668,0.012865,0.018173,0.004302,0.065284,0.009255,SITTING
-0.006023,0.023475,9.794345,-0.005823,0.002835,0.007879,0.003842,0.011144,0.034937,0.006358,SITTING
0.034067,0.020168,9.738276,0.002001,0.001255,0.003040,0.023957,-0.009790,0.024586,0.008002,SITTING
0.021826,0.006744,9.790039,-0.005730,-0.003676,-0.003127,0.025469,0.021428,0.058674,0.002849,SITTING
-0.017420,0.025916,9.859461,0.007687,0.002509,0.009214,0.031535,0.004761,0.043698,0.004929,SITTING
-0.009569,0.012083,9.782057,-0.008223,-0.001357,0.003852,0.009618,0.004153,0.056030,0.007764,SITTING
0.018007,0.023940,9.755656,-0.000434,0.009127,0.000151,0.017514,0.032932,0.042351,0.004867,SITTING
-0.014239,0.036057,9.799535,0.004283,0.005063,0.005848,0.002422,0.026608,0.017945,0.007777,SITTING
0.035368,0.038206,9.842931,-0.001630,0.010789,-0.005181,0.028762,0.016635,0.047862,0.005005,SITTING
0.036645,-0.001823,9.747288,-0.002221,-0.007075,-0.008407,0.025097,0.014014,0.018849,0.006338,SITTING
0.015439,-0.010410,9.866995,-0.009819,0.008993,0.005108,0.024529,0.011679,0.042158,0.003466,SITTING
0.029908,0.008733,9.871946,0.010257,0.005563,0.002856,0.034214,0.020902,-0.004772,0.006064,SITTING
0.010824,0.014268,9.775843,0.003363,0.002915,-0.002896,0.015263,0.014422,0.077271,0.000875,SITTING
0.035933,-0.002088,9.775419,0.005377,0.012387,0.000193,0.020322,0.028751,0.042974,0.004953,SITTING
-0.009507,0.011854,9.836642,-0.012201,-0.001362,0.003355,0.031152,0.016758,0.039491,0.005746,SITTING
-0.002513,0.026209,9.830039,0.002728,-0.002983,-0.002616,0.019112,0.029294,0.063851,0.006285,SITTING
0.012546,-0.012899,9.837141,0.000709,0.004773,-0.002918,0.023509,0.020745,0.074449,0.006792,SITTING
0.002787,0.001040,9.776550,0.004871,0.006144,0.003035,0.039772,0.019301,0.032520,0.004166,SITTING
0.031690,0.033215,9.835321,0.004519,0.006502,-0.006738,0.013844,0.035467,0.022270,0.009835,SITTING
-0.003883,0.025316,9.772225,0.007137,-0.001097,-0.004227,0.012509,0.025347,0.052219,0.002177,SITTING
0.012463,0.029525,9.681702,-0.009363,0.003881,-0.002376,0.013217,0.002809,0.056676,0.005392,SITTING
0.026824,0.027503,9.822683,0.003671,0.006635,-0.004678,0.004810,0.015834,0.061955,0.005372,SITTING
0.004146,0.034513,9.838483,0.002112,0.005806,-0.000618,0.026653,0.017818,0.094996,0.000685,SITTING
0.057837,0.026120,9.881820,-0.003686,0.009167,0.000808,0.019455,0.014675,0.060675,0.004011,SITTING
0.006425,0.045566,9.876149,-0.000675,0.003040,-0.001390,0.032480,0.018498,0.047166,0.006968,SITTING
-0.011266,0.029057,9.818948,0.001918,-0.000379,0.001777,0.028252,0.006656,0.062719,0.003731,SITTING
0.035492,0.023028,9.760665,0.008330,0.009665,0.010371,0.025871,0.017554,0.019771,0.005826,SITTING
-0.023479,0.027224,9.829961,-0.000400,0.014821,0.010390,0.013946,0.017418,0.049954,0.004691,SITTING
-0.021883,0.032055,9.794648,0.005506,0.007126,0.003245,0.030012,0.013780,0.066706,0.003296,SITTING
-0.039135,0.032422,9.898196,0.002745,-0.003371,-0.002982,0.030409,0.030297,0.051232,0.004693,SITTING
0.015954,0.016734,9.778999,0.004948,0.002491,0.003510,0.026155,0.018529,0.037475,0.004555,SITTING
0.018876,-0.002492,9.726312,-0.003215,0.006576,-0.005073,0.001636,0.017255,0.036495,0.006320,SITTING
-0.015481,0.011973,9.812805,-0.003385,0.002010,0.004485,0.038533,0.016073,0.070067,0.004927,SITTING
-0.002186,0.048735,9.811634,-0.002574,-0.004431,-0.005421,0.015142,0.011094,0.111541,0.006224,SITTING
-0.006126,0.009086,9.827920,0.005249,0.001029,-0.000857,0.026764,0.007994,0.036728,0.011365,SITTING
-0.012313,0.011284,9.735090,-0.005921,0.014068,-0.005649,-0.015866,0.026899,0.071436,0.005829,SITTING
0.014365,0.063758,9.747850,0.007845,-0.004866,0.001543,0.003128,0.011207,0.039532,0.001174,SITTING
0.025435,0.012348,9.854658,-0.000354,0.000192,-0.002798,0.009750,0.003374,0.062991,0.009331,SITTING
0.015517,0.017135,9.821872,0.005240,0.004597,-0.002910,0.024516,0.027321,0.047901,0.004359,SITTING
0.006399,0.031406,9.803832,0.010050,-0.000737,-0.002386,0.016192,0.031422,0.026799,0.008477,SITTING
0.004725,0.027927,9.880852,-0.002657,0.001253,0.001957,0.019162,0.024910,0.100581,0.010179,SITTING
0.021909,0.022935,9.845201,0.005759,-0.002341,0.000021,-0.000490,0.031909,0.035717,0.009972,SITTING
0.012127,0.052741,9.806201,0.005147,0.010560,0.003764,0.011125,0.043983,0.053381,0.005811,SITTING
0.017063,0.006388,9.780149,0.003260,0.005342,0.001051,0.026472,0.016517,0.052459,0.004549,SITTING
-0.003959,0.016372,9.734490,0.005721,0.006121,-0.001619,0.015188,0.006226,0.043281,0.005912,SITTING
0.018680,0.031482,9.728929,0.004326,0.001298,0.002534,0.022575,0.027964,0.056693,0.007383,SITTING
0.010003,0.010995,9.787373,0.004280,-0.002610,0.000874,0.014162,0.031814,0.035370,0.006269,SITTING
-0.011135,0.033951,9.830186,0.001128,0.003370,-0.000544,0.024508,0.014386,0.030720,0.003089,SITTING
-0.014477,0.019556,9.703722,0.001836,0.006140,0.002015,0.021542,0.005834,0.056213,0.005045,SITTING
0.015831,0.045988,9.736477,0.008467,0.012084,0.005236,0.033013,0.035675,0.052107,0.005774,SITTING
0.036651,0.004332,9.747734,0.007522,0.007778,0.006893,0.020392,0.017699,0.064744,0.002738,SITTING
-0.004015,-0.015377,9.894775,0.003832,-0.000107,-0.001972,0.030126,0.024217,0.061578,0.008015,SITTING
-0.011093,0.042842,9.679578,-0.001090,0.003467,0.000884,0.018281,0.008399,0.071605,0.006140,SITTING
0.009351,0.025899,9.846717,0.007373,0.000977,0.011636,0.023005,0.008326,0.020728,0.005224,SITTING
0.028702,0.009929,9.781626,-0.000072,0.000018,0.006129,0.025936,0.013507,0.068953,0.004333,SITTING
0.003174,0.033533,9.779149,-0.004682,0.009318,0.007808,0.017132,0.026754,0.054256,0.010246,SITTING
-0.009527,-0.011368,9.761702,0.003100,-0.007786,0.003283,0.030657,0.022034,0.056233,0.006848,SITTING
-0.010959,0.016679,9.771788,0.005640,0.007101,0.002150,0.012702,0.025488,0.061032,0.011325,SITTING
0.047184,0.026104,9.822794,-0.002831,0.005057,0.006386,0.006167,0.021660,0.080623,0.003972,SITTING
0.014093,0.042803,9.719768,0.008231,0.003532,-0.002559,0.019549,0.001375,0.051742,0.005228,SITTING
0.012627,-0.006655,9.828097,-0.004194,0.005127,-0.001749,0.034350,0.026884,0.078620,-0.000723,SITTING
-0.003005,0.005662,9.758968,0.000525,0.002841,-0.008286,0.037994,0.010848,0.079855,0.004726,SITTING
0.023576,-0.009253,9.776313,0.004035,0.000678,0.008081,0.014620,0.020938,0.046858,0.006096,SITTING
0.027920,0.011290,9.857435,0.007956,0.005075,0.005455,0.010782,0.027428,0.052068,0.003577,SITTING
0.006568,0.025006,9.757128,-0.001240,0.005426,0.009965,0.027264,0.024339,0.067535,0.004792,SITTING
0.002315,0.017158,9.775690,-0.002008,-0.003729,0.003563,0.016474,0.038667,0.035927,0.000920,SITTING
0.012446,0.060765,9.827731,-0.006832,-0.001754,0.001098,0.015280,0.022507,0.059418,0.007965,SITTING
0.019237,-0.009712,9.742510,0.002960,0.001590,0.007777,-0.001487,0.005776,0.032301,0.002685,SITTING
0.007718,-0.006154,9.797153,-0.004209,0.001534,0.005342,0.013719,0.001845,0.012117,0.003457,SITTING
-0.019812,0.014629,9.807381,0.006101,0.005245,-0.002741,0.040687,0.027335,0.052960,0.006425,SITTING
0.011052,0.005210,9.821107,-0.002666,0.001015,0.007965,0.024723,0.036639,0.022913,0.006804,SITTING
-0.000566,-0.012122,9.757660,0.003297,0.009547,0.001587,0.008669,0.017664,0.048501,0.005501,SITTING
-0.001214,0.014536,9.731271,0.002421,0.005022,-0.000537,0.014878,0.022376,0.030563,0.005227,SITTING
0.023224,0.020116,9.848039,-0.000098,-0.000158,-0.007755,0.032931,0.008016,0.056141,0.001654,SITTING
0.019562,-0.026304,9.745531,0.003012,-0.007614,-0.010672,0.027117,0.023214,0.036523,0.003962,SITTING
-0.038244,-0.001333,9.726711,0.004427,-0.008618,-0.002207,0.015312,0.026064,0.070965,0.010089,SITTING
0.049530,-0.004624,9.803935,-0.003178,0.006488,-0.003343,0.020078,0.018906,0.054554,0.006166,SITTING
-0.001808,0.008687,9.745041,0.002139,0.002899,0.001282,0.011633,0.032841,0.053345,0.003723,SITTING
0.016446,0.061800,9.798209,0.000070,0.007348,-0.002217,0.021711,0.009328,0.036885,0.009578,SITTING
-0.031939,0.029360,9.783535,-0.005730,-0.001896,-0.004811,0.003563,0.011666,0.103963,0.005860,SITTING
0.012851,0.011070,9.757620,0.010448,-0.000757,-0.000180,0.028638,0.040126,0.080916,0.003624,SITTING
-0.014868,0.007924,9.882691,-0.003578,0.003750,-0.001486,0.015888,0.005306,0.052779,0.008677,SITTING
-0.003272,0.006640,9.846032,0.012274,0.002351,0.006855,0.013974,0.016695,0.093730,0.004889,SITTING
0.006631,0.031924,9.855384,-0.000061,0.000194,0.016074,0.023474,0.031485,0.102289,0.000262,SITTING
-0.007904,0.023755,9.783808,0.005204,0.001683,0.010485,0.017503,0.022824,0.051378,0.005490,SITTING
-0.022498,0.005869,9.781146,-0.006278,0.000145,-0.003144,0.020562,0.023439,0.082555,0.005966,SITTING
0.024990,0.012907,9.845317,0.002045,0.000624,-0.002557,0.022710,0.022609,0.032973,0.007244,SITTING
0.002488,0.011580,9.802334,0.009478,0.000129,0.012619,0.010309,0.009257,0.018449,0.005716,SITTING
0.050244,0.011447,9.748150,0.002895,-0.002095,0.001704,0.027179,0.008327,0.068841,-0.001172,SITTING
-0.028089,0.022690,9.788419,0.004564,0.004502,-0.005433,0.020354,0.005419,0.051248,0.002896,SITTING
-0.003026,0.026101,9.746860,-0.005734,0.002376,-0.003368,0.017468,0.020078,0.039996,0.007527,SITTING
0.015484,0.075289,9.842715,0.010591,-0.003766,-0.002176,0.016572,0.028538,0.065495,0.006642,SITTING
-0.026079,-0.002335,9.763802,0.007344,-0.000793,0.004250,0.030021,0.018248,0.029820,0.005168,SITTING
0.006532,-0.006848,9.738974,0.002184,-0.003257,0.006964,0.005644,0.004183,0.049811,0.008071,SITTING
0.004069,0.059539,9.765314,0.009545,-0.005684,-0.005174,0.008563,0.015633,0.021601,0.003782,SITTING
0.000416,0.057807,9.789661,-0.001737,0.002795,0.000094,0.020436,0.026239,0.050771,0.007049,SITTING
0.018843,0.013292,9.731012,-0.000891,0.000800,0.001541,0.025815,0.021741,0.062608,0.001791,SITTING
-0.009181,0.042402,9.846151,0.005882,-0.001196,0.003457,0.028240,0.018454,0.070824,0.008609,SITTING
0.022346,0.031535,9.860674,-0.007681,0.005418,-0.002054,0.014996,0.015767,0.063112,0.004431,SITTING
0.039882,-0.033805,9.768211,-0.000070,0.007819,-0.005893,0.024836,0.051415,0.074910,0.006731,SITTING
0.010559,0.030038,9.784121,-0.002390,-0.000199,0.003337,0.015709,0.023948,0.015565,0.006052,SITTING
0.032668,0.040138,9.757970,-0.002256,-0.000006,-0.005592,0.044328,0.045055,0.071871,0.002564,SITTING
0.037159,0.008223,9.719354,-0.001344,-0.000609,-0.008569,0.025211,0.044435,0.049930,0.006785,SITTING
-0.026855,0.006371,9.828625,-0.001426,0.000983,0.002096,0.019534,0.016536,0.028845,0.006508,SITTING
0.019156,0.005241,9.838598,-0.005942,0.003127,-0.004545,0.011658,0.012761,0.073696,0.006771,SITTING
0.012701,0.054415,9.847882,0.009189,-0.001087,0.005086,0.028578,0.027264,0.058765,0.002349,SITTING
0.023719,0.026318,9.840640,0.001672,0.003542,-0.005216,0.020731,0.020660,0.058093,0.001068,SITTING
0.004675,-0.007517,9.727865,0.002983,0.000405,0.005300,0.031660,0.032547,0.031074,-0.000077,SITTING
0.019264,0.002203,9.866515,0.009219,0.003831,-0.002861,0.025019,0.005715,0.085724,-0.000503,SITTING
-0.003133,0.032438,9.761365,0.004653,-0.001018,0.007867,0.010562,0.026829,0.019386,0.003166,SITTING
-0.010540,0.058903,9.942930,-0.004618,-0.004448,-0.006643,0.013285,0.018576,0.036034,0.008812,SITTING
0.020462,0.000634,9.806531,0.004045,0.002428,-0.003062,0.021976,0.021927,0.056147,0.003212,SITTING
0.031346,0.040054,9.815620,0.000505,-0.004120,-0.002831,0.017026,0.025149,0.039641,0.005798,SITTING
0.019465,0.026291,9.760471,0.008276,-0.003578,-0.007004,0.015313,0.014988,0.017232,0.006149,SITTING
-0.003918,0.054299,9.787059,0.001818,0.002738,-0.004946,0.000872,0.030777,0.055529,0.007451,SITTING
-0.015379,0.011652,9.792071,0.000191,0.009924,0.003155,0.026740,0.008385,0.049988,0.000946,SITTING
0.005541,0.011696,9.812469,-0.000900,0.001359,0.004588,0.021663,0.032375,0.037812,0.005935,SITTING
0.036130,0.002208,9.839264,0.011036,0.010566,0.008927,0.020607,0.030717,0.063867,0.005912,SITTING
0.010257,-0.009273,9.752772,0.001647,0.008198,-0.003021,0.014699,0.020187,0.042360,0.001450,SITTING
-0.008871,0.007280,9.788683,-0.006307,-0.009225,0.004701,0.000498,0.027683,0.024606,0.009842,SITTING
-0.006762,0.015343,9.824759,0.009333,-0.001242,-0.006865,0.010994,0.017062,0.051658,0.006039,SITTING
0.023297,0.001751,9.811687,0.003144,-0.003732,0.001332,-0.001571,0.027741,0.057493,0.006079,SITTING
0.003678,-0.004884,9.834879,0.004232,-0.004155,-0.000169,0.014079,0.016166,0.088145,0.007229,SITTING
0.015729,-0.005898,9.710188,0.006490,-0.009926,0.000930,0.012076,0.004887,0.054813,0.006425,SITTING
0.024029,0.048420,9.908828,-0.000638,0.003386,0.003264,0.030000,0.019425,0.066719,0.007415,SITTING
0.021074,-0.000182,9.789226,0.001567,0.008342,-0.004944,0.028748,0.029655,0.048937,0.002509,SITTING
-0.021349,0.006611,9.771546,-0.001425,0.005311,-0.002648,0.022153,0.032858,0.037017,0.006616,SITTING
0.002770,0.006537,9.811806,-0.001533,0.004738,0.000408,0.025029,0.017547,0.037833,0.000711,SITTING
-0.004130,0.034629,9.803624,-0.006803,-0.008782,0.001433,0.010409,0.028852,0.046926,0.007389,SITTING
0.009564,-0.006912,9.750154,0.002374,-0.001449,0.004057,0.025438,0.025927,0.070896,0.005081,SITTING
0.005835,0.036091,9.820627,0.006941,-0.000294,0.012914,0.028628,0.023968,0.053920,0.008692,SITTING
0.034648,0.000917,9.801263,0.003065,0.002411,-0.003438,0.026586,0.006910,0.048961,0.002152,SITTING
-0.012153,0.050557,9.801469,-0.001949,-0.005387,-0.001226,0.029420,0.007855,0.028055,0.006623,SITTING
0.020600,-0.013457,9.759279,-0.001320,-0.008299,-0.002327,0.031607,0.014125,0.044751,0.006775,SITTING
0.022555,0.031379,9.797061,0.000421,-0.002181,0.010504,0.033652,-0.001257,0.040236,0.001386,SITTING
0.037744,0.042724,9.764323,-0.003224,-0.003483,0.000906,0.016531,0.024135,0.051773,0.009600,SITTING
-0.002118,0.017360,9.833162,-0.009670,0.001317,0.000563,0.019662,0.021905,0.030332,0.008199,SITTING
0.021074,0.030309,9.770939,-0.003012,0.002180,-0.001051,0.020433,0.013598,0.060591,0.011256,SITTING
-0.015101,0.010882,9.752107,-0.003777,-0.004639,0.006722,0.016280,0.036142,0.085809,0.005689,SITTING
0.014597,-0.006715,9.775115,0.007812,0.000692,0.002332,0.021339,0.021112,0.021274,0.003279,SITTING
0.011105,0.014376,9.884131,0.000132,-0.001439,0.000015,0.030084,0.033551,0.021425,0.003985,SITTING
-0.011224,0.017483,9.772671,0.001202,0.005757,0.000737,0.010462,0.016893,0.017091,0.004771,SITTING
0.018319,0.034255,9.928307,-0.006044,-0.002450,0.006479,0.034294,0.027444,0.071863,0.002127,SITTING
0.001007,0.030774,9.878575,0.002368,0.004590,0.006932,0.023027,0.018897,0.030261,0.003531,SITTING
-0.007671,-0.001103,9.745793,0.003263,-0.007774,0.004921,0.015504,0.032862,0.077210,0.005976,SITTING
0.013025,0.032270,9.797924,0.001585,0.006773,0.005897,0.013866,0.006524,0.078112,0.007741,SITTING
-0.022183,0.003331,9.821639,0.003621,-0.005178,0.006419,-0.003207,0.023325,0.040503,0.005547,SITTING
-0.015540,0.013580,9.752648,-0.002655,0.002900,0.010497,0.001580,0.009651,0.034813,0.007201,SITTING
-0.010537,0.023022,9.807320,0.012704,-0.009413,-0.002053,0.011842,0.010605,0.045815,0.006339,SITTING
-0.006752,0.043467,9.851199,-0.000470,0.003761,-0.001483,0.024664,0.008980,0.036396,0.002982,SITTING
0.014136,0.032045,9.719746,-0.000614,-0.011119,0.001753,0.027332,0.038872,0.059869,0.002811,SITTING
-0.035341,0.008146,9.827829,0.000275,0.004956,-0.003720,0.013225,0.015618,0.048502,0.006136,SITTING
-0.009655,0.016973,9.738098,-0.007671,0.000849,0.004913,0.009071,0.017121,0.024771,0.003774,SITTING
0.034418,0.012635,9.811636,0.007394,-0.000032,0.005466,0.033112,0.023233,0.058079,0.001867,SITTING
0.030561,0.020711,9.703526,0.004300,0.010212,-0.001150,0.030775,0.015360,0.079124,0.003898,SITTING
0.024161,0.019838,9.931645,-0.003643,-0.005278,0.003714,0.000627,0.008548,0.038599,0.002913,SITTING
-0.002283,0.014198,9.806531,0.002327,0.002215,0.006113,0.013550,0.007864,0.046716,0.006955,SITTING
-0.025772,0.034221,9.847387,0.002152,0.001401,0.011500,0.016077,0.012401,0.054491,0.007538,SITTING
0.003526,0.042111,9.711572,0.001295,-0.009259,0.006733,0.009125,0.035631,0.056059,0.004694,SITTING
-0.015340,0.030772,9.743598,-0.003781,0.008171,-0.005123,0.010757,0.007718,0.070266,0.000037,SITTING
0.004684,0.036286,9.781125,0.001333,-0.003849,0.007039,0.020593,0.005537,0.054816,0.003199,SITTING
-0.003275,-0.011284,9.835677,-0.005983,0.002296,-0.005075,0.015123,0.008372,0.086898,0.002920,SITTING
-0.000671,0.042796,9.743466,0.007582,0.005700,-0.003585,0.004503,0.025374,0.032828,0.004477,SITTING
0.032898,0.010220,9.816416,0.000776,0.001844,0.002386,0.034987,0.033347,0.032554,0.007381,SITTING
0.021712,0.050407,9.806374,0.010411,0.001516,0.005127,0.025309,0.015880,0.017553,0.010108,SITTING
0.037931,0.032887,9.764034,-0.000358,0.001909,-0.001025,0.026237,0.025373,0.089781,0.004680,SITTING
0.017849,0.021176,9.896204,-0.000255,-0.002032,-0.003227,0.016486,0.026686,0.071083,0.006322,SITTING
0.044267,0.013337,9.756546,-0.000819,0.003516,0.005232,0.007227,0.027665,0.049469,0.007676,SITTING
-0.003084,0.044515,9.749993,-0.003467,-0.004264,0.002513,0.024861,0.004181,0.044948,0.006766,SITTING
-0.032810,0.048632,9.801468,0.005778,-0.002915,-0.004669,0.023295,0.020486,0.061021,-0.000494,SITTING
-0.026340,0.030471,9.835567,-0.004201,0.003223,-0.001403,0.014128,0.011576,0.078322,0.003769,SITTING
0.014833,0.004120,9.848860,-0.003063,0.002772,0.004769,0.033143,0.021380,0.057653,0.004209,SITTING
0.023890,0.027412,9.838630,-0.002361,0.004583,-0.002333,-0.004479,0.024920,0.051086,0.002108,SITTING
0.020472,0.049498,9.757391,0.000308,0.003482,0.010237,0.032777,0.018058,0.077763,0.000025,SITTING
0.030613,0.049428,9.773682,-0.002410,-0.001093,-0.006958,0.020315,0.021771,-0.009867,0.006887,SITTING
0.033678,0.012027,9.755913,0.004450,-0.001740,0.007654,0.036887,0.035891,0.029435,0.007391,SITTING
0.051336,0.044982,9.761572,-0.000056,0.008714,-0.002172,0.038780,0.034582,0.029818,0.006790,SITTING
-0.044877,0.018909,9.786906,0.003000,0.008181,0.001853,0.023539,0.023820,0.044328,0.008827,SITTING
-0.003025,0.007724,9.786293,0.000571,0.002185,-0.003733,0.011673,0.008666,0.032888,0.003287,SITTING
0.015827,0.054631,9.765640,0.007356,0.000999,-0.000621,0.026925,0.025074,0.057687,0.004605,SITTING
0.026876,0.049622,9.868524,0.003113,0.007727,-0.000828,0.009946,0.050928,0.051587,0.004510,SITTING
0.024522,0.009979,9.777438,0.000026,0.007440,-0.002263,0.014174,0.018840,0.058005,0.008467,SITTING
0.024284,0.033870,9.843979,0.004152,0.004638,-0.001988,0.016607,0.036318,0.033546,0.003729,SITTING
0.009115,0.029634,9.810353,0.007351,0.002136,-0.000412,0.014588,0.013499,0.076499,0.006315,SITTING
0.023360,0.050889,9.772551,0.001076,0.012058,0.003328,0.031809,0.027599,0.018686,0.005577,SITTING
0.000370,0.034045,9.840401,0.001783,0.003933,-0.006025,0.030097,-0.000466,0.055371,0.004788,SITTING
-0.013121,0.003586,9.817122,-0.001024,0.003633,-0.000057,0.013380,0.032615,0.035263,0.005329,SITTING
0.010639,0.039219,9.724875,-0.000499,0.012402,-0.011332,0.031311,0.007559,0.031123,0.006126,SITTING
0.030530,0.022248,9.747840,0.002965,0.003470,0.002670,0.020488,0.024195,0.026073,-0.001678,SITTING
0.026217,0.018533,9.790503,-0.000915,-0.000031,0.000068,0.018982,0.022072,0.075058,0.002445,SITTING
0.016946,-0.015449,9.758988,0.001472,-0.001814,0.009854,0.029196,0.039573,0.038664,0.004583,SITTING
-0.011780,0.013949,9.748545,-0.004515,0.005107,0.005473,0.020330,0.027810,0.116129,0.004425,SITTING
0.020853,0.027138,9.754761,0.007569,-0.002065,-0.002136,0.030863,0.025971,0.050774,0.006581,SITTING
-0.006193,0.007173,9.912725,-0.004109,0.005151,0.012241,0.025451,0.005237,0.031075,0.003204,SITTING
0.017094,0.018522,9.715638,-0.003600,0.000013,0.008527,0.014285,0.027500,0.032808,0.005514,SITTING
-0.013396,0.000856,9.783408,0.002183,-0.001740,0.001735,0.005787,0.040133,0.028107,0.009127,SITTING
-0.008283,0.007975,9.801285,0.003017,0.000494,-0.011384,0.015751,0.033867,0.068826,0.004123,SITTING
0.029291,0.027429,9.850086,0.006892,-0.005090,-0.003006,0.034837,0.021984,0.039878,0.000240,SITTING
-0.012195,0.028309,9.795811,-0.000386,0.000905,0.010013,0.015971,0.020249,0.058744,0.000973,SITTING
0.003612,0.013645,9.773755,-0.000074,0.006692,0.004871,0.019976,0.037224,0.056155,0.000049,SITTING
0.003480,0.022062,9.791292,-0.009307,0.009929,0.006539,0.014499,0.010739,0.078330,0.010517,SITTING
0.048259,0.010131,9.874593,0.006768,0.001980,0.004717,0.022490,0.026613,0.058619,0.004307,SITTING
-0.018709,0.016607,9.829290,-0.004338,0.003896,0.003134,0.032720,0.022986,0.032905,0.002084,SITTING
-0.033606,0.001836,9.879970,-0.004106,0.007747,-0.000454,0.017566,0.032643,0.029783,0.001392,SITTING
0.058806,0.046661,9.868167,-0.000207,0.002087,-0.010216,0.041226,0.028784,0.058921,0.002794,SITTING
0.027153,0.004321,9.913570,0.003330,-0.000130,0.005701,0.012806,0.018220,0.066097,0.000932,SITTING
-0.001390,0.040869,9.774590,-0.007763,0.005495,-0.002072,0.027421,0.024651,0.102161,0.003520,SITTING
0.015448,0.025500,9.800541,0.001734,-0.007245,0.005616,0.025911,0.044468,0.047729,0.003794,SITTING
0.026101,-0.005740,9.770493,-0.002464,0.011151,0.000028,0.019250,0.024417,0.074427,0.001222,SITTING
0.021725,-0.002911,9.866837,0.004937,0.005218,0.003655,0.025763,0.014671,0.076082,0.004997,SITTING
-0.003684,-0.016784,9.816499,-0.004738,-0.005230,-0.004830,0.015717,0.024125,0.023016,0.003506,SITTING
0.025071,0.026800,9.753696,-0.000121,0.001277,-0.000931,0.023851,0.020603,0.069006,0.000181,SITTING
0.014824,0.034796,9.823660,0.007774,0.006192,-0.001448,0.032076,0.029007,0.059386,0.001184,SITTING
-0.010628,0.034650,9.773512,-0.006005,0.001050,0.004729,0.034882,0.014280,0.046552,0.007017,SITTING
0.020395,0.006070,9.809966,0.002155,0.007493,0.000614,0.015524,0.023300,0.067908,-0.003774,SITTING
0.001284,0.001837,9.795490,0.007912,-0.008488,0.009235,0.019260,0.014638,0.024033,0.006364,SITTING
0.022539,0.009274,9.869074,0.003808,0.008795,0.002022,0.006747,0.029775,0.005535,0.002660,SITTING
0.020009,-0.011527,9.730643,0.008032,0.003560,-0.008309,0.030097,0.017635,0.054386,0.011119,SITTING
0.036633,0.031090,9.805179,0.004333,0.007734,-0.002137,0.012105,0.023762,0.062403,0.007218,SITTING
0.017691,0.058428,9.854458,0.003484,0.001832,0.006439,0.005379,0.019702,0.024028,0.004387,SITTING
0.035110,0.037720,9.768767,0.006418,-0.002100,0.000673,0.006216,0.010843,0.053639,0.001603,SITTING
-0.002979,0.009647,9.785463,-0.004108,-0.004780,0.001211,0.026393,0.017952,0.054164,0.008875,SITTING
0.005632,0.020680,9.816076,0.005069,-0.004028,0.002065,0.022050,0.020615,0.058544,0.009925,SITTING
-0.056210,0.003270,9.773397,-0.004707,0.002740,0.007914,0.017700,0.015001,0.064153,0.004049,SITTING
0.021857,0.045173,9.790741,-0.002467,-0.003267,0.003712,0.030609,0.007048,0.039464,0.004411,SITTING
0.006006,0.004078,9.790828,0.002157,0.008131,0.009685,0.014667,0.030742,0.061088,0.005964,SITTING
0.020795,0.017169,9.794419,-0.001726,0.006171,-0.006267,0.025145,0.029434,0.034335,0.003927,SITTING
-0.001415,0.007137,9.804167,0.000602,-0.002142,-0.002051,0.019660,0.010969,0.046502,0.002310,SITTING
-0.004030,0.052457,9.712922,-0.013007,0.001219,0.009804,0.026780,0.022998,0.048671,0.005658,SITTING
0.034592,-0.008668,9.768097,-0.000437,0.004096,0.001243,0.021394,0.019859,0.036953,-0.000226,SITTING
0.002343,0.069264,9.892907,0.000127,0.013986,-0.002343,0.037173,0.014311,0.018546,0.003526,SITTING
0.042500,-0.000142,9.733694,0.014708,-0.000947,0.000373,0.011770,0.029757,0.040407,0.000738,SITTING
0.014201,0.002256,9.849879,-0.004759,0.003116,0.003712,0.032752,0.019991,0.018579,0.008766,SITTING
0.025396,0.058362,9.725891,0.004449,-0.000394,0.008194,-0.002363,0.027388,0.065015,0.006839,SITTING
0.006170,0.042381,9.864381,0.001059,0.000543,-0.003978,0.011002,0.015084,0.059457,0.005789,SITTING
0.003324,0.006138,9.785218,0.005273,0.007336,0.004402,0.028219,0.009356,0.050317,-0.000072,SITTING
0.005397,0.033878,9.763143,-0.004735,-0.001312,-0.002340,0.000287,0.021573,0.044134,0.008855,SITTING
0.041113,0.026699,9.844185,-0.001403,-0.003372,-0.005970,0.023234,0.002723,0.047467,0.002366,SITTING
-0.037245,0.027907,9.657702,0.003959,0.002914,-0.003939,0.023149,0.042261,0.037320,0.004999,SITTING
-0.027435,0.042553,9.774127,-0.001517,0.004929,0.002313,0.017131,0.023584,0.087809,0.001216,SITTING
0.022947,-0.000226,9.812918,0.003395,0.005539,0.001272,0.016686,0.010605,0.029560,0.007290,SITTING
-0.001824,0.041892,9.898677,0.002560,0.004557,-0.001346,0.001609,0.010306,0.055716,0.006576,SITTING
0.005243,0.010159,9.766713,-0.000561,-0.006019,-0.004176,0.025915,0.024158,0.045246,0.003730,SITTING
-0.024809,-0.007618,9.832434,0.005100,0.003834,0.006461,0.025063,0.007473,0.072395,0.002868,SITTING
0.050494,0.035060,9.776761,-0.001028,0.004752,-0.001195,0.018496,0.020945,0.088892,0.008590,SITTING
-0.016840,-0.002660,9.769793,0.003037,0.002918,-0.004885,0.018799,0.023681,0.030511,0.005116,SITTING
-0.010597,0.021836,9.747702,-0.004798,-0.000126,-0.004154,0.009713,0.014669,0.051559,0.006903,SITTING
0.027972,0.062332,9.818438,-0.004253,-0.005331,0.001799,0.036572,0.023683,0.047110,0.008334,SITTING
0.011320,0.014983,9.774293,0.008365,0.006130,0.006920,0.032093,0.012679,0.028644,0.001787,SITTING
0.015150,0.013526,9.871069,-0.003033,0.003352,-0.002008,0.019817,0.006809,0.058483,0.007235,SITTING
0.016105,0.060470,9.790598,0.005164,0.002229,-0.009298,0.031808,0.025485,0.057009,0.006053,SITTING
0.031489,0.034565,9.831555,-0.008759,0.005983,-0.006412,0.036985,0.010386,0.031842,0.002733,SITTING
0.019723,0.017470,9.752836,0.001242,0.001316,-0.004601,0.023555,0.025855,0.049472,0.002330,SITTING
0.018149,0.031447,9.799007,0.005094,0.002338,0.004699,0.007847,0.024046,0.037220,0.005265,SITTING
-0.007087,0.031229,9.855405,0.011536,-0.001215,0.002684,0.033906,0.009989,0.016816,0.002538,SITTING
0.048401,-0.023004,9.846126,-0.006539,-0.003964,-0.000749,0.033304,0.003693,0.046165,0.006495,SITTING
-0.031456,0.017752,9.729819,-0.000485,0.001979,0.003912,0.026837,0.022505,0.071734,0.005402,SITTING
0.003707,0.041369,9.855553,0.001107,0.012552,0.002133,0.016893,0.023498,0.029108,0.000855,SITTING
0.010565,0.010063,9.799326,0.002048,0.003515,-0.001942,0.015463,0.013201,0.079172,0.001795,SITTING
-0.009946,0.032036,9.811383,0.004099,0.008682,0.005570,0.008300,0.005575,0.043456,0.005526,SITTING
0.010207,0.002789,9.730035,-0.000521,0.004819,0.009645,0.014244,0.013966,0.027661,0.005463,SITTING
0.039543,-0.028451,9.775378,-0.007536,-0.001499,-0.001479,0.024343,0.021287,0.081746,0.005303,SITTING
0.028336,-0.002516,9.797725,0.000532,-0.005068,0.001441,0.038469,0.022074,0.036589,0.004162,SITTING
0.009242,-0.010512,9.815486,0.009302,-0.007270,0.001086,0.021096,0.024892,0.060192,0.007174,SITTING
0.029352,0.017993,9.843019,-0.004634,0.001773,0.001571,0.030870,0.032426,0.022551,0.003793,SITTING
0.004697,-0.003351,9.742554,0.004941,-0.007910,0.001153,0.008066,0.026093,0.047248,0.002529,SITTING
0.034876,0.028317,9.820072,-0.005137,0.005011,0.000284,0.039264,0.018713,0.078301,0.001322,SITTING
0.004655,0.047082,9.757580,0.004423,0.004307,0.003101,0.019179,0.026316,0.030322,0.000687,SITTING
-0.066871,0.009351,9.762414,-0.008360,0.004136,0.001889,0.022462,0.013256,0.069272,0.001734,SITTING
-0.009154,0.021882,9.714725,-0.009614,0.001601,0.004198,0.015093,0.003487,0.043435,0.003992,SITTING
0.028512,0.052016,9.785059,-0.000242,-0.001605,0.000229,0.018445,0.008200,0.002847,0.009693,SITTING
-0.009430,0.002071,9.686234,-0.006259,0.002486,0.002757,0.026707,0.022635,0.022880,-0.000271,SITTING
0.032676,0.007581,9.744941,0.000090,0.002217,0.007372,0.031156,0.020370,0.064654,0.007545,SITTING
0.007327,0.014688,9.700519,0.001685,0.000363,-0.002119,0.011728,0.023840,0.068950,0.004498,SITTING
-0.001748,0.013644,9.794707,-0.001683,-0.004500,0.000120,0.017545,0.033518,0.040730,0.003033,SITTING
0.012261,-0.009083,9.739659,-0.000407,-0.005681,-0.003382,0.017522,0.015991,0.078623,0.008801,SITTING
0.015227,0.025343,9.814404,-0.002394,-0.003273,0.005163,0.004245,0.034057,0.076684,0.010410,SITTING
0.004365,0.055573,9.845100,-0.000980,0.003281,-0.007550,0.024598,0.026668,0.038238,-0.001479,SITTING
-0.024458,0.053163,9.854212,0.000721,0.007209,-0.002577,0.015399,0.025697,0.043263,0.004592,SITTING
0.046187,0.047999,9.741395,0.005992,-0.000685,0.011306,0.025456,0.026616,0.062213,-0.000112,SITTING
-0.010956,0.014747,9.783607,0.004100,-0.003605,-0.004580,0.022119,0.031139,0.072229,0.006264,SITTING
0.012900,0.023841,9.824108,-0.003993,0.002614,0.003011,0.029055,0.013563,0.039669,0.006656,SITTING
-0.011772,0.050506,9.886324,0.010145,-0.002239,-0.001972,0.012937,0.008404,0.028503,0.010493,SITTING
0.027999,0.047801,9.725638,0.001747,-0.002892,0.000001,0.014822,0.015813,0.039940,0.008282,SITTING
-0.011022,0.011061,9.818343,0.005204,-0.005031,-0.005868,0.026155,0.005834,0.079547,0.004208,SITTING
0.022383,0.022767,9.758731,0.007982,0.007447,0.001511,0.017745,0.025476,0.044896,0.004148,SITTING
0.037403,-0.016951,9.840797,0.003673,0.009117,0.000855,0.027619,0.018637,0.048150,0.002737,SITTING
0.046287,0.022609,9.816655,0.009517,0.012109,0.007481,0.023819,0.025663,0.042358,0.004512,SITTING
0.020469,0.048025,9.819564,0.003552,0.005274,0.001486,0.028406,0.025005,0.067124,0.006160,SITTING
0.000291,0.019475,9.877789,0.001474,0.014357,-0.007441,0.029224,0.025586,0.055137,0.002812,SITTING
0.064706,0.051203,9.760547,-0.002405,0.010486,0.007717,0.024805,0.028448,0.048176,0.008340,SITTING
0.042056,0.008766,9.668517,0.005430,0.006148,0.000781,0.036906,0.009856,0.009649,0.006469,SITTING
0.038091,-0.073375,9.798534,0.000859,0.004009,-0.004046,0.031589,0.017538,0.020230,0.003167,SITTING
0.066626,0.008801,9.715261,-0.002164,0.009281,-0.000342,0.012837,0.021333,0.055822,0.001168,SITTING
-0.003958,-0.000105,9.791595,0.000291,0.007201,0.001713,0.020989,0.015730,0.014493,0.006916,SITTING
-0.028825,0.029668,9.846194,0.003046,-0.002286,0.007764,0.030336,0.017705,0.025518,0.005343,SITTING
0.033646,0.013462,9.817017,0.001377,0.007899,-0.003649,0.018709,0.030068,0.047913,0.004613,SITTING
0.031682,-0.009654,9.806229,-0.003793,0.001989,0.006267,0.021577,0.029316,0.057175,0.002918,SITTING
0.029739,0.003102,9.830294,-0.000283,-0.000935,-0.006965,0.036833,0.008141,0.065995,0.004920,SITTING
0.045816,0.007853,9.713249,0.009937,0.007240,-0.000024,0.015137,0.035533,0.035157,0.007531,SITTING
-0.011809,0.005000,9.851232,0.004628,-0.003456,0.003472,0.024563,0.016617,0.091084,0.003919,SITTING
-0.017427,0.062209,9.807560,-0.003506,-0.007873,0.020014,0.020674,0.018380,0.040349,0.010323,SITTING
0.045742,0.022122,9.726315,-0.001805,-0.000510,-0.002848,0.027505,-0.002931,0.063101,0.012439,SITTING
0.011027,0.027988,9.800360,0.002718,0.007393,0.002321,0.025159,0.037239,0.039320,0.003216,SITTING
0.016067,0.034174,9.825787,0.011031,0.006103,0.000618,0.040287,0.031434,0.025594,0.003135,SITTING
-0.010881,0.023552,9.902452,0.002452,0.010368,0.006519,0.020591,0.010314,0.011383,0.006147,SITTING
0.033892,0.013170,9.921978,-0.000539,0.007499,0.002711,0.008330,0.011437,0.056209,0.006923,SITTING
0.043695,0.035137,9.770460,-0.003804,0.005949,-0.006570,0.010684,0.027150,0.040305,0.004611,SITTING
0.018955,-0.016897,9.771605,-0.003468,0.000259,-0.003372,0.016660,0.019066,0.043431,0.003538,SITTING
0.017148,0.023471,9.715718,-0.003461,0.003834,-0.000300,0.028963,0.024382,0.048185,0.009220,SITTING
-0.027085,0.010718,9.804490,-0.005658,0.009736,-0.002054,0.026734,0.020702,0.068401,0.007872,SITTING
0.000152,0.011849,9.744987,-0.007555,-0.005474,-0.006007,0.026363,0.015390,0.077175,0.005769,SITTING
0.026783,0.013219,9.840427,0.001879,0.004849,-0.000935,0.009730,0.021250,0.055585,0.007148,SITTING
0.003060,0.065809,9.732025,0.006646,0.002354,0.000124,-0.006979,0.014991,0.080365,0.008790,SITTING
0.014748,0.003237,9.707327,0.007186,0.005117,-0.003127,0.002073,0.019028,0.043332,0.006315,SITTING
-0.021031,-0.028645,9.799844,-0.000636,0.006976,-0.002708,0.018453,0.021230,0.043355,0.002376,SITTING
0.018161,0.008010,9.750633,-0.005726,0.001366,0.004198,0.026846,0.020518,0.044090,0.005631,SITTING
0.002597,0.003315,9.773596,-0.002483,0.001440,0.009941,0.012936,0.021080,0.067572,0.005920,SITTING
0.006926,0.015028,9.854260,-0.006498,-0.004340,0.000770,0.023316,0.025611,0.078891,0.000105,SITTING
0.045675,0.057085,9.956282,0.003304,0.012542,-0.002470,0.023928,0.013296,0.046123,0.004140,SITTING
0.010633,0.043161,9.814451,-0.001678,0.006298,-0.002563,0.024532,0.016697,0.066892,0.010493,SITTING
0.012463,0.019763,9.701189,-0.001597,0.006021,0.001769,0.018388,0.019560,0.068135,0.007874,SITTING
0.019510,-0.032995,9.843701,-0.004393,0.011400,-0.007553,0.012158,0.016173,0.037021,0.007413,SITTING
0.005757,0.023756,9.765490,-0.003808,0.008930,0.004777,0.007158,-0.002207,0.044945,0.015057,SITTING
0.018142,-0.013262,9.766684,0.004670,0.002305,-0.000019,0.022012,0.021351,0.034507,0.007897,SITTING
0.030146,0.009331,9.828246,0.007429,0.001038,0.001479,0.012049,0.016396,0.063246,0.004030,SITTING
0.005005,0.019606,9.753013,-0.004964,0.005399,-0.006691,0.028766,0.027707,0.075727,0.003402,SITTING
0.059264,0.043634,9.836010,-0.001202,0.005916,0.003481,0.023092,0.015411,0.033290,0.007516,SITTING
0.032722,0.034557,9.775948,-0.002400,0.001847,0.000927,0.025049,0.038357,0.045395,0.003279,SITTING
-0.020844,0.031817,9.842886,-0.002689,0.016030,0.008565,0.023637,0.020715,0.085156,0.006754,SITTING
0.011059,0.029835,9.858995,0.002870,0.000707,0.001324,0.020169,0.026539,0.071368,0.007349,SITTING
0.041814,0.024602,9.768181,-0.000411,0.002643,-0.001250,0.015190,0.022538,0.011012,0.005044,SITTING
0.012913,0.023525,9.802666,0.002456,0.001830,0.003773,-0.002588,0.028482,0.012650,0.006748,SITTING
0.007934,0.061535,9.750784,0.000497,0.009875,0.003717,0.037899,0.028514,0.041682,0.003532,SITTING
-0.000670,0.020210,9.714766,0.005786,-0.000366,0.010092,0.031430,0.015128,0.045654,0.006698,SITTING
-0.004310,0.051124,9.805614,-0.002874,0.010296,-0.004489,0.021792,0.022151,0.076954,0.005890,SITTING
0.037710,0.013718,9.754355,-0.004339,0.001068,0.001333,0.020694,0.023179,0.005730,0.002439,SITTING
0.039040,-0.022938,9.887868,-0.002669,0.003956,0.007508,0.010545,0.025395,0.007146,0.007868,SITTING
-0.023525,0.073093,9.758674,0.004566,-0.001060,-0.000513,0.033998,0.025640,0.053775,-0.002978,SITTING
0.023145,0.019914,9.744869,0.003236,0.015201,0.002167,0.024978,0.010252,0.037168,0.007329,SITTING
0.020331,0.036250,9.815001,-0.007519,-0.004568,0.008297,0.029935,0.045668,0.034871,0.006876,SITTING
0.000167,0.046862,9.838523,-0.002668,-0.002211,0.006210,0.023739,0.013377,0.044522,-0.002377,SITTING
0.031247,0.013912,9.711782,-0.002376,-0.001385,-0.003710,0.004477,0.030792,0.015589,0.003285,SITTING
0.003054,-0.008848,9.768456,0.004668,0.000767,-0.000158,0.007679,0.022634,0.036072,0.003515,SITTING
-0.009934,0.038282,9.743725,-0.002451,-0.006508,0.003424,0.033772,0.004061,0.062309,0.001627,SITTING
-0.001777,0.034615,9.775496,-0.006793,0.004174,0.002117,0.021081,0.018585,0.030928,0.000523,SITTING
0.007442,0.056345,9.848554,0.000574,-0.000999,-0.006052,0.013309,0.000532,0.041773,0.006988,SITTING
0.038073,0.033596,9.762813,0.006263,0.006548,0.012448,0.020941,0.013988,0.028275,0.001364,SITTING
0.013874,0.048471,9.786624,0.000132,-0.005872,-0.008097,0.034757,0.019258,0.018243,0.005485,SITTING
0.037149,0.035272,9.756813,0.005861,0.009093,-0.005682,0.017347,0.008248,0.055233,0.009172,SITTING
0.021253,0.030596,9.692150,-0.003273,0.008271,-0.008330,0.034804,0.023003,0.045799,0.006518,SITTING
-0.020403,0.039130,9.752537,-0.007797,0.005041,-0.008857,0.015429,0.016498,0.030864,0.004317,SITTING
0.018768,0.019217,9.727379,0.003940,-0.000873,0.005146,0.016521,0.017508,0.067253,0.000713,SITTING
0.015412,0.011798,9.792790,-0.000887,0.009782,0.001507,0.017961,0.012526,0.025675,-0.000404,SITTING
0.009803,0.038617,9.871664,0.005164,-0.002275,-0.007548,0.025457,0.024289,0.044757,0.000722,SITTING
0.024393,0.028150,9.804471,0.006214,0.006543,0.005311,0.012571,0.029330,0.062400,0.005257,SITTING
0.007121,0.036915,9.803815,0.003179,-0.001900,0.002994,0.016538,0.034945,0.048650,0.003766,SITTING
0.022897,0.000555,9.744707,0.002230,0.001160,-0.008766,0.030257,0.028639,0.062603,0.003316,SITTING
-0.028554,-0.015541,9.728634,-0.000826,0.001051,-0.001399,0.019795,0.027880,0.030467,0.001151,SITTING
0.001438,0.033561,9.776470,0.004711,0.001359,0.002494,0.019213,0.021297,0.056619,0.006606,SITTING
0.035676,0.021534,9.713072,0.002478,0.007207,0.005578,0.034484,0.011755,0.043609,0.007649,SITTING
0.009750,0.040798,9.749949,-0.005249,0.005960,0.002491,0.004791,0.034286,0.049905,0.006215,SITTING
0.018316,0.023865,9.808060,-0.001891,0.002624,-0.002375,0.020977,0.003198,0.025645,0.010826,SITTING
0.022840,-0.016533,9.793650,0.005433,-0.008181,0.005720,0.015690,0.019463,0.033120,0.010632,SITTING
0.004224,0.004562,9.717988,0.002853,0.005222,-0.002929,0.025719,0.029574,0.040205,0.008352,SITTING
-0.009146,0.031792,9.800679,0.001153,-0.004035,0.000649,0.023571,0.026647,0.069859,0.003400,SITTING
-0.013206,0.064392,9.924524,0.002368,0.000428,0.005884,0.016484,-0.001159,0.024691,0.002769,SITTING
-0.002512,0.013437,9.830581,0.012781,0.005344,-0.000331,0.010669,0.010419,0.040723,0.007713,SITTING
0.007567,0.006203,9.821117,-0.000091,-0.000465,0.005869,0.024554,0.021375,0.077631,0.003987,SITTING
0.028193,0.027356,9.832678,0.009936,0.007746,0.004947,0.011604,0.014336,0.031645,0.005281,SITTING
-0.002563,-0.003710,9.777992,-0.008678,0.008622,-0.010256,0.010385,0.026616,0.072030,0.001876,SITTING
-0.015509,0.040260,9.782881,0.001586,-0.001489,-0.003840,0.034278,0.009777,0.067790,0.003207,SITTING
0.054971,0.025200,9.884488,0.004780,-0.003667,0.000570,0.028136,0.017097,0.040954,0.002859,SITTING
0.007791,0.024534,9.816083,-0.004601,-0.000337,0.001112,0.007660,0.028005,0.045589,0.002617,SITTING
0.012916,0.028828,9.780746,0.009425,0.007852,-0.000651,0.003963,0.020519,0.054129,0.008091,SITTING
0.046029,-0.000757,9.904080,-0.002401,-0.002524,-0.003079,0.027149,0.010898,0.053091,0.001662,SITTING
0.013752,0.006667,9.837295,0.004329,0.004683,0.005149,0.022491,0.027105,0.043387,0.006292,SITTING
0.014547,0.008527,9.837695,-0.003656,0.007058,-0.001248,0.018296,-0.005424,0.017243,0.005093,SITTING
0.013111,0.021901,9.752239,-0.008284,0.002737,0.001373,0.007780,0.023912,0.073863,0.000876,SITTING
-0.005407,0.005376,9.783406,0.000840,0.009757,0.004094,0.026986,0.019263,0.036660,0.003691,SITTING
0.018923,0.015532,9.793599,-0.001025,-0.000424,-0.008513,0.018502,0.025925,0.029136,0.002615,SITTING
-0.019359,0.024502,9.825470,0.000902,-0.001284,-0.005735,0.014300,0.026261,0.057773,0.003645,SITTING
0.046191,-0.003256,9.850935,0.001641,-0.000347,0.001382,0.008439,0.023389,0.026864,-0.000814,SITTING
-0.008893,0.029267,9.830626,-0.000640,0.000923,0.003425,0.030623,0.020021,0.035019,0.003492,SITTING
0.030471,-0.007511,9.838574,0.002909,-0.006018,0.008359,-0.009166,0.047533,0.035313,0.004799,SITTING
0.025585,0.025175,9.893819,0.005528,-0.002784,0.004336,0.020918,0.015052,0.025814,0.004315,SITTING
0.043440,-0.015812,9.787520,-0.003953,-0.000817,0.001936,0.028949,0.003867,0.059400,0.007184,SITTING
-0.016604,0.005883,9.867730,0.000521,0.008125,-0.008573,0.022797,0.015054,0.025356,0.004202,SITTING
0.009483,0.023681,9.767912,0.003289,0.003532,-0.001805,0.018523,0.017113,0.059466,0.003167,SITTING
-0.003788,0.060792,9.810942,-0.001857,0.005728,-0.004278,0.000186,0.016815,0.046835,0.003340,SITTING
-0.006834,0.023391,9.789152,-0.000114,0.001043,-0.004121,0.005807,0.006106,0.035883,0.005994,SITTING
-0.008713,0.024217,9.813636,-0.002087,0.007139,0.004702,0.009916,0.015416,0.037991,0.006155,SITTING
-0.006771,0.020676,9.773384,-0.003126,0.003989,0.004812,0.017941,0.011936,0.028521,0.004590,SITTING
-0.007319,0.045183,9.844023,0.003032,0.003696,-0.006186,0.022695,0.021758,0.091717,0.001507,SITTING
-0.017818,0.005291,9.739812,-0.002443,0.010265,-0.001362,0.014149,0.021535,0.025121,0.009473,SITTING
0.051899,-0.003828,9.697121,0.004243,0.001796,0.007628,0.026133,0.027034,0.066877,0.001371,SITTING
0.002299,0.019686,9.787239,0.000093,0.010081,0.002948,0.001443,0.013890,0.023515,0.004007,SITTING
-0.010564,0.004030,9.732226,0.006246,0.003296,-0.005578,0.022458,0.013685,0.024377,0.008106,SITTING
-0.015895,0.000491,9.801708,-0.002832,0.001581,0.004215,0.007541,0.031406,0.043108,0.010636,SITTING
-0.014605,0.045137,9.739201,0.002431,0.000247,0.002544,0.020431,0.011430,0.046746,0.009579,SITTING
0.010800,-0.010979,9.801813,0.010788,-0.003032,-0.002499,0.011168,0.034622,0.043199,0.010560,SITTING
0.017412,-0.001598,9.758910,0.012301,-0.000066,-0.006452,0.016327,0.012018,0.032296,0.003843,SITTING
-0.000137,0.001995,9.802371,0.001980,0.003605,-0.002536,0.017221,0.014632,0.054668,0.003169,SITTING
-0.000976,0.022928,9.802661,0.000795,0.003330,0.008146,-0.006985,0.013227,0.051843,0.002021,SITTING
0.006441,0.054544,9.817413,0.011108,-0.005540,0.009249,0.006928,0.028255,0.011147,0.001170,SITTING
0.022519,0.047686,9.835320,-0.002224,0.009622,0.000263,0.017644,0.014265,0.046010,0.006171,SITTING
0.023473,-0.035597,9.807950,-0.006379,-0.000988,-0.002177,0.004073,0.026972,0.086859,0.010497,SITTING
0.017599,0.060302,9.770579,0.010619,-0.001328,-0.009992,0.032174,0.032836,0.048901,0.004024,SITTING
0.007260,0.046118,9.809608,-0.005531,0.002600,0.008007,0.022255,0.023629,0.094110,0.001668,SITTING
0.022458,0.045288,9.914977,0.000394,0.005370,-0.002424,0.032847,0.007475,0.051441,0.006460,SITTING
-0.000151,-0.020752,9.876871,-0.001607,-0.005819,-0.003199,0.017245,0.029822,0.074989,0.007933,SITTING
-0.015803,0.022512,9.830295,0.004676,-0.000789,-0.005838,0.003513,0.026762,0.071019,0.006957,SITTING
0.016839,0.053117,9.738675,-0.001159,0.003842,0.005713,0.022664,0.015325,0.058100,0.010776,SITTING
0.025808,0.014168,9.762245,0.010331,-0.000810,-0.000307,0.016743,0.026017,0.061884,0.004620,SITTING
-0.005442,0.003008,9.775036,0.009754,0.001760,0.003142,0.021526,0.006616,0.065130,0.006398,SITTING
0.021733,0.036201,9.744890,0.003026,-0.007577,-0.000085,0.015620,0.006793,0.022472,0.010651,SITTING
0.018955,0.032597,9.771301,-0.000906,0.008941,0.010519,0.021459,0.032213,0.080103,0.003752,SITTING
0.024910,0.040036,9.936397,0.003748,-0.001479,-0.000122,0.046646,0.014637,0.030396,0.011894,SITTING
-0.003430,0.024327,9.865239,-0.000790,-0.004154,0.000395,0.026101,0.011129,0.038687,0.010966,SITTING
0.020482,0.025271,9.808015,-0.001404,-0.000963,0.002318,0.022590,0.019646,0.038864,0.005330,SITTING
0.003421,-0.002391,9.766071,-0.006030,0.007623,0.004240,0.021789,0.007046,0.067510,0.005332,SITTING
-0.023560,0.015934,9.757463,0.001561,-0.002948,0.001717,0.015867,0.011390,0.069911,-0.002526,SITTING
0.009340,-0.007711,9.667368,0.003002,0.006038,0.008637,0.013745,0.024239,0.063498,0.003489,SITTING
-0.018282,0.038873,9.872193,0.004170,0.006315,0.006888,0.029709,-0.000192,0.052527,0.004111,SITTING
0.015309,0.022935,9.787065,-0.007874,-0.001192,-0.000834,0.015361,0.014144,0.040955,0.010344,SITTING
-0.000654,0.003094,9.796533,-0.000647,0.000478,-0.003420,0.003209,0.023806,0.090470,0.001534,SITTING
0.013943,0.002441,9.764288,0.002993,0.000725,0.001615,0.021961,0.029972,0.020887,0.005680,SITTING
0.061512,0.017221,9.895139,0.001011,0.007282,0.009613,0.033620,0.015496,0.053912,0.005444,SITTING
0.015404,0.044517,9.753751,0.002137,0.003488,0.006791,0.018323,-0.007218,0.066411,0.010974,SITTING
0.037134,0.027685,9.621636,0.007156,-0.005514,0.004167,0.021214,0.024480,0.067039,0.000710,SITTING
-0.016306,0.044222,9.925924,-0.000195,0.003945,0.005272,0.025452,0.014247,0.043841,0.005104,SITTING
0.027460,0.025632,9.781105,-0.000645,0.000067,-0.000727,0.026861,0.001410,0.079979,0.003503,SITTING
0.010416,0.004081,9.774543,-0.001165,0.000610,0.002545,0.016134,-0.003978,0.067661,-0.000789,SITTING
-0.036844,0.039899,9.815429,-0.004166,-0.008034,-0.000275,0.024264,0.031196,0.022702,0.002385,SITTING
0.020655,0.015903,9.798478,0.006435,0.004881,-0.002143,0.010382,0.031513,0.047376,0.005159,SITTING
0.009981,0.029757,9.837357,0.002792,0.003185,-0.004747,0.026160,0.004699,0.053825,0.003034,SITTING
0.004979,0.035514,9.802701,-0.006514,0.005395,-0.000936,0.021053,0.043852,0.060136,0.006436,SITTING
0.018001,0.005552,9.771249,0.001140,0.002855,0.000753,0.007956,0.018645,0.049995,0.005717,SITTING
0.007520,0.002841,9.766230,-0.000591,-0.005147,-0.007660,0.023075,0.035659,0.066240,0.010497,SITTING
0.029233,0.045029,9.823713,0.008186,0.000650,0.000911,0.029223,0.020173,0.036386,0.004429,SITTING
0.032767,0.028592,9.838011,0.001557,0.006473,0.002337,0.023223,0.012268,0.069785,0.002825,SITTING
0.007053,0.030387,9.868796,0.000750,-0.004590,-0.004000,0.016112,-0.000314,0.062335,0.006583,SITTING
-0.010516,0.039950,9.760421,0.000220,0.005558,0.000475,0.022436,0.011906,0.036797,0.005871,SITTING
-0.008281,0.016096,9.817577,-0.001020,0.000779,0.003912,0.016758,0.036991,0.065384,0.008231,SITTING
0.027605,0.019343,9.842805,0.003233,-0.008867,-0.002069,0.027733,0.014348,0.066334,0.007790,SITTING
0.009560,0.026320,9.787820,0.006469,-0.001199,-0.000272,0.026451,0.027323,0.022252,0.008165,SITTING
-0.010532,0.025933,9.802975,0.003232,0.002754,0.002738,0.028006,-0.002116,0.071976,0.002782,SITTING
0.011325,0.002661,9.797953,-0.003023,0.009995,-0.003706,-0.002570,0.029806,0.045650,0.001860,SITTING
-0.019810,0.015002,9.815906,0.000751,-0.002850,0.006891,0.035309,0.023840,0.068294,0.004018,SITTING
0.013638,0.023321,9.773329,-0.004606,0.001159,0.001353,0.022845,0.008083,0.074934,0.008715,SITTING
0.026641,0.028549,9.841413,-0.008687,-0.002967,0.005884,0.010919,0.012968,0.092183,0.001801,SITTING
0.021420,0.032925,9.857916,0.002696,0.001446,0.002501,0.033939,0.010462,0.048921,0.005752,SITTING
0.002269,0.023299,9.797130,0.008971,-0.005106,-0.008956,0.036614,0.019587,0.053565,-0.001088,SITTING
0.014585,0.016494,9.928743,-0.004610,0.009940,-0.002401,0.030990,0.024844,0.053324,0.007999,SITTING
-0.010727,0.029429,9.729420,0.003737,0.002878,0.007929,0.029592,0.024527,0.043714,0.008537,SITTING
0.011499,0.034748,9.764886,0.001658,0.001405,0.006435,0.034815,0.012068,0.077138,0.006643,SITTING
0.013506,0.019690,9.845898,0.005636,-0.002983,-0.002307,0.021208,0.001493,0.013060,0.003445,SITTING
0.028457,-0.003270,9.731598,0.012131,0.001508,0.007557,0.014778,0.021529,0.069278,0.011244,SITTING
0.031388,0.019826,9.761240,-0.000545,-0.001103,-0.002038,0.012065,0.017494,0.066888,0.007972,SITTING
0.005563,0.024271,9.830533,0.000145,0.005616,-0.005677,0.019550,0.026078,0.043208,0.002749,SITTING
0.016916,0.004436,9.824703,0.003755,0.002798,0.004861,0.011781,0.010767,0.096273,0.004092,SITTING
0.032680,0.048548,9.879945,-0.001410,-0.003588,0.001154,0.034498,0.032594,0.062421,0.002629,SITTING
-0.005244,0.034598,9.863514,0.002194,0.015972,-0.005460,0.022067,0.029063,0.108780,0.008815,SITTING
0.012516,0.034086,9.919235,0.003971,0.006286,0.005953,0.015458,0.027936,0.023767,0.003287,SITTING
0.012066,0.000676,9.777302,-0.002858,-0.006250,-0.001928,0.013630,0.018267,0.048968,0.009132,SITTING
0.014797,0.018299,9.792281,-0.008019,0.004355,0.000338,0.017345,0.004379,0.021033,0.004471,SITTING
0.006508,0.048395,9.774394,0.003571,0.009368,0.006963,0.015248,0.010548,0.115230,0.001005,SITTING
0.010715,0.000987,9.842507,0.005574,0.003429,0.003610,0.035740,0.000340,0.092868,0.007570,SITTING
-0.002122,-0.016172,9.785974,0.005770,0.018068,0.005585,0.020275,0.004256,0.049776,0.005944,SITTING
0.010272,0.000672,9.812835,0.003499,0.002130,-0.004250,0.028662,0.030845,-0.001641,0.006934,SITTING
0.016425,-0.018564,9.765858,0.003975,0.002604,0.000699,-0.008043,0.016216,0.088841,0.004698,SITTING
0.019728,0.009675,9.831298,0.002165,-0.001702,0.002223,0.014791,0.022243,0.024697,0.000013,SITTING
0.006804,0.003972,9.861151,0.005797,0.003893,0.000209,0.015283,0.013495,0.075050,0.005408,SITTING
0.006278,0.046683,9.768635,-0.003440,-0.002889,0.001344,0.011620,0.017534,0.073914,0.009390,SITTING
-0.006812,0.038279,9.888206,0.006123,0.003550,0.004054,0.013907,0.031983,0.060396,0.005749,SITTING
0.038272,0.032569,9.800681,0.003462,0.001541,0.004902,0.017127,0.020043,0.044258,0.002391,SITTING
0.028017,0.038203,9.875269,0.006726,0.007594,-0.000077,0.020970,0.030189,0.042301,0.010103,SITTING
0.026928,0.025136,9.833828,-0.005734,0.003979,0.001597,0.032778,0.001477,0.050753,-0.002667,SITTING
0.027515,0.012873,9.801953,-0.002119,-0.004165,0.016217,0.030108,0.014970,0.066207,0.004662,SITTING
0.007729,0.023112,9.759365,0.015770,0.007803,-0.001629,0.024057,0.028559,0.021618,-0.002875,SITTING
-0.000075,0.033542,9.822095,0.004692,-0.003138,0.004344,0.015078,0.043852,0.032792,0.008252,SITTING
-0.018004,0.000606,9.779905,0.002993,-0.000224,-0.004248,0.042478,0.015173,0.047311,0.005067,SITTING
-0.020469,0.032269,9.805296,0.003304,0.010354,-0.004441,0.005399,0.003186,0.045132,0.007133,SITTING
-0.009396,0.025592,9.885660,-0.001462,0.013141,-0.003816,0.009301,0.010456,0.077394,0.002772,SITTING
-0.037084,0.013629,9.807872,-0.001253,0.005534,-0.000204,0.037609,0.021059,0.102079,0.005271,SITTING
0.007365,0.003371,9.749260,0.006785,-0.000737,0.009954,0.006293,0.031004,0.042850,0.001982,SITTING
-0.001967,0.019252,9.745473,0.000873,0.003488,-0.006289,0.007928,0.010218,0.076147,0.004210,SITTING
0.034938,0.033098,9.821638,-0.011996,0.010658,-0.002957,0.029236,0.019748,0.054500,0.009514,SITTING
0.027941,0.049277,9.696324,0.010564,0.001066,-0.004668,0.012430,0.029388,0.038513,0.003530,SITTING
0.019469,0.017220,9.720357,-0.005971,0.007322,0.005790,0.015558,0.031684,0.091831,0.004067,SITTING
0.047048,0.018664,9.777614,0.001208,-0.000780,0.003355,0.007554,0.004124,0.063170,-0.001510,SITTING
-0.010809,0.012715,9.807190,-0.000595,-0.000176,-0.002053,0.016033,-0.008986,0.022189,0.000091,SITTING
0.017301,-0.005098,9.841761,0.005689,0.006151,0.000654,0.021246,0.017993,0.032320,0.004603,SITTING
0.044953,0.025794,9.789542,0.005788,0.004738,0.006342,0.015138,0.011464,0.061772,0.004525,SITTING
-0.013859,0.025964,9.770450,0.001635,-0.003866,0.009897,0.013591,0.020519,0.089226,0.001778,SITTING
0.034946,0.000264,9.825970,-0.000505,0.003463,0.008902,0.011706,0.004136,0.047205,0.005459,SITTING
-0.013890,-0.011564,9.793351,-0.000662,0.007401,0.002824,0.025885,0.017109,0.046084,0.009370,SITTING
0.016920,0.045054,9.829049,0.000516,0.004220,0.002393,0.026385,0.013500,0.080074,0.003515,SITTING
0.002529,0.012228,9.741496,0.003772,0.000768,0.009908,0.039194,0.023124,0.019678,0.003531,SITTING
0.010866,0.004506,9.813396,-0.002256,0.003992,0.001280,0.020354,0.026968,0.022364,0.009878,SITTING
0.001546,0.006857,9.887098,0.008601,0.011995,0.000620,0.021487,0.033818,0.038482,0.006599,SITTING
-0.010544,0.024228,9.874071,0.001628,0.004975,0.001270,0.023885,0.014667,0.053001,0.004546,SITTING
0.007427,0.008005,9.812841,-0.005141,0.000809,0.001681,0.025646,0.003182,0.041534,0.007326,SITTING
0.029147,0.026782,9.727505,0.002909,-0.001336,-0.001092,0.006559,0.013892,0.052312,0.000686,SITTING
0.026605,0.025886,9.875059,0.008536,-0.000924,-0.000506,0.037604,0.018219,0.008865,0.000963,SITTING
0.016032,0.009107,9.828951,0.006745,0.007964,0.004864,0.044990,0.025667,0.042807,0.005964,SITTING
0.019052,0.030458,9.776669,0.005543,0.006241,-0.007976,0.014036,0.011706,0.054155,0.003073,SITTING
-0.013114,0.004255,9.737504,0.004565,0.005887,-0.004299,0.016781,0.000909,0.036983,0.006453,SITTING
0.010763,0.045531,9.893943,0.012163,0.005510,-0.002734,0.021746,0.002687,0.045520,0.004229,SITTING
-0.002011,0.038746,9.720874,-0.013940,0.000149,-0.000795,0.016130,0.030502,0.042077,0.000909,SITTING
-0.011524,0.027227,9.776686,-0.010585,0.006137,-0.002801,0.015589,0.035825,0.024966,0.008736,SITTING
0.011810,0.088978,9.656948,-0.004132,-0.007900,0.006809,0.034503,0.027017,0.056574,0.003956,SITTING
0.022432,0.007208,9.760545,0.007194,-0.009106,0.002643,0.025509,0.030202,0.045883,0.003752,SITTING
-0.008724,0.014079,9.785100,0.000669,-0.002090,0.005544,0.020300,0.023450,0.070581,0.007696,SITTING
-0.029932,0.007570,9.770286,-0.001306,0.007457,0.002102,0.016911,0.024883,0.025650,0.000422,SITTING
-0.008406,0.047040,9.769911,0.002787,0.002172,-0.002622,0.025756,0.022608,0.079151,0.008264,SITTING
0.017986,0.019454,9.855754,0.003613,0.001012,-0.002536,0.018718,0.010969,0.024764,0.002232,SITTING
-0.009118,0.010928,9.878778,0.009011,-0.005440,-0.002959,0.044061,0.019956,0.041883,0.007211,SITTING
0.036205,0.012821,9.777152,0.009162,0.004986,-0.005766,0.004171,0.009004,0.013857,0.002172,SITTING
-0.006599,0.002227,9.874607,-0.000278,0.001832,0.006271,0.029756,0.018616,0.039015,0.005334,SITTING
0.005470,0.016149,9.824802,-0.000945,-0.000071,0.000791,0.028667,0.036484,0.037120,0.004544,SITTING
0.001972,0.036466,9.683166,-0.009385,0.012299,0.007691,0.022710,0.025436,0.093407,0.009219,SITTING
-0.002010,-0.026665,9.848153,0.003015,-0.000386,-0.000421,0.024286,0.021877,0.050705,0.005880,SITTING
0.005184,-0.014978,9.893882,0.002672,0.002474,-0.002482,0.009488,0.003754,0.072708,-0.001164,SITTING
0.030282,-0.000890,9.895180,0.004482,-0.000397,0.004193,0.020083,0.025731,0.081655,0.007099,SITTING
0.017928,0.029201,9.830233,0.002690,-0.002557,0.000759,0.012733,0.021071,0.074878,0.006267,SITTING
0.010932,0.059017,9.790374,-0.009914,-0.001100,-0.005505,0.005171,0.009342,0.053003,0.002958,SITTING
0.023241,0.011824,9.819005,-0.001378,0.004287,-0.000624,0.019456,0.028112,0.054667,0.007232,SITTING
0.045548,0.037392,9.826244,0.009653,0.006571,0.001360,0.012264,0.010114,0.033440,0.005594,SITTING
-0.008268,0.013977,9.774167,0.000604,-0.002411,-0.001195,0.034932,0.022176,0.077475,0.009182,SITTING
-0.001019,0.006674,9.753294,0.003902,-0.005268,0.005767,0.019729,0.025127,0.025500,0.000660,SITTING
-0.008424,0.032719,9.779366,0.001299,0.001765,-0.004278,0.022030,0.031646,0.043544,0.006249,SITTING
0.007421,0.029112,9.851253,0.002578,0.006949,0.003994,0.016094,0.030394,0.049098,0.005106,SITTING
-0.023835,0.027070,9.863411,-0.000154,0.001761,0.003399,0.012400,0.009230,0.019784,0.006909,SITTING
-0.010316,0.027451,9.750652,-0.004752,0.002583,0.008445,0.022309,0.027987,0.066577,0.006452,SITTING
0.038442,0.019113,9.774993,-0.009270,0.001630,0.002793,0.026289,0.013336,0.035050,0.003475,SITTING
-0.010184,0.019848,9.790209,-0.015595,0.005336,0.006724,0.012110,0.020304,0.077694,0.003902,SITTING
0.028897,0.018997,9.741562,0.003350,0.004623,0.008093,0.022298,0.002886,0.056815,0.003437,SITTING
-0.000988,0.026351,9.749865,-0.009460,-0.001905,0.009063,0.019500,-0.008695,0.034597,0.001400,SITTING
0.022093,0.014059,9.822284,0.001413,0.005157,-0.007546,0.027933,0.011218,0.055845,0.010028,SITTING
-0.000786,0.044151,9.769161,-0.003810,0.002722,0.000704,0.004498,0.011817,0.055679,0.007565,SITTING
0.008097,0.010305,9.903522,-0.004407,-0.000430,0.009457,-0.001730,0.004898,0.082528,0.000103,SITTING
0.027029,0.028707,9.834385,0.001350,-0.004411,0.006761,0.021846,0.009920,0.044015,0.006165,SITTING
0.000029,0.018863,9.765693,-0.000899,-0.002980,0.004290,0.021985,0.024071,0.078518,0.005377,SITTING
0.040758,0.015015,9.801225,0.001676,-0.001302,-0.000738,0.015265,0.015815,0.036059,0.003611,SITTING
0.011015,0.049234,9.768005,-0.003084,0.002686,-0.002332,0.005920,0.011470,0.073697,0.002836,SITTING
0.023139,0.010766,9.847706,0.007342,0.005600,0.004967,0.009625,0.007830,0.055602,0.010305,SITTING
0.032757,0.025016,9.829539,0.000437,-0.002183,0.007305,0.023736,0.019724,0.011370,0.001820,SITTING
0.018374,0.004810,9.783003,-0.000462,0.001799,0.001469,0.016715,0.016153,0.048478,0.006668,SITTING
-0.005431,0.052131,9.815490,-0.004870,-0.000034,0.007974,0.021769,0.009671,0.089403,0.009695,SITTING
0.006987,0.023789,9.823074,0.000391,0.004503,-0.004021,0.001739,0.006402,0.081756,0.005104,SITTING
0.038335,0.059502,9.791124,-0.001379,0.004248,-0.003174,0.016693,0.019691,0.064176,0.005517,SITTING
-0.005626,0.024633,9.733927,0.002920,0.005433,0.009378,0.022239,0.028865,0.084312,0.007051,SITTING
-0.001576,-0.004709,9.823685,0.001201,0.004810,0.005034,0.035754,0.015115,0.041810,0.010684,SITTING
0.004136,0.035224,9.766503,0.009698,0.009581,-0.000390,0.007926,0.023541,0.045744,0.005246,SITTING
-0.009991,0.058247,9.644263,0.000748,0.013933,0.010169,0.016062,0.029438,-0.010910,0.006290,SITTING
0.001935,0.043538,9.811277,0.001122,0.002485,-0.003816,0.034896,0.017306,0.081339,0.007432,SITTING
-0.024231,0.026658,9.685022,-0.005038,0.003669,0.008855,0.015003,0.011419,0.035950,0.009285,SITTING
0.000051,0.021977,9.827329,0.000785,0.000568,0.002558,0.030315,0.020127,0.064685,0.002609,SITTING
0.016174,0.017168,9.869040,0.003255,0.003714,-0.004805,0.027726,0.026137,0.047136,0.004399,SITTING
0.012610,0.001938,9.854955,-0.000599,0.003215,0.002107,0.025917,0.010686,0.077497,0.002623,SITTING
0.019115,-0.016378,9.798890,-0.000552,0.005837,0.001318,0.019831,0.013246,0.038710,0.008880,SITTING
-0.005973,0.020448,9.789582,0.004550,0.002513,-0.005049,0.021341,0.030378,0.065027,0.003649,SITTING
0.004596,0.041441,9.784564,0.004497,0.004743,0.004089,0.004751,0.011701,0.079581,0.002703,SITTING
0.039961,-0.032377,9.789993,0.001032,0.007219,-0.003995,0.021668,0.021607,0.046413,0.005617,SITTING
0.023870,0.004023,9.777921,-0.004900,0.003303,-0.000120,0.025252,0.022132,0.060211,0.008204,SITTING
-0.001246,0.050670,9.900323,-0.005039,-0.012826,0.004916,0.033803,0.014327,0.068313,0.000305,SITTING
0.028497,0.014903,9.733234,-0.000583,0.010444,0.003476,0.031704,0.013322,0.051262,0.011008,SITTING
-0.003128,0.047965,9.826005,0.001217,0.007170,0.004064,0.013540,0.025185,0.074543,0.004770,SITTING
-0.003140,0.044918,9.795017,0.003255,0.008078,0.001729,0.012737,0.015147,0.046327,0.006564,SITTING
0.040719,0.048376,9.809767,0.001991,-0.000889,-0.001159,0.029754,0.022345,0.085627,0.007279,SITTING
-0.005172,0.043175,9.823112,0.008696,0.008334,-0.011596,0.002626,0.015989,0.093393,0.000184,SITTING
0.018457,0.033140,9.788181,0.004630,0.000742,0.002691,0.014834,0.025301,0.041305,0.007779,SITTING
0.012249,0.005475,9.711344,-0.002991,0.008376,-0.005591,0.016609,0.027967,0.061388,0.008260,SITTING
0.007857,0.023503,9.791319,-0.001355,0.002938,0.011803,0.023029,0.016126,0.084118,0.004317,SITTING
0.029280,0.024749,9.800842,0.001977,0.010369,-0.002786,-0.001458,0.009190,0.000149,-0.000202,SITTING
0.022623,0.031888,9.896831,-0.002230,0.012730,0.000397,0.020956,0.018054,0.074679,0.000841,SITTING
0.008610,0.019669,9.673419,-0.004692,0.001552,0.000975,0.037138,0.012167,0.041438,0.003483,SITTING
0.024360,0.046072,9.779606,0.002995,0.000127,-0.004541,0.022368,0.028813,0.055318,0.005366,SITTING
0.009401,0.009752,9.860608,-0.000625,0.000784,0.002490,0.012938,0.035735,0.059800,0.004524,SITTING
0.020567,0.023493,9.780555,0.005242,0.006779,-0.000235,0.007893,0.008555,0.060480,0.004808,SITTING
0.021537,0.048360,9.760372,0.002562,0.002809,0.007332,0.016316,0.025901,0.026274,0.006999,SITTING
-0.010507,0.012719,9.824082,-0.005638,0.000620,0.001147,0.019961,0.017902,0.052485,0.004956,SITTING
0.014931,0.019655,9.853651,0.000590,0.002819,0.006037,0.033236,0.024413,0.026226,0.004314,SITTING
0.000989,-0.010704,9.761002,0.002541,-0.000391,-0.008737,0.011147,0.016523,0.045261,0.005625,SITTING
-0.012248,0.014749,9.873351,0.007452,0.005007,0.004160,0.017660,0.013508,0.017473,0.009863,SITTING
0.014835,-0.004930,9.793406,-0.007963,0.004087,0.000333,0.001939,0.036561,0.087971,0.005250,SITTING
0.007675,0.019773,9.735797,0.004095,0.003863,0.002147,-0.001208,-0.009417,0.062644,0.004911,SITTING
0.013361,-0.002469,9.901606,0.002854,0.003043,-0.001144,0.018657,0.006100,0.077342,0.001254,SITTING
0.035542,-0.005807,9.780661,-0.002858,0.002432,-0.004239,0.005394,0.024361,0.058504,0.005838,SITTING
0.011879,0.037629,9.702975,-0.003268,-0.001172,0.004618,0.028558,0.027941,0.014722,0.011725,SITTING
0.009759,0.009394,9.851361,-0.001231,0.007727,0.001231,0.028527,0.012524,0.063399,0.004702,SITTING
-0.011479,0.044346,9.775230,0.002027,0.006733,0.004057,0.011907,0.021528,0.029396,0.006304,SITTING
0.004411,0.011557,9.725148,0.003185,-0.000935,0.003043,0.002791,0.031162,0.050550,0.003566,SITTING
0.039885,0.002312,9.767000,-0.008561,0.007814,-0.007394,0.029079,0.014528,0.056033,0.005303,SITTING
0.014977,0.036637,9.755724,-0.002020,0.001926,-0.001797,0.021634,0.011304,0.056118,0.003724,SITTING
-0.003325,0.007443,9.747023,0.005035,0.001303,0.001375,0.011300,0.029760,0.059590,0.003561,SITTING
0.037330,0.030575,9.810666,-0.009362,0.001140,-0.001189,0.015417,0.016030,0.026390,0.004396,SITTING
0.036469,-0.013861,9.784876,0.000210,-0.002286,-0.003211,0.041664,0.012341,0.037576,0.007509,SITTING
0.011740,-0.006408,9.774121,-0.010205,-0.000026,-0.000885,0.017220,0.023756,0.074259,0.011348,SITTING
0.030065,0.024418,9.839671,-0.001313,0.002766,-0.003828,0.018135,0.028933,0.076386,0.001321,SITTING
0.027270,0.026251,9.839684,-0.005328,0.000257,0.003082,0.032312,0.036159,0.082197,0.001059,SITTING
-0.005727,0.015763,9.813553,0.008486,-0.002733,0.008820,0.014092,0.027839,0.055042,0.001673,SITTING
0.013626,0.039136,9.786138,-0.008147,0.004790,-0.001561,0.014275,0.014054,0.085368,0.004503,SITTING
0.030302,0.041312,9.765681,0.001182,0.005900,0.005094,0.023209,0.021188,0.068842,0.003526,SITTING
0.026395,0.024362,9.789718,-0.001894,0.011991,0.000781,0.038311,0.011187,0.093332,0.004266,SITTING
0.021437,-0.028633,9.818257,-0.003739,-0.002173,-0.007096,0.018131,0.015479,0.035497,0.004752,SITTING
0.007711,-0.019254,9.884526,0.001140,0.003389,-0.004137,0.031138,0.004999,0.042182,0.005732,SITTING
-0.013475,0.007377,9.741540,0.013921,-0.005120,0.006553,0.010258,0.027048,0.037468,0.003846,SITTING
-0.020322,0.027180,9.721697,0.005868,0.007023,0.011410,0.032421,0.031587,0.028479,0.002929,SITTING
-0.009956,0.028618,9.711457,0.003327,0.009309,-0.007646,0.037488,0.016008,0.073701,0.005490,SITTING
0.012433,0.035433,9.793362,0.005448,0.012252,0.004833,0.019150,0.015492,0.027429,0.004532,SITTING
0.030477,0.035347,9.692273,0.000894,-0.000417,0.000360,0.010763,0.024447,0.058387,0.001515,SITTING
-0.003843,0.020038,9.781263,0.000076,-0.006162,0.013090,0.026829,0.016288,0.076776,0.004542,SITTING
0.002020,0.013285,9.745316,0.002449,-0.003646,0.002696,0.011534,0.030580,0.064718,0.004508,SITTING
0.036516,0.005769,9.774983,0.003685,0.005218,-0.004333,0.028755,0.032994,0.080674,0.005592,SITTING
0.045211,0.026792,9.695391,-0.007253,0.008795,-0.001107,0.024903,0.031222,0.089718,0.008368,SITTING
0.044505,0.047216,9.727304,-0.004704,-0.006623,-0.003143,0.019018,0.036440,0.041318,0.006773,SITTING
0.011847,-0.007676,9.841981,0.001276,-0.003891,0.005615,0.016894,0.014832,0.037938,0.002801,SITTING
0.029685,0.062153,9.767046,-0.004680,0.002521,0.006376,0.028550,-0.009246,0.063588,0.006860,SITTING
0.018299,0.027218,9.797290,0.002931,0.003131,0.006233,0.014805,0.034974,0.077489,0.001817,SITTING
-0.027575,0.064893,9.662990,0.003972,-0.006863,0.003508,0.036324,0.025971,0.039197,0.006654,SITTING
0.004687,0.019343,9.860524,-0.006288,0.006069,-0.003961,0.029578,0.024125,0.098956,0.005995,SITTING
0.033697,-0.013984,9.779600,-0.001661,-0.001302,0.009557,0.023816,0.034442,0.041593,0.005351,SITTING
0.027738,0.017388,9.825708,0.001780,-0.002310,-0.001868,0.025374,0.014652,0.041636,0.006893,SITTING
-0.005463,0.015121,9.789368,-0.007990,0.008707,0.005058,0.020601,0.010227,0.083560,0.000426,SITTING
0.015803,0.032285,9.786484,-0.005280,0.009610,0.002399,0.010178,0.021925,0.086544,0.003366,SITTING
0.019484,0.049469,9.759027,0.000152,-0.003802,-0.005670,0.036004,0.013140,0.062067,0.000809,SITTING
0.056912,0.069087,9.760331,0.000172,0.006977,-0.001945,0.024716,0.013070,0.047971,0.007920,SITTING
0.036258,0.001025,9.777232,0.002431,-0.004415,0.000329,0.023445,0.012568,0.053909,0.007107,SITTING
0.006237,0.026984,9.789180,0.000365,0.009500,0.010873,0.028322,-0.003996,0.083111,0.007370,SITTING
0.009399,0.020807,9.759864,0.008053,0.000443,0.006385,0.018499,0.022828,0.050102,0.005736,SITTING
0.011356,0.029934,9.785736,0.002784,0.007713,-0.004525,-0.006321,0.023050,0.021214,0.004396,SITTING
0.006110,0.005152,9.813142,0.003352,0.000070,0.007427,0.016056,0.016416,0.041007,0.004005,SITTING
-0.016822,0.041865,9.864665,0.009452,0.003216,-0.004954,0.024158,0.019511,0.047556,0.002633,SITTING
0.012685,0.023070,9.847058,-0.001306,-0.000680,-0.001894,0.020199,0.016778,0.091071,-0.000125,SITTING
0.012195,0.030893,9.775965,-0.003531,0.004724,-0.001737,0.014184,0.024063,0.019749,0.004894,SITTING
0.016340,-0.003919,9.820489,-0.003509,0.000587,0.002656,0.016536,0.003039,0.069632,0.002375,SITTING
0.022831,0.033331,9.829566,-0.005700,-0.004235,-0.003002,0.011200,0.017042,0.046680,0.003618,SITTING
0.001402,0.006348,9.884926,0.000759,-0.012205,0.007873,0.026743,0.017867,0.067743,0.005496,SITTING
-0.019459,0.019169,9.953110,-0.002530,0.003867,-0.000111,0.012387,0.036291,0.048496,0.002214,SITTING
0.014314,0.018981,9.847363,-0.001008,-0.000352,0.000802,0.018214,0.015377,0.053565,0.003748,SITTING
0.033831,0.013425,9.845332,0.001531,0.006411,0.006384,0.013415,0.007846,0.055240,-0.002410,SITTING
0.042031,-0.016328,9.823221,0.002954,0.003276,-0.000722,0.010974,0.034599,0.041634,0.005009,SITTING
0.005892,0.040759,9.828498,0.000176,0.001031,0.003668,0.017279,0.009725,0.047899,-0.000392,SITTING
0.026553,0.002724,9.807289,0.000082,0.004157,0.003761,0.019656,0.018946,0.065751,0.003773,SITTING
-0.010536,0.007711,9.785955,-0.003820,0.001299,-0.000382,0.037305,0.017852,0.022078,0.004495,SITTING
0.005450,0.003116,9.895999,0.001119,-0.005340,-0.001575,0.024723,0.014016,0.054937,-0.001675,SITTING
0.025101,0.000662,9.864061,0.008027,-0.000035,-0.000027,0.028036,0.002693,0.046877,0.001077,SITTING
0.020986,0.023438,9.843170,0.002130,0.001631,-0.006658,0.016732,0.010883,0.074423,0.005950,SITTING
-0.004162,0.076202,9.765916,-0.003639,0.005299,-0.009645,0.025633,0.020937,0.032764,0.006608,SITTING
0.025041,-0.017829,9.861270,-0.005955,-0.004868,0.001583,0.018118,0.018472,0.046348,0.010548,SITTING
-0.008671,0.017142,9.882796,0.004830,0.001500,0.007980,0.020867,0.016396,0.053435,0.001231,SITTING
0.012461,0.019836,9.774547,0.007693,0.004951,0.007836,0.015979,0.009151,0.025937,0.000613,SITTING
0.026371,0.002466,9.848303,-0.007261,0.002161,-0.009713,0.028582,0.016447,0.014253,0.004669,SITTING
0.042359,0.032929,9.788492,-0.003472,-0.001269,-0.002565,0.036795,0.001174,0.044120,-0.000272,SITTING
-0.001175,0.000334,9.788984,0.007065,0.001661,0.001717,0.017410,0.001581,0.058316,0.002860,SITTING
0.004344,-0.013266,9.753791,0.009670,0.007306,-0.001658,0.035634,0.020512,0.072642,0.004827,SITTING
0.015451,0.011312,9.769873,0.000025,-0.004030,0.003605,0.018456,0.012159,0.038842,0.005570,SITTING
-0.016366,0.051463,9.830754,0.003433,-0.002918,0.016678,0.017523,0.023651,0.052530,0.004036,SITTING
-0.044284,0.036687,9.774133,-0.006068,-0.008100,-0.001973,0.033705,0.025448,0.070718,0.005959,SITTING
0.008940,0.031710,9.806245,0.003738,0.006026,-0.000365,0.026769,0.029481,0.061457,0.003005,SITTING
0.016714,0.008091,9.735538,0.003750,0.004428,-0.000414,0.019522,0.019078,0.059833,0.005701,SITTING
-0.019966,0.015168,9.800218,0.000330,0.005766,0.000401,0.032174,0.009728,0.100336,0.001073,SITTING
0.020049,-0.002352,9.759521,0.007274,0.005207,0.000554,0.026281,0.047461,0.060639,0.002835,SITTING
-0.009884,0.021138,9.799511,0.005274,-0.009106,-0.004725,0.012459,0.015535,0.036726,0.007129,SITTING
0.001258,0.011332,9.823802,0.010315,0.004395,-0.004398,0.008396,0.037792,0.046613,0.009923,SITTING
-0.044996,0.024259,9.828380,0.006649,0.005629,0.006862,0.034329,0.018039,0.092599,0.004919,SITTING
0.019280,0.047491,9.706237,0.006151,-0.007479,0.012546,0.018421,0.027531,0.055231,0.005619,SITTING
-0.022071,0.007486,9.810318,0.002939,0.005813,-0.004030,0.013324,0.029537,0.025426,0.006128,SITTING
0.016346,0.024562,9.906829,-0.002633,0.003136,-0.002682,0.053685,0.025901,0.066615,0.006056,SITTING
0.035944,0.022083,9.755737,0.005618,0.002743,-0.001911,0.029337,0.016587,0.049271,-0.001538,SITTING
-0.009105,0.045827,9.874086,-0.000601,0.008388,0.004989,0.012426,0.019344,0.057072,0.000074,SITTING
-0.006495,0.022116,9.764778,0.000746,0.011006,0.000294,0.028908,0.025722,0.028284,0.000364,SITTING
0.052204,0.009440,9.792242,0.000213,-0.005359,0.004442,0.027211,0.017785,0.040676,0.005580,SITTING
0.027170,0.019046,9.825380,0.003173,-0.003879,-0.005697,0.015197,0.021752,0.099666,0.007597,SITTING
-0.019591,0.050138,9.745651,0.004688,0.003139,-0.001481,0.031831,0.014607,0.077826,0.000351,SITTING
-0.029978,0.006403,9.730206,0.002849,-0.001844,0.005165,0.022128,0.007600,0.028801,0.008083,SITTING
0.025232,0.035854,9.722430,-0.003988,0.002140,-0.001383,0.016792,0.025107,0.017148,0.003496,SITTING
-0.014331,0.033235,9.794431,0.002642,0.002750,0.009973,0.025725,-0.001207,0.027826,0.002065,SITTING
0.011687,-0.006493,9.751419,0.009227,0.005130,-0.002496,0.028678,0.029615,0.042262,0.010986,SITTING
-0.012168,0.051832,9.761222,0.003890,0.005391,0.004086,0.019461,0.035707,0.063376,0.002873,SITTING
-0.016017,0.022611,9.896695,-0.001305,0.002705,-0.009122,0.019150,0.011371,0.061476,0.009471,SITTING
0.021273,0.069786,9.782570,0.004532,-0.000716,0.005304,0.023125,0.025150,0.069391,0.003776,SITTING
0.005272,-0.001996,9.714758,0.003155,0.005697,-0.006291,0.020429,0.022467,0.028132,0.006674,SITTING
0.039876,-0.005268,9.761322,0.003918,0.003971,0.002324,0.028623,0.009787,0.035448,0.006327,SITTING
0.021856,0.015416,9.782918,-0.003473,0.003403,-0.003480,0.010409,0.032829,0.029229,0.001568,SITTING
-0.008868,0.028066,9.914077,0.006914,-0.006916,0.004762,0.016669,0.023186,0.069435,0.006272,SITTING
0.014686,0.013440,9.835526,-0.004216,-0.001780,0.005647,0.030726,0.043051,0.075787,0.002933,SITTING
-0.009110,0.003979,9.840132,-0.000027,-0.004242,-0.001132,0.015709,0.010497,0.045630,-0.003000,SITTING
-0.006493,0.043476,9.766857,-0.001021,0.001486,-0.001958,0.003450,0.010401,0.039331,0.003111,SITTING
-0.006144,-0.018542,9.803971,0.005519,-0.004379,-0.000322,0.028829,0.015173,0.039212,0.000757,SITTING
0.043868,0.015481,9.828156,0.004321,-0.001025,0.006766,0.023127,0.024052,0.056770,0.002826,SITTING
0.015802,0.011266,9.796247,0.005262,0.007617,-0.000209,-0.008027,0.034821,0.069651,0.002458,SITTING
-0.013094,-0.026685,9.793923,0.004613,0.007155,-0.002358,0.017966,0.008056,0.046690,0.004473,SITTING
0.042329,0.006715,9.757747,0.010515,-0.002288,0.001539,0.020693,0.038931,0.021324,0.002883,SITTING
0.041361,0.042264,9.788989,-0.000146,-0.004126,-0.001453,0.025964,0.030330,0.041319,0.007874,SITTING
-0.016999,0.050678,9.762842,-0.001215,0.000266,-0.000940,0.016699,0.014606,0.060409,0.008683,SITTING
0.003123,0.022828,9.767637,0.008729,-0.001634,0.009227,0.036680,0.023292,0.045614,0.002567,SITTING
0.037203,0.026878,9.840995,-0.004007,-0.004095,-0.006955,0.018368,0.003638,0.043424,0.003219,SITTING
-0.007440,0.024364,9.785141,0.003586,0.000886,0.001851,0.019355,0.014486,0.080767,0.006374,SITTING
0.036126,0.047395,9.732938,-0.002552,-0.004512,-0.000149,0.030146,0.024060,0.020402,0.005788,SITTING
0.023427,-0.008490,9.795865,0.003181,0.001293,0.001104,0.018373,0.034289,0.038226,0.001285,SITTING
0.032907,0.006703,9.822310,-0.012947,0.008132,-0.003255,0.012453,0.023138,0.032377,0.001696,SITTING
0.044088,-0.003841,9.793931,-0.006525,-0.005213,0.006141,0.016538,0.031472,0.049840,0.000919,SITTING
0.012440,0.017207,9.801466,0.004700,0.008129,-0.007588,0.016632,0.009570,0.057942,0.007590,SITTING
0.047018,0.025489,9.891175,0.002873,-0.004405,0.004683,0.023977,0.018200,0.032276,0.007961,SITTING
-0.019095,0.029183,9.729424,-0.004544,0.008648,-0.000416,0.015408,-0.002286,0.024700,0.007921,SITTING
0.019779,0.029881,9.852573,0.002442,0.007305,-0.006574,0.025503,0.032840,0.042135,0.012117,SITTING
0.007495,0.008903,9.783037,0.005590,0.006074,0.007902,0.007397,0.026121,0.023810,0.004053,SITTING
0.030283,-0.013401,9.829705,0.002962,0.002610,0.009894,0.018565,-0.000734,0.048841,0.005932,SITTING
-0.012399,0.024151,9.787677,0.009162,-0.003397,0.010839,0.026384,0.013147,0.043655,0.005475,SITTING
-0.012500,0.019294,9.876267,-0.000865,0.004753,-0.004635,0.010292,0.018309,0.061920,0.004128,SITTING
-0.032032,0.006000,9.668863,-0.003679,0.001937,0.001211,0.022190,0.002202,0.046203,0.008729,SITTING
-0.019637,0.023398,9.754082,-0.000798,0.002948,0.005988,0.028295,0.024282,0.033811,0.005143,SITTING
0.027305,0.036203,9.797698,0.002045,0.006801,-0.002905,0.013052,0.033573,0.047177,0.003990,SITTING
-0.015236,0.062588,9.798684,-0.007706,0.011102,0.000113,0.007978,0.004411,0.057255,0.003760,SITTING
0.038400,0.029827,9.797063,-0.000044,-0.000706,-0.000668,0.038569,0.025553,0.068560,0.006822,SITTING
-0.005591,0.021479,9.726879,-0.009762,-0.000290,0.007665,0.023998,0.019153,0.033005,0.005110,SITTING
0.003408,0.039597,9.781744,-0.000501,0.000648,0.006211,0.013082,0.008403,0.052164,0.007448,SITTING
-0.023688,-0.019128,9.892566,-0.000977,-0.001380,0.001859,0.019946,0.022594,0.062168,-0.000099,SITTING
0.023245,0.039531,9.804148,0.000339,0.008619,0.010923,-0.012927,0.028228,0.045887,0.006977,SITTING
0.003979,0.040605,9.812247,0.003421,-0.000304,0.000210,0.026954,0.023775,0.071004,0.007144,SITTING
0.036047,0.039465,9.806204,-0.001463,-0.001653,-0.001033,0.038278,0.011108,0.043326,0.009072,SITTING
-0.022964,0.015286,9.867867,0.003574,-0.001330,0.001220,0.034837,0.022552,0.050185,0.005482,SITTING
0.019117,0.001746,9.766879,0.002270,0.003153,0.003743,0.023790,0.018616,0.049308,0.004624,SITTING
0.020389,0.058834,9.794623,-0.001720,-0.008309,-0.009367,0.020516,0.018777,0.019232,0.008303,SITTING
0.030020,0.019967,9.870488,0.002271,0.012659,0.006647,0.021508,0.022940,0.062424,0.007779,SITTING
0.013284,-0.009263,9.786076,0.002986,0.000221,-0.006359,0.025201,0.025863,0.062338,-0.000174,SITTING
-0.023316,0.008141,9.833174,-0.008460,0.006221,0.002932,0.032234,0.001879,0.057524,0.008119,SITTING
-0.011054,0.062782,9.771455,-0.002185,-0.009002,0.001079,0.015389,0.026448,0.036867,-0.000233,SITTING
-0.009402,0.000849,9.825274,-0.004834,0.005558,0.003655,0.032451,0.018379,0.049762,0.009438,SITTING
0.011799,0.049099,9.840858,0.004121,0.008794,0.003485,0.001174,0.009993,0.073243,0.000858,SITTING
0.047838,-0.010142,9.837337,0.006102,0.003865,-0.002319,0.032922,0.021968,0.083378,0.008581,SITTING
0.036946,0.042474,9.791980,-0.002128,0.001205,-0.002638,0.008141,0.010222,0.054529,-0.000686,SITTING
-0.007711,0.027628,9.858325,0.012885,0.003819,0.002949,0.019479,0.021354,0.050083,0.003021,SITTING
-0.023638,0.026183,9.817442,0.009011,0.008343,0.003366,0.028663,0.003763,0.029865,0.007473,SITTING
0.034086,0.013991,9.787397,0.006446,0.002956,-0.009269,0.015937,0.015318,0.058381,0.003087,SITTING
-0.007024,0.017329,9.779426,0.005401,-0.002746,0.003190,0.016993,0.039493,0.044272,0.005258,SITTING
0.021775,0.036779,9.735620,-0.000839,-0.000230,-0.003438,0.014148,0.043264,0.049177,0.010820,SITTING
-0.025179,0.022271,9.833697,0.006266,0.004823,-0.000071,0.025367,0.017305,0.019124,0.004187,SITTING
0.010109,0.030343,9.721329,0.002629,0.009785,-0.000438,0.013424,0.018546,0.029309,0.001765,SITTING
0.011220,0.038071,9.791216,-0.000425,-0.001215,-0.003349,0.024261,0.006872,0.053473,0.002541,SITTING
0.013758,0.010320,9.789069,0.001962,-0.008284,-0.009810,0.032098,0.018169,0.044127,0.007192,SITTING
0.016783,0.028398,9.756670,-0.001084,-0.004906,0.003005,0.007348,0.024657,0.035917,0.004287,SITTING
-0.010964,0.068131,9.899781,0.001253,-0.004512,-0.008118,0.022775,0.006243,0.061614,0.010826,SITTING
0.008234,0.047565,9.852211,0.002382,0.006824,-0.002604,0.022927,0.009286,0.070307,0.003288,SITTING
0.014638,0.021855,9.920558,0.002613,-0.005409,-0.000944,0.006207,0.019390,0.082993,0.007255,SITTING
0.011936,0.028055,9.780210,-0.001158,0.000336,0.002080,0.018303,0.012601,0.071319,0.004714,SITTING
0.003290,0.022803,9.694432,-0.004879,-0.001503,-0.004107,0.025658,-0.000137,0.045969,0.004251,SITTING
0.072631,-0.001001,9.784917,-0.003303,0.006711,0.003988,0.031013,0.030437,0.073929,0.005606,SITTING
-0.001273,0.047096,9.860773,-0.004706,0.002741,0.002989,0.020087,0.018298,0.062408,0.003389,SITTING
0.015054,-0.009237,9.701373,-0.002819,0.003601,0.007534,0.014702,0.023276,0.024142,0.004158,SITTING
0.031968,0.013824,9.785255,0.005936,-0.006295,0.008466,0.024266,0.015196,0.048471,0.002981,SITTING
-0.010691,0.030902,9.878092,0.000860,0.003506,-0.002245,0.007479,0.019457,0.048328,0.008682,SITTING
0.010010,0.019434,9.849416,-0.000632,0.005265,-0.001512,0.024293,0.014890,0.046891,0.004370,SITTING
-0.022764,0.028657,9.762880,0.006747,0.005753,0.007412,0.024506,0.019808,0.044505,0.000433,SITTING
0.004674,0.008357,9.727558,0.003494,0.004528,-0.004137,0.033596,0.011775,0.055008,-0.000762,SITTING
-0.014478,0.045162,9.825542,0.001752,0.001240,0.001068,0.026145,0.007613,0.041114,0.007904,SITTING
0.024684,0.049439,9.695827,-0.001628,0.001434,0.006135,0.005482,0.012820,0.059945,0.004198,SITTING
0.015272,0.033734,9.804910,-0.004137,-0.003886,0.004385,0.020927,0.017068,0.059149,0.005738,SITTING
-0.035783,0.027342,9.770171,-0.000362,0.002156,0.000044,0.026747,0.025785,0.041600,0.002109,SITTING
0.017441,0.066422,9.810240,0.006911,-0.002508,-0.004568,-0.005029,0.029382,0.054119,0.000234,SITTING
0.003158,0.054113,9.770279,0.003941,-0.000897,-0.006126,0.011436,0.030659,0.054188,0.005361,SITTING
0.024919,-0.011302,9.804986,0.004861,0.004831,0.003724,0.032749,0.031434,0.013702,0.005135,SITTING
0.058271,-0.010099,9.700718,-0.006813,0.006453,-0.002186,0.011932,0.030487,0.049732,0.006588,SITTING
0.027211,0.023697,9.775579,0.003230,0.003683,0.000208,0.022261,0.032491,0.069957,0.011433,SITTING
-0.007402,0.036340,9.835341,0.006586,0.006507,0.001569,0.001971,0.025516,0.050847,0.003983,SITTING
0.004909,0.049818,9.807283,-0.004044,-0.000166,-0.001931,0.017363,0.018595,0.054613,0.002212,SITTING
0.018580,0.009227,9.826823,0.012725,0.005769,-0.004716,0.007498,0.020865,0.032215,0.004955,SITTING
0.065876,0.012998,9.856580,0.002764,-0.000637,-0.010917,0.012446,0.023993,0.063948,0.003073,SITTING
0.013727,0.014982,9.800138,-0.002157,-0.000030,0.001227,0.011380,0.002409,0.028237,0.004121,SITTING
-0.013782,0.023637,9.844492,-0.002207,0.000424,0.002977,0.022269,0.003473,0.036799,0.004483,SITTING
-0.000188,0.011101,9.898281,-0.005007,-0.002974,0.000196,0.003177,0.019759,0.101921,0.006906,SITTING
0.007426,0.039760,9.834263,-0.000133,-0.002180,0.002312,0.012744,0.003486,0.075617,0.005962,SITTING
-0.000730,0.015165,9.792986,0.007760,0.008001,0.004330,0.014829,0.018461,0.044939,0.008201,SITTING
-0.003887,0.026590,9.774858,0.008663,0.009161,0.001564,0.027855,0.003230,0.049787,0.007080,SITTING
0.051128,0.021978,9.751331,-0.004603,0.007164,0.000988,0.030488,0.025264,0.064752,0.005992,SITTING
0.029788,0.014392,9.810098,0.003555,0.001698,0.008461,0.008506,0.012854,0.036696,0.004377,SITTING
0.014079,0.033512,9.842358,0.007688,0.002001,0.012261,0.023063,0.016921,0.049525,0.001586,SITTING
0.020831,-0.015910,9.752406,0.002649,-0.001948,0.001644,0.029288,0.024202,0.039516,0.002629,SITTING
0.021118,0.031074,9.776621,-0.000344,0.001117,0.001171,0.015083,0.013965,0.042991,0.005276,SITTING
0.005197,0.038096,9.757541,0.007584,0.007046,-0.001184,0.022207,0.014345,0.106785,0.005625,SITTING
0.012461,0.046662,9.718833,0.005649,0.002686,0.008191,0.018855,0.024117,0.047795,0.007759,SITTING
0.042259,0.006967,9.864448,0.006225,-0.002569,0.001686,0.032988,0.015398,0.050002,0.004588,SITTING
0.020937,0.046152,9.823442,0.001372,-0.003567,0.003521,0.016938,0.025963,0.094774,0.001421,SITTING
0.007431,0.014759,9.857504,-0.007383,0.001020,-0.006308,0.018276,0.021583,0.063084,0.007455,SITTING
-0.023300,0.002422,9.895129,0.003096,-0.000323,0.004037,0.000077,0.036343,0.069457,0.006194,SITTING
-0.008554,-0.002743,9.778750,-0.005528,-0.009109,0.007530,0.028416,0.003452,0.045787,0.004227,SITTING
-0.007443,0.030335,9.814591,0.005633,-0.005767,0.009255,0.007715,0.021824,0.082074,0.003597,SITTING
0.033773,0.033615,9.794225,-0.005967,0.004052,0.004730,0.020026,0.018978,0.069467,0.006682,SITTING
-0.024370,0.009421,9.827206,0.000375,0.007523,0.000589,0.016747,0.012457,0.051394,0.004368,SITTING
-0.024302,0.023705,9.829883,-0.001722,0.002061,-0.000427,0.012914,0.000610,0.048214,0.005217,SITTING
-0.007743,0.035084,9.801938,0.007629,-0.001114,0.000260,0.018912,0.031958,0.036851,0.006965,SITTING
0.018776,0.014273,9.778720,0.002767,-0.000553,0.002310,0.017214,0.016869,0.028785,0.002756,SITTING
-0.004929,0.003475,9.876457,0.008267,-0.005214,0.006060,0.038186,0.007088,0.075473,0.004446,SITTING
-0.021234,0.051759,9.818123,-0.001484,-0.004781,0.006078,0.030087,0.041031,0.053279,0.003696,SITTING
0.035436,0.039602,9.730372,-0.001287,0.013770,0.005677,0.014929,0.005094,0.068506,0.007884,SITTING
0.009467,0.003683,9.751103,-0.002435,0.006153,0.004157,0.032009,0.034356,0.057381,0.009575,SITTING
-0.027745,0.015490,9.814188,-0.004373,0.000271,0.009509,0.020052,0.012816,0.072734,0.002129,SITTING
0.031454,0.054957,9.860708,0.004119,0.000251,0.005415,0.016813,0.007885,0.036884,0.009154,SITTING
0.052733,0.030760,9.872692,-0.004875,0.008888,0.005133,0.018518,-0.002331,0.007588,0.000039,SITTING
0.003127,-0.023132,9.726685,0.000855,-0.000157,0.008635,0.015274,0.030144,0.021811,0.004931,SITTING
0.030401,0.005571,9.809110,-0.005549,0.003452,-0.006005,0.020663,0.038913,0.063587,0.003118,SITTING
0.011034,-0.006013,9.812139,0.001402,0.000371,0.003288,0.028452,0.024967,0.081736,0.001701,SITTING
-0.020082,-0.008452,9.848944,0.004560,-0.005938,0.001367,0.010245,0.030223,0.030938,0.002977,SITTING
-0.006501,0.009627,9.797812,-0.001505,0.001365,-0.006016,0.004551,0.023186,0.032662,0.002472,SITTING
-0.001305,0.049093,9.793327,-0.000067,-0.001170,0.009083,0.032064,0.010518,0.047080,0.003164,SITTING
0.019162,0.032786,9.889149,0.007359,0.003303,0.005371,0.022622,0.009758,0.055280,0.007772,SITTING
-0.003199,0.005192,9.764997,0.005357,0.005726,0.000906,0.009087,0.020264,0.024382,0.002195,SITTING
0.019099,0.041947,9.809825,0.002912,-0.004942,-0.007791,0.014697,0.011794,0.067266,0.006515,SITTING
0.007191,0.055828,9.813086,0.004861,-0.005478,-0.000391,0.024542,0.013734,0.063252,0.006449,SITTING
0.018172,-0.014844,9.771291,-0.002897,-0.000350,0.002250,0.020214,0.020053,0.040255,0.007257,SITTING
0.023055,0.060308,9.783194,-0.004191,-0.009463,0.002375,0.014968,0.003335,0.040070,0.005143,SITTING
0.013300,0.001276,9.779013,-0.005373,0.005418,-0.001068,0.026393,-0.002888,0.066837,0.001251,SITTING
0.034174,0.000671,9.791981,-0.000614,0.000778,0.005336,0.002805,0.025570,0.016987,0.003526,SITTING
0.001165,0.031429,9.857065,0.003944,-0.000575,-0.008584,0.025312,0.026029,0.051926,0.008252,SITTING
0.018413,0.025382,9.748579,-0.000743,-0.005081,-0.002431,0.018520,0.024865,0.081261,0.005184,SITTING
0.003810,0.030584,9.791586,0.003098,0.006111,0.001580,0.029758,0.023437,0.053504,0.006022,SITTING
0.016039,0.061781,9.759761,-0.003235,-0.004257,-0.005911,0.002570,0.002970,0.046538,0.000622,SITTING
-0.009727,0.028896,9.786237,0.008260,-0.000058,0.010521,0.015011,0.032542,0.040188,0.002337,SITTING
-0.012059,0.017294,9.850869,0.003737,0.005813,0.014565,0.024206,0.002982,0.049719,0.005081,SITTING
0.013655,0.020067,9.820222,0.002197,-0.001046,-0.002002,0.009001,0.023382,0.043184,0.002145,SITTING
0.003052,0.008045,9.729294,-0.002855,-0.008522,0.001190,0.021490,0.012897,0.043960,0.005644,SITTING
0.006399,0.021701,9.819963,0.008334,0.006241,-0.000188,0.020154,0.032436,0.051916,0.005111,SITTING
-0.003138,0.006731,9.848760,-0.000991,0.005746,-0.000007,0.029608,0.020907,0.031148,0.002781,SITTING
-0.001401,0.045824,9.791121,0.007564,0.004129,0.003262,0.031551,0.011295,0.086232,0.002493,SITTING
0.005112,-0.010788,9.825194,0.004239,-0.002125,-0.010168,0.016281,0.013838,0.063460,-0.002386,SITTING
0.022011,0.009189,9.799525,0.001736,0.006530,-0.000549,0.033334,0.029712,0.067619,0.008133,SITTING
0.046004,0.028989,9.755643,0.003834,-0.000838,-0.001272,0.024698,0.024594,0.033813,0.005512,SITTING
0.015085,0.035226,9.769602,0.003627,0.001208,0.003587,0.012209,0.024239,0.086095,0.008882,SITTING
-0.020424,0.003083,9.893217,-0.001410,0.002375,0.010204,0.016534,0.034820,0.069174,0.005844,SITTING
-0.001757,0.013631,9.827579,0.001571,0.004968,-0.001857,0.030738,0.026978,0.048194,0.002270,SITTING
0.055685,0.000938,9.820494,-0.002947,-0.001756,0.003888,0.027925,0.014626,0.060960,0.007217,SITTING
-0.007907,0.035252,9.811934,-0.000691,-0.005896,0.000257,0.016051,0.016939,0.070589,0.009764,SITTING
-0.004305,0.021415,9.849681,0.001085,-0.002301,-0.000184,0.017078,0.021319,0.019623,-0.000364,SITTING
-0.000903,0.012977,9.840136,-0.000852,0.001572,0.006704,0.014495,0.012182,0.049056,0.004436,SITTING
0.005737,0.005681,9.874480,-0.005680,0.000498,0.001659,0.009996,0.014389,0.041271,0.006982,SITTING
0.029175,0.027565,9.717016,-0.001253,0.008548,-0.009313,0.016766,0.008815,0.038566,0.003016,SITTING
0.013595,0.055934,9.794248,0.006308,0.004741,0.002155,0.022465,0.022761,0.037691,0.006296,SITTING
-0.001729,0.042502,9.731921,-0.001347,0.010329,-0.002899,0.027247,0.032605,-0.001173,0.001700,SITTING
0.009945,-0.013599,9.807657,-0.006468,-0.000524,-0.006353,0.032648,0.025306,0.035845,0.006358,SITTING
-0.000512,0.042798,9.785425,-0.002894,0.005419,0.003634,0.020256,0.015233,0.057944,0.001589,SITTING
-0.017954,0.006795,9.874668,0.001758,0.002213,0.000607,0.042235,0.020162,0.010255,0.003645,SITTING
-0.002260,0.037060,9.807370,0.003023,-0.001785,0.003521,0.016982,0.024987,0.027120,0.007154,SITTING
0.019378,-0.040769,9.778248,0.013400,0.010847,-0.002582,0.024576,0.021199,0.027165,0.010795,SITTING
0.020163,0.004860,9.777551,-0.005173,0.001271,0.000141,0.015453,0.013405,0.068097,0.001651,SITTING
0.035175,-0.024374,9.865713,-0.005662,-0.001256,-0.000432,0.023100,0.004462,0.038263,0.005753,SITTING
0.019749,0.029314,9.785007,-0.004777,-0.000925,-0.003381,0.018362,0.031878,0.024297,0.006737,SITTING
-0.006333,0.003133,9.780965,0.005825,-0.001361,-0.003900,0.000110,0.025245,0.082015,0.005087,SITTING
0.009484,0.012483,9.818442,0.000040,-0.006760,0.000871,0.009540,0.026823,0.061723,0.007712,SITTING
0.005740,0.021595,9.872466,0.005011,-0.004824,-0.001893,0.013119,0.032808,0.077672,0.005265,SITTING
0.012360,-0.034132,9.793658,-0.000010,0.005742,0.008378,0.030332,0.014527,0.087123,0.000851,SITTING
-0.018993,-0.001871,9.771672,-0.005346,0.004563,0.001562,0.013662,0.012879,0.060247,0.002166,SITTING
0.000798,0.046280,9.783800,0.002965,-0.006568,-0.003040,0.017102,0.035517,0.053158,0.004318,SITTING
0.010402,0.009692,9.806885,-0.003656,-0.003973,0.001168,0.044117,0.032745,0.043446,0.003111,SITTING
-0.021115,-0.003984,9.771873,0.002875,0.002365,0.007850,0.022351,0.022951,0.048200,0.009333,SITTING
0.018943,0.020061,9.818995,-0.008894,0.000486,0.006546,0.016754,0.031489,0.033970,0.001493,SITTING
0.018782,0.065281,9.784675,-0.003047,0.005898,0.001891,0.026805,0.005663,0.047033,0.007214,SITTING
0.006574,0.035482,9.729762,0.009402,0.000300,-0.003975,0.034726,0.037582,0.056465,0.008108,SITTING
0.072332,-0.010443,9.788059,0.005154,0.004838,0.008025,0.027824,0.021285,0.049959,0.004516,SITTING
0.013639,0.019587,9.762552,-0.005972,0.004774,-0.003423,0.020482,0.028835,0.074575,0.003860,SITTING
0.023944,-0.022006,9.779795,-0.003503,-0.002914,0.001305,0.026014,0.019980,0.038249,0.006750,SITTING
0.017886,-0.010660,9.844764,-0.006791,-0.002207,-0.006032,0.029727,0.011919,0.055968,0.011280,SITTING
-0.008192,-0.001290,9.753119,0.011774,0.000256,-0.007952,0.004695,0.003499,0.056580,0.001523,SITTING
0.015476,-0.008017,9.829612,-0.003343,0.009297,0.003942,0.021979,0.015149,0.061929,0.006383,SITTING
-0.013596,-0.003420,9.822861,0.005450,0.003162,0.000119,0.020988,0.011842,0.061425,0.009811,SITTING
0.036195,-0.006309,9.862964,0.000018,0.006467,0.005277,0.008166,0.027891,0.060600,0.006723,SITTING
0.013917,-0.001967,9.770555,0.010805,0.000583,0.006098,0.035851,0.030455,0.075001,0.003130,SITTING
-0.008316,0.013069,9.746497,0.001936,0.007914,0.004263,0.018635,0.016484,0.034381,0.007287,SITTING
0.008912,0.023670,9.868448,0.006468,0.005257,-0.005491,0.018365,0.031067,0.025588,0.000591,SITTING
-0.004394,0.014118,9.741340,0.002442,-0.001298,0.000397,0.008164,0.011785,0.073480,0.005456,SITTING
0.016841,0.026088,9.793794,-0.007737,-0.001718,0.011351,0.009993,0.021572,0.081297,0.001277,SITTING
0.031268,0.011941,9.842025,0.008043,0.010304,0.007784,0.024884,0.019206,0.053101,0.005850,SITTING
-0.004155,0.041596,9.825978,0.003953,-0.003173,0.012699,0.008531,0.012281,0.065262,0.002529,SITTING
0.024254,0.001428,9.670085,-0.004534,-0.004657,-0.000387,0.012127,0.015550,0.027908,0.002678,SITTING
0.025618,0.023474,9.812630,0.002583,0.001176,0.003522,0.033476,0.013372,0.043318,0.003523,SITTING
-0.008740,0.008184,9.852741,-0.006455,0.003748,0.003051,0.006341,0.014510,0.060749,0.004955,SITTING
0.013471,0.022193,9.786988,-0.008709,0.006531,-0.002228,0.025141,0.008630,0.028985,0.001171,SITTING
0.015711,0.017215,9.779686,0.003278,0.006106,0.004331,0.006032,0.018218,0.064252,0.002114,SITTING
0.014640,0.006898,9.871512,0.007167,0.001660,0.006639,0.017738,0.017015,0.052893,0.006482,SITTING
0.043003,0.043302,9.859112,-0.003877,-0.000322,-0.007410,0.024967,0.006859,0.067366,0.004625,SITTING
0.002120,0.046235,9.782943,0.002195,0.009658,0.004852,0.017970,-0.003033,0.029866,0.007231,SITTING
-0.007197,0.024115,9.772012,0.002683,-0.002027,0.001244,0.004198,0.014452,0.040347,0.004050,SITTING
0.037224,0.022902,9.870728,-0.008167,0.004879,0.006653,-0.010808,0.024739,0.032467,0.002933,SITTING
0.017366,0.045970,9.784481,0.004399,0.001583,-0.000342,0.019395,0.009947,0.085312,0.005101,SITTING
0.018170,0.028601,9.820183,0.000825,-0.003344,-0.005525,0.023898,0.009302,0.038477,0.001114,SITTING
-0.012211,0.009923,9.759581,0.003905,0.001006,0.002057,0.013917,0.014961,0.041480,0.004135,SITTING
0.021488,0.028009,9.763398,-0.000518,-0.008628,-0.006899,0.025801,0.020069,0.035400,0.004072,SITTING
0.011956,-0.002231,9.821707,-0.002818,0.007753,-0.006329,0.023179,0.007625,0.084052,0.003886,SITTING
0.036183,-0.006539,9.815753,-0.004449,-0.006445,0.003185,0.027308,0.026998,0.063556,0.003669,SITTING
0.045974,0.038652,9.783834,0.006242,0.004654,0.001450,0.027257,0.027024,0.040940,-0.000104,SITTING
-0.010663,0.046896,9.770185,0.004649,0.005540,0.003654,0.021792,0.012681,0.046255,0.002898,SITTING
-0.028404,-0.031020,9.864601,-0.000669,-0.011603,-0.004598,0.024421,0.031946,0.024261,0.003927,SITTING
0.023699,0.013047,9.791578,0.000017,0.000415,0.007824,0.029453,0.023301,0.059280,0.006842,SITTING
0.006226,0.034199,9.885653,0.000485,0.004290,0.001368,0.013256,0.021288,0.046894,0.005967,SITTING
0.026313,0.016517,9.750460,-0.002322,0.008444,0.002294,0.016442,0.008197,0.061006,0.010952,SITTING
0.027803,0.019750,9.757171,0.004029,0.005698,0.000007,0.037962,0.029839,0.063845,0.001277,SITTING
0.052829,0.043831,9.802231,0.001329,0.000596,0.001740,0.024584,0.024368,0.042017,0.004181,SITTING
0.004984,0.005622,9.785748,-0.002113,-0.003024,0.010280,0.026292,0.033060,0.062576,0.000637,SITTING
0.070603,-0.007277,9.416517,0.006132,0.025195,-0.000522,0.040771,0.125499,0.080691,0.015104,STANDING
0.004335,0.016553,9.601521,0.033087,0.011595,0.005493,0.035060,0.075600,0.171890,0.019314,STANDING
0.022882,0.025585,9.578341,0.008008,0.006547,0.016105,0.105756,0.088617,0.081733,0.007929,STANDING
0.067537,-0.016810,9.939390,0.015294,0.029160,0.003039,0.094553,0.065627,0.108179,0.026973,STANDING
0.103388,0.049066,9.806483,0.029193,0.007249,0.011608,0.068156,0.107347,0.137476,0.023336,STANDING
0.064346,0.065116,9.552935,0.012250,-0.004541,0.008384,0.022671,0.079278,0.131441,0.024284,STANDING
0.105047,0.024041,9.741590,0.007256,0.000952,0.007394,0.080243,0.081969,0.083437,0.036352,STANDING
0.070541,0.084825,9.840871,0.019560,-0.006858,0.017790,0.102502,0.098028,0.055108,0.033277,STANDING
0.069101,0.079985,9.587615,0.027950,0.014215,0.000574,0.081205,0.092924,0.079216,0.019433,STANDING
0.061092,0.096642,9.730186,0.001799,0.013913,0.017981,0.101227,0.028112,0.103056,0.021227,STANDING
0.019580,0.069120,9.802889,0.016972,0.013599,0.011496,0.053997,0.082394,0.088880,0.035095,STANDING
0.051836,0.149938,9.628298,0.024358,0.006323,0.023425,0.100872,0.058596,0.141804,0.019124,STANDING
0.075725,0.025951,9.646354,0.016595,0.019212,0.019059,0.095934,0.102513,0.080749,0.026319,STANDING
0.034669,0.070483,9.756063,0.005853,0.004532,0.018698,0.069481,0.086344,0.131261,0.031502,STANDING
0.068117,0.030122,9.599483,0.029856,0.009949,0.015615,0.100631,0.066656,0.108933,0.031980,STANDING
0.020172,0.127602,9.783436,0.002140,0.021228,0.007797,0.128292,0.092619,0.070822,0.024343,STANDING
0.067335,0.009544,9.636266,-0.001919,0.002545,0.021306,0.145071,0.053083,0.056996,0.017405,STANDING
0.070452,0.033638,9.702931,0.007525,0.014120,0.019753,0.103217,0.077035,0.143857,0.020617,STANDING
0.062158,0.050066,9.622145,0.016396,0.016958,-0.000248,0.080315,0.061479,0.073136,0.006141,STANDING
0.052163,0.105268,9.630609,0.016915,-0.000299,0.003889,0.068291,0.084142,0.139512,0.018556,STANDING
0.102190,0.000637,9.489768,0.003486,0.023506,0.025743,0.050453,0.084666,0.080694,0.021772,STANDING
0.093159,-0.001574,9.716905,0.009818,0.006444,0.011074,0.070723,0.092051,0.066720,0.010285,STANDING
0.081299,0.122727,9.523566,0.019407,0.020757,0.022212,0.094890,0.122554,0.126656,0.020932,STANDING
0.049091,0.010425,9.701311,0.013912,0.004997,0.007643,0.063320,0.069954,0.085585,0.030408,STANDING
0.021873,0.053675,9.647584,0.009241,-0.007259,0.003087,0.088319,0.066361,0.117484,0.029956,STANDING
0.091924,0.064013,9.694022,0.001819,0.000768,-0.003428,0.123967,0.051616,0.125198,0.013982,STANDING
0.138961,0.122252,9.673893,-0.000834,0.006999,0.037904,0.060421,0.057921,0.108036,0.019647,STANDING
-0.011672,0.036015,9.610470,0.008536,0.013318,0.003060,0.094886,0.121401,0.079340,0.020100,STANDING
0.121496,0.178963,9.800531,0.016407,0.016682,0.015516,0.098441,0.099856,0.083476,0.025065,STANDING
0.058471,-0.020475,9.551504,0.031166,0.024188,0.015774,0.059146,0.048019,0.106131,0.025320,STANDING
0.108610,0.091343,9.698727,0.024736,0.019351,0.018777,0.077365,0.019880,0.138417,0.021866,STANDING
-0.008697,0.078398,9.509863,0.018231,0.011331,0.011718,0.075989,0.121356,0.124411,0.034023,STANDING
-0.033646,-0.016786,9.821055,0.012263,0.022899,0.014886,0.073931,0.120454,0.088564,0.014420,STANDING
0.041670,0.053476,9.763093,0.007645,0.020207,0.001120,0.075909,0.080067,0.055877,0.026947,STANDING
0.072217,0.029103,9.652160,0.009944,0.008691,0.016505,0.104312,0.029367,0.100311,0.036429,STANDING
0.071282,0.045632,9.631593,-0.013317,0.019657,0.021439,0.082565,0.082372,0.100723,0.017952,STANDING
0.016922,0.083797,9.689265,0.011552,0.011043,0.021472,0.028042,0.072455,0.122822,0.033244,STANDING
0.065799,0.046220,9.773048,-0.001302,0.039450,0.011233,0.053456,0.102274,0.057749,0.022243,STANDING
0.047462,0.002194,9.853736,0.006967,0.002572,0.017334,0.062959,0.062027,0.057423,0.004928,STANDING
0.000409,0.054674,9.736320,0.019733,0.010326,0.012529,0.062267,0.134243,0.094366,0.018080,STANDING
0.072070,0.015032,9.574507,0.006317,0.006243,0.017769,0.098888,0.059841,0.075697,0.023242,STANDING
0.113362,0.025699,9.692729,0.006630,-0.012702,0.011999,0.094964,0.066873,0.092821,0.032146,STANDING
-0.102269,0.110453,9.693220,-0.006139,0.015379,0.003242,0.091848,0.086451,0.111328,0.020052,STANDING
0.057693,0.044650,9.645489,0.020218,0.007768,0.023565,0.036665,0.112113,0.080279,0.026726,STANDING
0.063927,0.052151,9.707720,-0.004406,0.002198,-0.005581,0.089831,0.091704,0.064855,0.020684,STANDING
0.086534,0.046508,9.909786,0.017095,0.002221,0.009120,0.057108,0.033884,0.099879,0.030286,STANDING
0.078415,0.101050,9.804883,0.008742,0.034604,0.006982,0.096717,0.061922,0.105008,0.006165,STANDING
0.012471,-0.048151,9.711297,0.018788,0.002693,0.013462,0.078891,0.129220,0.086849,0.020739,STANDING
0.102601,0.072183,9.648508,0.014702,-0.009055,0.005820,0.112916,0.120502,0.079685,0.005553,STANDING
0.154240,0.071588,9.754970,0.007252,0.012304,0.000832,0.072778,0.044953,0.050990,0.024329,STANDING
0.058057,0.028135,9.723467,0.014765,0.007145,-0.003773,0.145688,0.149322,0.097250,0.013619,STANDING
0.012682,-0.024051,9.568926,0.010861,0.005516,0.008936,0.089279,0.048487,0.115726,0.021221,STANDING
0.083560,0.018115,9.492143,0.011280,0.020912,0.010449,0.049631,0.077347,0.112585,0.041410,STANDING
0.035988,-0.005139,9.606391,0.011632,0.013885,0.022111,0.134244,0.017355,0.067386,0.031165,STANDING
0.010157,0.003426,9.531144,0.005541,0.001609,0.022091,0.041461,0.083865,0.036281,0.027888,STANDING
0.036510,0.013735,9.781296,0.024511,0.009590,0.023293,0.090645,0.095998,0.093533,0.030625,STANDING
-0.018443,0.034366,9.627356,0.019251,0.005058,-0.003132,0.088605,0.098443,0.111587,0.013878,STANDING
0.017405,0.129350,9.617591,0.012595,-0.001284,0.017785,0.071192,0.101858,0.069760,0.014113,STANDING
0.008321,0.089166,9.660265,0.028258,0.005941,0.014761,0.097888,0.063182,0.140323,0.032955,STANDING
0.022598,0.097319,9.774646,-0.000223,-0.005097,0.017810,0.071673,0.093656,0.086411,0.013074,STANDING
-0.026831,0.092710,9.772574,0.004165,0.013396,0.008520,0.105359,0.141597,0.060064,0.022095,STANDING
0.005953,0.074147,9.699537,-0.001966,-0.016591,0.007646,0.110132,0.089921,0.106206,0.024110,STANDING
0.045382,0.072624,9.708007,0.010167,0.005978,-0.001994,0.081512,0.087648,0.104421,0.016072,STANDING
0.007360,0.053421,9.615849,0.006379,0.016949,-0.004989,0.064339,0.099016,0.096136,0.046241,STANDING
0.061980,0.126684,9.659676,0.005053,0.011395,0.009136,0.127415,0.113959,0.076229,0.016600,STANDING
-0.049401,0.163508,9.719466,-0.004705,0.014365,0.005516,0.062930,0.101823,0.140765,0.021579,STANDING
0.006144,0.047534,9.741194,0.005695,0.011108,0.004412,0.038747,0.008422,0.063678,0.006704,STANDING
0.079715,0.088103,9.638944,-0.003516,0.003045,0.018688,0.083063,0.107097,0.146212,0.017574,STANDING
-0.056355,0.076241,9.490647,0.005011,0.021051,0.031283,0.121626,-0.003613,0.065992,0.021557,STANDING
0.091452,0.043347,9.655993,0.005590,0.006678,0.017015,0.078988,0.135541,0.120072,0.020329,STANDING
0.105159,0.123512,9.475705,0.007824,0.013836,0.030188,0.099460,0.076888,0.074457,0.015019,STANDING
0.126424,0.058323,9.615667,0.026126,0.019356,0.016331,0.080675,0.105290,0.091864,0.033450,STANDING
-0.011081,0.125144,9.822681,0.001938,-0.005255,0.022893,0.107787,0.021845,0.095633,0.014221,STANDING
-0.045036,0.001901,9.622338,0.008006,0.021392,0.014849,0.015857,0.131576,0.103631,0.017844,STANDING
0.124313,0.060885,9.588121,-0.004422,0.011087,0.007248,0.026681,0.095032,0.070854,0.019339,STANDING
0.064022,0.090886,9.657146,-0.008217,-0.003578,0.009427,0.057180,0.112858,0.082129,0.042866,STANDING
0.072554,0.078827,9.950237,0.013237,0.011215,0.018658,0.076843,0.062884,0.112435,0.014464,STANDING
0.033528,0.083984,9.791326,0.010387,0.013373,0.008974,0.075441,0.096797,0.083394,0.031026,STANDING
0.052683,0.048461,9.741538,0.012435,0.011119,0.010284,0.052324,0.104730,0.139623,0.019915,STANDING
0.136396,0.030946,9.726055,0.008454,0.008607,-0.004564,0.056961,0.134443,0.134919,0.042239,STANDING
0.051670,0.100842,9.762307,0.010180,0.014246,0.018663,0.087871,0.067991,0.074735,0.029340,STANDING
0.013890,0.006537,9.836340,0.019903,0.007457,0.012347,0.092669,0.081889,0.167331,0.023897,STANDING
0.058573,0.063106,9.713521,0.037957,-0.007780,0.011605,0.027164,0.039685,0.098555,0.017414,STANDING
0.051252,0.111479,9.711054,0.008556,-0.000811,0.023124,0.061475,0.070571,0.093226,0.020003,STANDING
0.021390,0.095488,9.807281,-0.007878,0.017254,0.016387,0.036610,0.077973,0.111992,0.012059,STANDING
0.091212,0.103402,9.518925,0.023996,-0.005749,0.011663,0.117887,0.072109,0.124816,0.030521,STANDING
0.043521,0.038055,9.615845,-0.005705,0.003505,0.016339,0.054181,0.129315,0.136909,0.013364,STANDING
0.008211,0.104061,9.740849,0.011954,0.002542,-0.012367,0.039288,0.009855,0.123858,0.034916,STANDING
0.101688,0.012790,9.720086,0.014156,0.013499,0.008827,0.127075,0.067693,0.094142,0.011164,STANDING
0.080326,-0.023499,9.662269,0.002377,0.017812,-0.002769,0.099781,0.104905,0.087836,0.014559,STANDING
0.026476,0.064553,9.704135,0.000997,0.011548,0.012521,0.050059,0.042571,0.114546,0.030105,STANDING
-0.102229,0.014543,9.828567,0.013372,0.001202,0.004500,0.049741,0.120217,0.120959,0.011176,STANDING
0.028885,0.056817,9.798106,0.007411,0.004004,0.018720,0.024978,0.061710,0.092362,0.018374,STANDING
0.144734,0.051912,9.575727,0.013047,0.007848,0.024405,0.058055,0.144804,0.092501,0.029705,STANDING
-0.003690,-0.023150,9.600513,0.020328,-0.010152,0.017127,0.049470,0.037928,0.090861,0.021463,STANDING
-0.020481,0.063513,9.894562,0.025760,0.007614,0.012471,0.124320,0.034181,0.155930,0.036910,STANDING
0.052531,0.042240,9.841729,0.022931,0.011104,0.007577,0.072079,0.039085,0.116974,0.035128,STANDING
0.032515,0.053933,9.774323,0.014777,0.011220,0.004826,0.088214,0.077815,0.120834,0.003599,STANDING
0.019330,0.102067,9.705216,0.018813,0.011375,0.004154,0.072280,0.091301,0.086988,0.031676,STANDING
0.072800,-0.000703,9.753744,0.008858,0.010358,0.016771,0.090651,0.093230,0.096147,0.020265,STANDING
0.020926,-0.009232,9.642223,0.018849,0.003364,0.011934,0.122296,0.102409,0.140055,0.022329,STANDING
-0.010328,0.016416,9.658283,0.014442,0.013930,-0.006028,0.124473,0.096938,0.083161,0.019507,STANDING
0.078170,0.105124,9.845897,0.003166,-0.001780,0.013287,0.128388,0.086624,0.057990,0.036642,STANDING
0.074622,0.043731,9.686557,0.007472,0.018530,0.012432,0.049272,0.087307,0.167558,0.022777,STANDING
-0.026188,0.011383,9.774225,0.018930,0.009168,0.002729,0.122156,0.093291,0.077399,0.029328,STANDING
0.014939,0.029827,9.618057,0.016108,0.011224,0.005290,0.061574,0.113013,0.131787,0.000462,STANDING
0.053720,-0.027379,9.682909,0.008302,0.000001,0.010473,0.035453,0.102635,0.123257,0.025108,STANDING
0.077247,0.095202,9.740532,0.001168,0.036717,0.000639,0.051655,0.017873,0.061216,0.018085,STANDING
0.172960,0.073100,9.631984,-0.006101,-0.004648,0.012219,0.090307,0.105112,0.052025,0.025137,STANDING
0.012653,-0.022130,9.624573,0.009776,0.012690,0.010846,0.073823,0.072728,0.056011,0.031249,STANDING
0.115316,-0.001518,9.800591,0.003640,0.011952,0.007071,0.103295,0.075054,0.102438,0.026666,STANDING
0.108345,0.087008,9.548981,0.025002,0.017432,0.021171,0.110478,0.063971,0.094120,0.043253,STANDING
0.029048,0.046639,9.710114,-0.004930,0.004888,0.019526,0.082430,0.087446,0.109973,0.025753,STANDING
0.084644,-0.025013,9.645737,0.011442,0.008841,-0.003855,0.082880,0.091064,0.092739,0.041482,STANDING
0.020131,0.031405,9.792068,0.022806,0.009538,0.010541,0.101870,0.068847,0.081443,0.023248,STANDING
0.119246,0.143220,9.743825,0.014798,0.033114,0.005347,0.097990,0.096911,0.147195,0.010752,STANDING
0.106536,0.032986,9.623709,0.003569,0.013871,0.018133,0.104493,0.102098,0.098519,0.004410,STANDING
-0.023914,-0.015719,9.746129,0.006812,0.003697,0.009134,0.106445,0.076162,0.093342,0.018879,STANDING
0.122650,-0.014579,9.704217,0.009567,0.016510,0.023327,0.076717,0.083074,0.146033,0.017398,STANDING
0.006146,0.067655,9.738587,0.022855,0.014598,0.008578,0.048589,0.076984,0.074209,0.021379,STANDING
0.070466,-0.032775,9.917712,0.020270,-0.004319,0.003433,0.029854,0.075653,0.144030,0.020116,STANDING
0.023346,0.035342,9.699117,0.024930,0.008902,-0.003061,0.057225,0.071275,0.071984,0.015522,STANDING
0.074810,0.056188,9.788768,0.022016,0.006611,-0.003194,0.080469,0.098595,0.105611,0.020546,STANDING
0.082542,0.104403,9.682649,0.012238,-0.006998,0.003341,0.040109,0.131785,0.119868,0.034695,STANDING
0.097821,0.114560,9.554651,0.019968,0.010237,0.009843,0.087540,0.088565,0.034976,0.013516,STANDING
-0.016635,-0.030540,9.520100,-0.005396,0.010344,0.003068,0.078237,0.051901,0.097112,0.020644,STANDING
0.095715,0.010676,9.554625,0.033243,0.000482,-0.004308,0.054536,0.082859,0.109000,0.023865,STANDING
0.021998,0.071764,9.523566,0.023895,0.002430,-0.001537,0.032150,0.103982,0.075475,0.021773,STANDING
-0.001649,0.094347,9.663169,0.011619,0.003464,0.028558,0.084480,0.122806,0.063128,0.013151,STANDING
0.101602,0.127574,9.618111,0.021547,0.006698,0.016122,0.121630,0.070820,0.057058,0.028589,STANDING
-0.040903,0.046248,9.696514,0.008691,0.021293,0.001986,0.078077,0.018811,0.106196,0.019376,STANDING
-0.053603,0.038064,9.663636,-0.001018,0.004484,0.019340,0.085990,0.155551,0.145787,0.041078,STANDING
0.043408,0.077122,9.860888,0.018463,0.001226,0.013281,0.051272,0.053712,0.084278,0.023578,STANDING
0.051326,0.030840,9.641153,0.021478,-0.008834,0.005918,0.043770,0.100112,0.173878,0.022582,STANDING
0.061819,-0.011967,9.504436,0.003370,0.010332,0.007715,0.002405,0.060441,0.099267,0.011501,STANDING
0.107310,-0.019750,9.566854,0.022925,0.002817,0.018236,0.059068,0.095859,0.178883,0.013322,STANDING
0.098645,0.066357,9.728243,0.020833,0.015431,0.017679,0.108280,0.102645,0.055292,0.016606,STANDING
0.071739,0.041744,9.700404,0.008845,0.022856,0.022723,0.098275,0.084286,0.103352,0.029423,STANDING
0.174561,0.071236,9.794845,-0.008196,0.006746,0.035224,0.042165,0.097801,0.123297,0.020439,STANDING
-0.024108,0.060092,9.643904,-0.002909,0.012317,0.008705,0.111542,0.079486,0.146419,0.016886,STANDING
0.042863,0.002010,9.670939,0.032273,0.006830,-0.003840,0.065652,0.087713,0.124234,0.008484,STANDING
0.124704,0.107081,9.694104,0.031716,0.013864,0.022282,0.074216,0.164730,0.054543,0.016961,STANDING
0.091985,0.125838,9.651209,0.012340,0.021177,0.007452,0.066244,0.029388,0.115478,0.026449,STANDING
0.114638,0.064346,9.851646,0.006036,0.017401,0.027209,0.134650,0.092916,0.080456,0.033787,STANDING
0.013246,-0.014038,9.724271,0.017068,0.015258,0.005107,0.107768,0.024207,0.096915,0.003696,STANDING
0.034952,0.142069,9.611221,-0.001963,0.002514,0.016912,0.071731,0.084344,0.100495,0.005296,STANDING
0.086366,0.007292,9.660547,0.002371,0.005851,0.028113,0.050040,0.095214,0.083345,0.030607,STANDING
0.047177,0.055361,9.720777,0.027268,0.008658,0.025085,0.143865,0.033489,0.087752,0.026503,STANDING
0.063913,0.091366,9.659906,-0.006029,0.006735,0.021884,0.063465,0.076749,0.115870,0.017595,STANDING
0.078412,0.107986,9.624623,0.007742,0.007162,-0.005246,0.080895,0.040893,0.062149,0.015228,STANDING
0.014558,0.010414,9.662353,0.009341,0.009225,0.006007,0.075668,0.111224,0.096055,0.029186,STANDING
0.097971,0.032908,9.751211,0.023045,0.012783,-0.010892,0.122878,0.112310,0.143013,0.009325,STANDING
-0.035796,0.067392,9.740298,-0.003295,0.004524,0.018529,0.081899,0.084828,0.057324,0.016937,STANDING
0.103297,0.096481,9.742218,0.018319,0.015142,-0.004594,0.149064,0.043611,0.145023,0.024528,STANDING
0.046549,0.022498,9.666147,0.016879,0.013756,0.002680,0.042876,0.091680,0.108492,0.033242,STANDING
0.014443,0.008336,9.827543,0.007003,0.023147,0.003028,0.006054,0.053239,0.161988,0.023186,STANDING
0.038991,0.064087,9.881524,0.011137,-0.000893,0.009505,0.127379,0.058091,0.117686,0.015628,STANDING
0.064526,0.053495,9.471991,0.023520,0.000660,0.004477,0.061917,0.087741,0.126547,0.022919,STANDING
0.068456,0.084269,9.787906,0.011688,0.024910,-0.002270,0.106959,0.096218,0.087246,0.023904,STANDING
0.155638,0.090923,9.721693,0.001403,-0.002025,0.021468,0.102213,0.099758,0.110196,0.025576,STANDING
0.041961,0.004558,9.704399,0.011040,-0.001606,0.024892,0.056834,0.060414,0.119839,0.013535,STANDING
0.020068,-0.060702,9.627235,0.014635,0.010851,0.022325,0.101323,0.093143,0.078622,0.014867,STANDING
0.053850,0.095555,9.729570,-0.004489,0.025292,0.026048,0.115136,0.133499,0.146709,0.018790,STANDING
0.034197,-0.027855,9.710749,-0.007306,-0.002763,0.009012,0.057704,0.079453,0.090296,-0.005791,STANDING
-0.030305,0.107269,9.678965,0.017133,-0.025433,0.005126,0.038715,0.090430,0.131034,0.018599,STANDING
0.094337,0.085928,9.601740,0.007709,0.017447,0.023819,0.093198,0.109462,0.151890,0.025235,STANDING
0.007585,0.064131,9.623713,-0.000664,-0.000127,0.011499,0.047779,0.081326,0.153179,0.021107,STANDING
0.021749,0.012202,9.683600,-0.004154,0.009514,0.016712,0.071361,0.022549,0.106304,0.016998,STANDING
-0.078676,0.083197,9.619628,-0.000887,0.005498,0.030420,0.126067,0.102068,0.077317,0.008268,STANDING
0.066079,0.072563,9.548705,-0.009140,0.010227,0.012926,0.036378,0.052168,0.095979,0.024576,STANDING
0.055504,0.101770,9.750965,0.021595,0.043969,-0.000227,0.081974,0.088359,0.102856,0.031842,STANDING
-0.051523,0.046783,9.650990,0.006052,0.011540,0.025493,0.116344,0.119990,0.089286,0.033950,STANDING
-0.022620,0.096514,9.834752,0.014851,0.003482,0.017563,0.084399,0.121005,0.106302,0.026872,STANDING
0.012856,0.058578,9.780988,0.006244,0.014148,0.022456,0.109056,0.097197,0.114873,0.042480,STANDING
0.099820,0.086176,9.821355,0.014201,-0.004432,0.037423,0.128271,0.072528,0.134424,0.011084,STANDING
0.120155,-0.027462,9.761869,0.007582,0.004847,-0.009582,0.050358,0.080239,0.089850,0.023041,STANDING
0.029371,0.025821,9.763248,-0.001688,-0.000849,0.016215,0.086164,0.045914,0.126738,0.027899,STANDING
0.043035,0.046163,9.710227,0.011947,0.026310,0.030359,0.071348,0.127197,0.065083,0.019945,STANDING
0.024290,0.041939,9.683554,0.022888,-0.003543,-0.003479,0.120164,0.140604,0.080644,0.018933,STANDING
0.000792,0.015460,9.520146,0.003259,0.013965,0.008783,0.069656,0.073852,0.106710,0.021123,STANDING
0.062303,-0.000649,9.736022,0.005097,0.012672,0.021735,0.034264,0.042784,0.051347,0.016398,STANDING
0.024414,0.063023,9.625579,0.001093,0.019981,-0.002352,0.096313,0.071274,0.074829,0.014957,STANDING
-0.016519,-0.009943,9.754332,-0.005691,0.009254,0.009078,0.022913,0.070667,0.138458,0.034201,STANDING
-0.026018,-0.028290,9.522484,-0.000176,0.009502,0.008221,0.032113,0.044844,0.109557,0.003615,STANDING
0.123662,0.026023,9.705415,0.012737,0.015611,0.008974,0.097533,0.064377,0.144275,0.017544,STANDING
0.044482,-0.010664,9.697491,0.003657,0.032691,0.011711,0.115376,0.095594,0.077121,0.017565,STANDING
-0.035807,0.069175,9.640588,0.025842,0.007957,0.014391,0.083627,0.078341,0.126190,0.020036,STANDING
-0.008630,0.065685,9.710120,0.011991,0.025686,0.014377,0.083556,0.082329,0.063171,0.004742,STANDING
0.029349,0.013465,9.788658,0.008129,0.002693,0.022361,0.118076,0.070163,0.091502,0.004896,STANDING
0.073075,0.121607,9.507943,0.018479,0.012710,0.010067,0.042537,0.071320,0.115372,0.017058,STANDING
0.026931,0.094557,9.606073,0.008237,0.012918,0.013283,0.057675,0.039026,0.058389,0.014339,STANDING
0.092519,0.066259,9.488594,0.020535,0.000293,-0.005692,0.081252,0.064623,0.091660,0.016580,STANDING
-0.027811,0.071075,9.612492,0.018887,0.005516,0.027070,0.085337,0.073375,0.114574,0.028409,STANDING
0.045085,0.035112,9.834573,0.018003,0.008342,-0.003406,0.006438,0.072983,0.120413,0.034963,STANDING
0.006408,-0.025494,9.594172,0.012627,0.015514,0.008979,0.065038,0.103561,0.166083,0.025316,STANDING
0.038251,0.014569,9.810349,-0.002913,-0.003225,0.000671,0.070798,0.119454,0.041063,0.006110,STANDING
0.061647,0.078991,9.794208,0.002263,0.003350,-0.000837,0.071919,0.104213,0.095604,0.021289,STANDING
0.111527,0.080270,9.504192,0.005630,0.018193,0.012913,0.107317,0.094063,0.113491,0.006915,STANDING
0.020816,0.100528,9.565238,0.013924,0.014078,-0.001430,0.072757,0.042570,0.058157,0.025682,STANDING
0.040736,0.077080,9.734781,0.010131,0.022941,0.006693,0.067945,0.019306,0.091516,0.021897,STANDING
-0.025543,0.013525,9.653075,0.026311,0.010392,0.008984,0.051390,0.049383,0.134395,0.024205,STANDING
-0.020284,0.066695,9.858730,0.005201,0.017007,0.015743,0.103610,0.061550,0.137343,0.020561,STANDING
-0.039301,0.056667,9.750281,0.011303,-0.000417,0.032693,0.089610,0.036862,0.109251,0.023016,STANDING
-0.095229,0.091317,9.676340,0.009471,0.020401,0.000979,0.059127,0.043058,0.086779,0.027291,STANDING
0.010534,0.007548,9.586661,0.000198,-0.003420,0.007891,0.052589,0.046279,0.080540,0.015260,STANDING
-0.033972,-0.027648,9.669511,0.018339,0.003894,0.012175,0.045597,0.058102,0.066617,0.001164,STANDING
0.076181,-0.075810,9.652474,0.017142,0.000008,0.006836,0.124985,0.021837,0.124941,0.034258,STANDING
-0.031536,0.032963,9.851318,0.006003,0.016903,0.008951,0.096188,0.079045,0.093375,0.022696,STANDING
-0.043482,0.059809,9.717798,0.001608,0.008551,-0.001439,0.091323,0.128066,0.132580,0.019484,STANDING
0.073615,0.077859,9.734917,0.016110,0.028965,-0.012221,0.107827,0.088533,0.111545,0.010345,STANDING
0.013133,0.135436,9.611465,0.005119,0.011048,0.003629,0.058936,0.044609,0.107265,0.013776,STANDING
0.028554,0.009603,9.730092,0.000235,0.034270,0.000679,0.044717,0.037549,0.103890,0.027176,STANDING
0.008043,-0.026345,9.797418,0.012657,0.004052,0.011263,0.099176,0.109377,0.072856,0.026962,STANDING
0.040027,-0.000179,9.712859,0.018899,-0.002211,0.011887,0.043472,0.079152,0.080491,0.001216,STANDING
0.004193,0.086724,9.405380,0.004449,0.003686,0.006517,0.099139,0.117280,0.058444,0.010345,STANDING
0.057468,0.002168,9.683335,0.001885,0.007640,-0.002690,0.093766,0.054531,0.110377,0.021346,STANDING
0.020860,0.028998,9.936539,0.011805,0.018718,0.015258,0.106703,0.146849,0.088043,0.017515,STANDING
0.095862,-0.003023,9.761329,-0.008456,0.017126,0.002966,0.087613,0.032443,0.044702,0.003069,STANDING
0.140724,0.106896,9.598683,0.013009,0.010243,0.011182,-0.000048,0.106930,0.066409,0.024871,STANDING
0.109934,-0.028901,9.790620,0.012819,0.017125,0.008788,0.067877,0.106636,0.127033,0.011215,STANDING
0.081586,0.038284,9.835410,0.009428,0.002100,0.022691,0.062950,0.018448,0.093778,0.008288,STANDING
0.164329,0.070370,9.854120,0.010690,0.009536,0.016945,0.085962,0.098152,0.061956,0.015554,STANDING
0.030178,0.014360,9.614050,0.015336,0.012792,0.009535,0.075280,0.095756,0.079538,0.022429,STANDING
0.104403,0.099461,9.823987,0.016709,0.031043,0.006836,0.062257,0.062628,0.058844,0.008324,STANDING
0.043704,0.020280,9.806636,0.019662,0.000308,0.016904,0.097413,0.108623,0.120865,0.039373,STANDING
0.049997,0.065910,9.662250,0.004183,-0.002645,0.018290,0.122694,0.148518,0.090539,0.027852,STANDING
-0.017944,0.102257,9.571181,-0.002126,0.006077,0.033916,0.066016,0.083863,0.130364,0.012725,STANDING
-0.024862,-0.002646,9.807693,0.001653,0.015479,0.003239,0.079863,0.092299,0.144564,0.023234,STANDING
0.069234,0.071036,9.664855,0.023989,-0.000452,0.005801,0.064627,0.085220,0.030157,0.028779,STANDING
0.028564,0.039967,9.648621,-0.000283,0.016057,0.015144,-0.003122,0.081718,0.185385,0.022323,STANDING
0.116368,0.051061,9.826407,0.001833,0.011365,0.008916,0.068607,0.079124,0.047500,0.022955,STANDING
0.087970,0.161632,9.768414,0.003429,-0.003230,0.010377,0.111949,0.097381,0.098966,0.021319,STANDING
0.013221,0.020998,9.713746,0.024643,-0.005792,0.019828,0.074353,0.126757,0.090880,0.024843,STANDING
0.139254,0.031745,9.692474,0.014217,0.022390,0.013525,0.118362,0.080630,0.117524,0.023229,STANDING
0.073227,0.077742,9.851188,0.019101,-0.008276,0.013713,0.076460,-0.003227,0.092693,0.031165,STANDING
0.096189,0.108837,9.659936,-0.002216,0.002333,0.005102,0.062938,0.087555,0.120942,0.024716,STANDING
-0.012425,0.096247,9.753415,0.015391,0.015293,0.010861,0.054706,0.045434,0.032725,0.021952,STANDING
0.079802,0.013946,9.829555,-0.004502,0.019625,0.011337,0.082791,0.076479,0.077318,0.016140,STANDING
0.009112,0.120729,9.705778,0.015699,0.017673,0.014992,0.018819,0.053566,0.113148,0.023084,STANDING
0.103851,0.105340,9.687673,0.008921,-0.004517,0.004385,0.055268,0.108035,0.073416,0.010994,STANDING
-0.023715,0.082577,9.587610,-0.010820,-0.007954,0.000609,0.073216,0.084444,0.118136,0.020513,STANDING
0.063729,0.053473,9.734271,0.014759,0.023053,0.022385,0.106249,0.060210,0.117707,0.014880,STANDING
0.018533,0.016051,9.705523,0.023240,0.011717,0.015311,0.087819,0.091584,0.138472,0.011377,STANDING
0.096197,0.030773,9.753988,0.019799,0.002298,0.020714,0.084461,0.065316,0.097356,0.031308,STANDING
0.148388,0.057849,9.711342,0.013204,0.020080,-0.000974,0.072389,0.062170,0.159069,0.018939,STANDING
0.107322,0.091973,9.628451,-0.004503,0.015174,0.000347,0.103391,0.039080,0.111740,0.011749,STANDING
0.087306,0.056513,9.766836,-0.006678,0.006525,0.010592,0.075668,0.074759,0.122416,0.015789,STANDING
-0.041873,-0.002465,9.802241,0.014780,0.003995,0.014601,0.092836,0.098999,0.102581,0.026716,STANDING
0.036461,0.025966,9.845376,0.004727,0.019912,0.008923,0.136960,0.091925,0.096330,0.028479,STANDING
0.020971,0.112222,9.806665,0.011679,0.025740,0.013288,0.092394,0.063946,0.063596,0.027707,STANDING
0.034148,0.088549,9.648210,0.012722,0.001528,-0.019130,0.104410,0.096151,0.096721,0.024320,STANDING
0.042548,0.045032,9.808515,0.023838,0.021310,-0.002898,0.112150,0.089746,0.123099,0.028627,STANDING
0.042255,0.148636,9.656569,0.005516,0.005341,0.007393,0.089588,0.050324,0.109915,0.026805,STANDING
0.020696,-0.034825,9.756726,-0.003249,0.016267,-0.005150,0.115659,0.056225,0.113781,0.015003,STANDING
0.106656,-0.046850,9.845676,0.004487,0.000088,0.018694,0.102781,0.070646,0.152613,0.026422,STANDING
-0.017017,0.012345,9.763028,0.011497,0.004765,0.011308,0.103278,0.096840,0.124854,0.035051,STANDING
0.105407,-0.000203,9.658674,0.021006,0.018725,0.027366,0.088061,0.131147,0.077919,0.014687,STANDING
0.015416,0.060552,9.885561,0.008478,0.009643,-0.000762,0.089706,0.078990,0.099084,0.010064,STANDING
0.108383,0.120435,9.790851,-0.006274,0.012029,0.008376,0.046114,0.099052,0.081589,0.010438,STANDING
0.084270,-0.018534,9.690673,0.001451,0.021418,0.016625,0.047621,0.074559,0.099114,0.020994,STANDING
-0.030444,0.043555,9.833415,0.007277,-0.006893,0.042994,0.085698,0.098409,0.139342,0.020017,STANDING
0.072074,0.112315,9.866339,0.002551,0.001118,-0.000338,0.025935,0.140262,0.100149,0.019279,STANDING
0.067251,0.147620,9.652645,0.003703,0.018277,0.026269,0.140818,0.077174,0.079566,0.034175,STANDING
0.042588,0.082410,9.796837,0.009428,0.018474,0.025473,0.101969,0.114494,0.022672,0.021770,STANDING
0.031907,0.042797,9.671605,0.008348,-0.003005,-0.006663,0.092583,0.046078,0.058943,0.004567,STANDING
0.034120,0.141278,9.834385,0.011347,0.011418,0.027335,0.090796,0.039855,0.100265,0.012621,STANDING
-0.002234,0.013535,9.710999,0.021030,0.009580,0.004319,0.068431,0.038571,0.100359,0.009925,STANDING
0.059795,-0.005519,9.606601,0.019612,0.025657,0.010526,0.102943,0.103819,0.099420,0.020307,STANDING
0.006848,0.035614,9.630636,0.013598,0.028147,0.014176,0.039611,0.095466,0.086505,0.004817,STANDING
0.033453,0.078365,9.642390,0.017444,-0.002080,0.002860,0.073917,0.155006,0.093561,0.018097,STANDING
0.120216,0.062549,9.771404,0.007562,0.010270,0.027044,0.064663,0.040582,0.064978,0.020781,STANDING
0.013963,0.100528,9.797951,0.014098,0.015087,0.006985,0.127376,0.120143,0.105097,0.024451,STANDING
0.008490,0.063302,9.685746,0.005933,0.017075,0.006072,0.076022,0.071074,0.071062,0.013776,STANDING
0.024070,-0.009014,9.587868,0.015822,-0.005570,0.012184,0.075462,0.070709,0.096386,0.010059,STANDING
0.136892,0.050498,9.705447,0.015808,0.005598,0.026179,0.139365,0.087426,0.090280,0.010186,STANDING
0.039611,0.118406,9.731084,0.003740,-0.004459,0.007066,0.075153,0.101923,0.106247,0.030384,STANDING
0.081348,0.078173,9.627447,0.020527,0.004557,-0.002921,0.108861,0.123568,0.078641,0.019343,STANDING
0.093781,0.132241,9.878849,-0.005748,0.011624,-0.005543,0.102240,0.130116,0.104301,0.020327,STANDING
-0.044803,0.014304,9.692541,0.001019,0.007565,0.010574,0.078892,0.072571,0.112729,0.013979,STANDING
0.034285,0.149710,9.673670,-0.004774,0.016939,0.021964,0.102217,0.102218,0.100954,0.018680,STANDING
-0.005368,0.208678,9.696010,0.033230,0.009392,-0.000761,0.077379,0.044861,0.104051,0.024771,STANDING
0.101887,0.013027,9.620519,0.008948,0.029795,0.015310,0.084200,0.043718,0.072315,0.010988,STANDING
0.106098,0.057898,9.632089,0.003113,-0.002072,0.026274,0.078694,0.093333,0.155161,0.030012,STANDING
-0.014963,0.082239,9.648943,0.016780,0.014947,0.016014,0.104019,0.111125,0.079570,0.034430,STANDING
0.045962,0.042585,9.742900,0.008237,0.014774,-0.001580,0.073746,0.112988,0.081172,0.022710,STANDING
-0.061009,0.061388,9.637635,0.015679,0.016877,-0.003190,0.136115,0.106454,0.060837,0.022767,STANDING
0.097399,-0.013826,9.539289,0.015332,0.001631,0.030076,0.090557,0.106477,0.111087,0.016770,STANDING
0.064163,0.048457,9.565740,0.018311,0.012233,-0.001293,0.057927,0.082799,0.084014,0.022980,STANDING
0.049365,0.036981,9.692037,0.018870,0.009745,0.007877,0.081031,0.079774,0.135818,0.010408,STANDING
0.023203,0.046164,9.632135,0.016823,0.003842,-0.000000,0.100749,0.048946,0.134766,0.028096,STANDING
0.040768,0.121023,9.748698,0.009305,0.010866,0.016078,0.090458,0.073941,0.119525,0.016250,STANDING
0.010000,-0.001491,9.739171,0.015084,0.013036,0.009261,0.074955,0.119544,0.117047,0.017135,STANDING
0.044268,0.070783,9.546590,0.014379,0.021735,0.019778,0.121856,0.132158,0.091297,0.016954,STANDING
0.034528,0.205696,9.674280,0.001344,0.025288,0.011603,0.080686,0.089981,0.126494,0.017790,STANDING
0.048669,0.061880,9.900012,0.004805,0.008730,0.009756,0.112463,0.024099,0.151901,0.019644,STANDING
0.018081,0.086810,9.691382,0.025407,0.013096,0.013992,0.074518,0.101103,0.099448,0.023130,STANDING
0.118795,0.006607,9.505004,0.009024,0.008620,0.010535,0.089352,-0.010020,0.120229,0.037406,STANDING
0.054123,0.078590,9.579111,0.013655,0.017887,0.001879,0.132694,0.121972,0.105820,0.018710,STANDING
0.020437,0.094304,9.701566,0.002074,0.015482,0.003743,0.158097,0.075940,0.108827,0.017246,STANDING
0.040233,0.064647,9.634169,0.005534,0.008095,0.043674,0.078973,0.117578,0.040470,0.038773,STANDING
0.058883,0.013713,9.783957,0.006182,0.004478,-0.002507,0.040598,0.112608,0.097243,0.020875,STANDING
0.073658,0.073892,9.760467,0.013478,0.010914,0.022328,0.113450,0.102923,0.125934,0.018457,STANDING
0.029626,0.059445,9.591289,0.011227,0.003425,0.021150,0.088641,0.129793,0.126396,-0.000776,STANDING
-0.077308,0.015914,9.733593,0.012736,-0.003606,0.011297,0.089207,0.094695,0.120030,0.027323,STANDING
0.002698,0.048637,9.644962,0.018658,0.017914,0.007280,0.088518,0.067432,0.095986,0.010250,STANDING
0.017581,-0.006091,9.664058,0.013472,0.007044,-0.008266,0.092157,0.096809,0.139956,0.026186,STANDING
0.032778,-0.064617,9.896509,-0.009611,0.021603,0.003822,0.124857,0.085319,0.053668,0.010292,STANDING
-0.017751,0.052066,9.731501,-0.003333,0.021170,0.038265,0.086173,0.121358,0.110757,0.020809,STANDING
-0.013489,-0.032490,9.736318,-0.007439,0.014507,0.002605,0.079750,0.106870,0.200174,0.014278,STANDING
0.076106,-0.014893,9.735591,0.025519,0.010491,0.018033,0.028757,0.059604,0.111298,0.031916,STANDING
-0.047316,0.087329,9.886770,0.004451,0.006034,0.005180,0.059512,0.117899,0.116750,0.024334,STANDING
0.070601,-0.001591,9.673156,-0.007752,0.007645,0.012278,0.104372,0.016061,0.027120,0.014841,STANDING
0.086708,0.145047,9.691490,0.017651,0.011805,0.008151,0.091136,0.068204,0.138283,0.035212,STANDING
-0.068403,0.057097,9.768249,0.001897,0.025160,0.013589,0.140180,0.162938,0.155157,0.006726,STANDING
0.046668,0.020177,9.869979,0.009841,0.019807,0.011193,0.063088,0.060318,0.107251,0.002995,STANDING
0.128553,0.142218,9.654635,0.005342,0.013841,0.015116,0.064011,0.081735,0.073103,0.036004,STANDING
0.081998,0.034612,9.769000,0.009849,0.014763,0.009739,0.099125,0.048836,0.126939,0.030164,STANDING
0.058313,0.116373,9.853746,0.000328,0.015968,0.017180,0.094276,0.092096,0.113434,0.012433,STANDING
0.024705,0.049267,9.799860,0.018969,0.023651,0.009460,0.054306,0.046482,0.094245,0.016638,STANDING
-0.049246,0.100882,9.579123,0.016489,0.004898,0.006149,0.061432,0.080224,0.107407,0.017724,STANDING
0.051054,0.007694,9.705568,0.012741,0.008771,0.028572,0.062321,0.113150,0.033893,0.022450,STANDING
-0.042033,0.058663,9.717077,0.014361,0.019856,0.005556,0.076809,0.061829,0.023641,0.034807,STANDING
0.025067,0.060232,9.719772,0.003682,0.017674,0.011913,0.049912,0.000639,0.100609,0.021658,STANDING
0.063299,0.013967,9.626664,0.004941,0.014052,0.009853,0.069302,0.067272,0.073222,0.024715,STANDING
0.081422,0.057080,9.601871,0.010237,0.015627,0.009960,0.094158,0.097284,0.081624,0.018725,STANDING
0.039489,0.077852,9.782092,0.008667,0.021549,-0.008443,0.066870,0.125440,0.120572,0.043738,STANDING
0.028582,0.036841,9.807984,0.004987,0.041729,0.017912,0.033224,0.105264,0.120306,0.024180,STANDING
0.030831,0.052678,9.666327,0.028070,0.004294,0.027810,0.090933,0.072453,0.101722,0.027973,STANDING
0.053838,0.020784,9.695470,0.018820,-0.005242,0.025477,0.068673,0.063466,0.069737,0.012352,STANDING
0.034004,0.082274,9.867471,0.022472,-0.001303,0.005719,0.126529,0.071225,0.164790,0.019753,STANDING
0.043208,0.093042,9.782715,0.008422,0.005118,0.011182,0.115185,0.064970,0.109171,0.014036,STANDING
0.110407,0.081632,9.680478,0.021224,0.016361,0.010249,0.050305,0.055103,0.132254,0.036542,STANDING
0.049434,0.040422,9.592632,0.009754,0.009558,0.009453,0.081258,0.021336,0.066071,0.015234,STANDING
0.005624,0.000732,9.742088,0.011413,0.016559,0.016331,0.078005,0.114133,0.128799,0.019923,STANDING
0.036298,0.039637,9.815027,0.004361,-0.004284,-0.006605,0.115565,0.105144,0.066901,0.017981,STANDING
-0.025791,0.041648,9.680120,0.002150,0.022228,0.020543,0.077891,0.033654,0.146806,0.009041,STANDING
0.073555,-0.053163,9.696285,0.007785,0.002389,-0.005762,0.083370,0.091268,0.108948,0.011028,STANDING
0.061794,0.065270,9.707757,0.004947,0.001869,0.010206,0.078091,0.121817,0.113243,-0.009133,STANDING
0.031676,-0.004215,9.700001,0.002314,0.012136,0.020079,0.053829,0.077245,0.123915,0.020431,STANDING
-0.049842,0.042046,9.730546,0.016238,0.011220,0.006624,0.067957,0.103145,0.098886,0.014986,STANDING
0.069618,0.069044,9.566339,0.014670,0.009474,0.013068,0.094155,0.065669,0.086004,0.017533,STANDING
0.034758,0.074966,9.645198,0.004244,0.011757,0.002544,0.054731,0.012069,0.085745,0.032296,STANDING
0.070216,0.012162,9.716299,0.009597,0.011433,0.009163,0.076330,0.123066,0.114186,0.002417,STANDING
0.061878,0.060119,9.784385,0.011795,0.023618,0.026442,0.130000,0.070734,0.082291,0.009959,STANDING
-0.013783,0.027952,9.787745,-0.002506,0.010170,0.023262,0.067482,0.111211,0.127732,0.016230,STANDING
0.032541,0.144141,9.762410,0.010542,0.005393,-0.000913,0.055108,0.080950,0.129989,-0.001285,STANDING
0.041418,0.021463,9.750306,-0.005821,0.028794,0.011159,0.041932,0.059998,0.098421,0.034012,STANDING
0.102713,0.085969,9.581285,0.000626,0.026619,0.017445,0.084301,0.087088,0.113772,0.032824,STANDING
0.068769,0.025383,9.735538,-0.005374,0.005130,-0.007152,0.074785,0.103126,0.134214,0.028104,STANDING
-0.050759,0.019119,9.701800,-0.004520,-0.012913,0.011032,0.045576,0.065489,0.152682,0.017591,STANDING
0.108003,0.048772,9.793772,0.009296,0.001491,0.023968,0.079709,0.051957,0.135449,0.010733,STANDING
0.082366,0.042765,9.745181,0.003486,0.025553,0.012044,0.076240,0.119143,0.139364,0.021258,STANDING
0.020339,0.078084,9.840356,0.009332,-0.001432,0.034520,0.086478,0.113752,0.107746,0.037399,STANDING
0.062064,0.072941,9.755575,0.014549,-0.006290,-0.002736,0.075390,0.072057,0.066327,0.021174,STANDING
0.144969,0.059619,9.697281,-0.003108,0.005795,0.020781,0.025824,0.023571,0.121183,0.021356,STANDING
0.089772,0.099705,9.752848,-0.001363,0.011110,-0.009153,0.010041,0.005563,0.116308,0.032748,STANDING
0.070967,0.024227,9.794833,0.011584,-0.003815,0.016643,0.075829,0.065431,0.061387,0.002073,STANDING
0.065044,-0.008451,9.621149,0.006070,0.001523,0.011421,0.072625,0.063895,0.087844,0.028337,STANDING
0.138781,0.055859,9.739782,0.008644,0.018257,0.011774,0.085015,0.099039,0.127596,0.012826,STANDING
0.059552,0.020682,9.761140,-0.000252,0.007928,0.006396,0.075225,0.099327,0.106434,0.010174,STANDING
0.044057,0.079833,9.841296,0.012594,0.012275,0.010695,0.090198,0.070585,0.092667,0.010364,STANDING
0.059480,-0.053280,9.735619,0.013483,0.014282,0.013382,0.079475,0.074424,0.133845,0.017038,STANDING
0.114147,0.056923,9.678032,0.016591,0.001453,0.012466,0.054767,0.054480,0.105969,0.014231,STANDING
-0.017806,0.107414,9.706071,0.024053,-0.006323,-0.006081,0.082363,0.025049,0.112345,0.021469,STANDING
0.056018,0.013442,9.637094,0.013666,0.006045,0.012307,0.018329,0.038396,0.104437,0.029642,STANDING
0.137808,0.010172,9.660233,0.020256,0.001329,0.009433,0.044046,0.065477,0.073335,0.028120,STANDING
0.003500,0.012188,9.647995,-0.002806,0.001667,0.003494,0.072455,0.065637,0.071974,0.024428,STANDING
-0.042892,0.004280,9.595409,0.011612,0.022688,0.011041,0.081615,0.084486,0.054954,0.038622,STANDING
0.013721,0.033186,9.719468,0.015436,0.021640,0.012367,0.070563,0.086390,0.065629,0.018486,STANDING
0.075634,0.035959,9.960268,0.000361,0.015745,0.008797,0.113614,0.076395,0.060096,0.012891,STANDING
0.101162,0.059880,9.556648,0.015918,-0.004816,0.036550,0.124174,0.068620,0.087322,0.010853,STANDING
0.189385,0.024008,9.724193,0.027431,-0.005372,-0.000343,0.058944,0.109567,0.091429,0.022916,STANDING
0.095670,0.063066,9.786876,0.023456,-0.000671,0.030278,0.040114,0.092033,0.086486,0.026731,STANDING
0.004589,0.075961,9.903723,0.005277,0.007508,0.012709,0.140991,0.042462,0.113816,0.016344,STANDING
0.014389,0.111410,9.645812,0.007119,0.006049,-0.008035,0.069178,0.033649,0.121457,0.000822,STANDING
0.046636,0.021644,9.823325,0.012816,-0.001017,0.007644,0.100155,0.127644,0.097995,0.020616,STANDING
0.053474,0.042819,9.647436,-0.008106,0.011364,0.025033,0.079744,0.069298,0.160794,0.028243,STANDING
0.025614,0.081874,9.534835,0.015607,0.018659,-0.000014,0.074272,0.057560,0.059998,0.035956,STANDING
0.104391,-0.003878,9.668509,0.000678,0.019708,0.012736,0.091088,0.087318,0.140837,0.017308,STANDING
-0.055954,0.111048,9.695107,0.017352,0.004867,0.018075,0.090328,0.084333,0.098655,0.028781,STANDING
0.056816,0.037061,9.768437,0.005050,0.018606,-0.005168,0.073916,0.051245,0.129039,0.027371,STANDING
-0.001266,0.031065,9.713749,0.027280,0.022115,0.005918,0.096155,0.018094,0.040247,0.035782,STANDING
0.065188,0.020065,9.693568,0.013072,0.012695,0.004890,0.118046,0.079499,0.117314,0.016934,STANDING
-0.002314,0.012751,9.752133,0.004693,0.019071,0.015101,0.093768,0.073493,0.070043,0.020175,STANDING
0.023882,-0.000150,9.734571,0.024734,0.011476,0.010322,0.063551,0.124985,0.104346,0.010653,STANDING
0.002734,-0.004814,9.710219,0.009725,0.008095,0.002739,0.092464,0.087894,0.085325,0.035617,STANDING
0.166657,-0.103080,9.617728,0.009396,-0.020198,-0.001397,0.098849,0.086089,0.078864,0.014523,STANDING
0.115632,0.058721,9.788407,0.021219,0.000373,0.033097,0.061896,0.052602,0.114567,0.007934,STANDING
0.068226,0.105394,9.713174,0.020422,0.014873,0.020262,0.088216,0.107072,0.134062,0.023406,STANDING
0.014463,0.060228,9.646340,0.009931,-0.006222,0.035209,0.100991,0.032108,0.098003,0.026543,STANDING
0.001563,0.088739,9.569430,-0.001105,0.014591,0.008886,0.074105,0.092816,0.067122,0.014147,STANDING
0.062985,0.040109,9.821100,0.008163,-0.001474,0.019190,0.085373,0.076461,0.090886,0.019658,STANDING
0.009914,0.047027,9.825109,-0.001996,0.011501,0.011210,0.052703,0.083399,0.065070,0.006154,STANDING
0.072961,-0.019216,9.586116,0.004744,0.014741,0.009713,0.066540,0.095931,0.034107,0.012512,STANDING
0.028121,0.055153,9.666777,0.030646,0.010433,0.006899,0.107993,0.103921,0.145916,0.009075,STANDING
0.038546,0.030083,9.756836,0.002622,0.001571,0.013288,0.036835,0.078792,0.086311,0.020616,STANDING
0.063208,0.132686,9.657643,0.015572,0.016289,-0.011028,0.069888,0.060902,0.119517,0.020784,STANDING
0.107699,0.106270,9.664460,0.003555,0.003181,0.013368,0.065004,0.087003,0.080721,0.009052,STANDING
0.061758,0.137579,9.632191,0.007025,0.012957,-0.007204,0.109716,0.101727,0.060153,0.025399,STANDING
0.035004,0.047695,9.639391,-0.006002,0.012791,0.014292,0.106379,0.086497,0.098360,0.002537,STANDING
0.006083,-0.046405,9.596298,0.017042,-0.004539,0.000929,0.043520,0.109274,0.087328,0.010182,STANDING
0.137490,0.083785,9.741245,0.016016,0.008747,0.002627,0.138844,0.059604,0.071994,0.035930,STANDING
-0.016115,-0.046031,9.652206,-0.003370,0.018430,0.021363,0.134798,0.121227,0.087765,0.022754,STANDING
0.045480,0.055818,9.604966,0.007024,0.003244,0.012233,0.081967,0.083344,0.144777,0.039975,STANDING
0.021398,0.084638,9.563801,0.016614,0.018251,-0.006331,0.063756,0.100108,0.064909,0.017188,STANDING
0.001790,-0.064645,9.749647,-0.000970,0.008453,0.005884,0.045044,0.086840,0.088116,0.005680,STANDING
-0.012374,0.081764,9.708955,0.013871,-0.010121,0.012206,0.053419,0.059469,0.141631,0.021081,STANDING
0.068192,0.035978,9.742197,0.015111,0.011708,0.007872,0.126416,0.047310,0.115022,0.029618,STANDING
0.002782,0.089153,9.651205,0.008900,0.004448,0.023844,0.076662,0.112520,0.148975,0.025368,STANDING
0.073131,0.010057,9.707176,0.008449,0.003156,0.014333,0.065402,0.133941,0.102892,0.034541,STANDING
0.087208,0.013679,9.694465,-0.010780,0.002161,0.011458,0.079304,0.092607,0.056438,0.039476,STANDING
0.021084,0.078531,9.790479,0.010015,0.018417,0.005249,0.088129,0.068323,0.118695,0.025571,STANDING
0.080734,0.150146,9.615031,-0.002634,0.006929,-0.004929,0.099641,0.113613,0.148624,0.012357,STANDING
0.079507,0.058153,9.807008,0.000280,0.016261,0.001155,0.121775,0.080594,0.035969,0.028327,STANDING
-0.044898,-0.009169,9.646876,0.001445,0.018522,0.021936,0.087364,0.102547,0.127217,0.026633,STANDING
0.110163,0.032154,9.663815,0.013944,0.002108,0.011531,0.086567,0.072893,0.096881,0.018351,STANDING
0.042210,0.042119,9.856976,0.017830,0.033440,0.002176,0.161162,0.052709,0.100115,0.013825,STANDING
0.002236,-0.003621,9.591747,0.016888,0.020051,0.010440,0.050418,0.078132,0.082953,0.015231,STANDING
0.062692,0.106473,9.818483,0.007422,0.009336,0.013531,0.019407,0.054048,0.112810,0.017682,STANDING
0.032892,-0.010075,9.876262,0.007255,0.002884,-0.005099,0.088353,0.082284,0.091282,0.025554,STANDING
0.101304,0.016064,9.606612,0.023856,0.015302,0.004160,0.093069,0.073563,0.078621,0.028698,STANDING
0.116172,0.009737,9.619930,0.014185,-0.000350,0.010676,0.079495,0.097352,0.078254,0.026863,STANDING
-0.022897,0.060032,9.596146,0.004740,0.011196,0.012171,0.074556,0.031819,0.129226,0.022592,STANDING
0.065610,0.050694,9.822608,0.029071,0.013915,0.003134,0.097561,0.070633,0.087205,0.012740,STANDING
0.120218,0.075935,9.637398,0.027527,0.001585,-0.000054,0.032808,0.115012,0.127592,0.030655,STANDING
0.044064,0.017000,9.638024,0.009963,0.009899,0.022105,0.083631,0.045018,0.090158,0.020659,STANDING
0.005030,-0.003618,9.713775,0.003564,0.002571,0.021996,0.087091,0.084661,0.097934,0.033650,STANDING
0.038557,0.057915,9.786211,0.013488,0.013175,0.018248,0.082319,0.034460,0.073427,-0.003081,STANDING
0.118787,0.083155,9.816227,0.007495,0.006559,-0.000891,0.105659,0.086680,0.084692,0.040015,STANDING
-0.063699,0.109083,9.617393,0.008396,-0.004556,-0.000087,0.111886,0.101250,0.128419,0.029634,STANDING
0.056326,0.004834,9.799546,0.009286,-0.001361,0.004062,0.078053,0.020878,0.076774,0.014018,STANDING
-0.022613,0.064616,9.667618,0.022628,0.009934,-0.006474,0.107157,0.069245,0.092490,0.019018,STANDING
0.047113,0.122144,9.792130,0.007437,-0.002289,-0.000510,0.069725,0.072948,0.146007,0.017536,STANDING
0.048970,0.095177,9.702053,-0.005223,0.012402,0.001050,0.093563,0.062866,0.124603,0.013790,STANDING
0.051399,0.123943,9.739202,0.019468,0.023694,0.012456,0.054913,0.073205,0.095853,0.011897,STANDING
0.041916,-0.014781,9.782269,0.019231,0.009373,-0.005056,0.112569,0.103164,0.121749,0.003000,STANDING
0.088726,0.061158,9.744557,0.015239,0.006702,0.029475,0.059091,0.090207,0.085728,0.019891,STANDING
-0.019353,0.049291,9.701009,-0.001952,0.000305,0.015816,0.077021,0.116050,0.051553,0.023723,STANDING
0.143896,0.041710,9.850141,0.015575,0.010868,0.010987,0.068314,0.079066,0.122998,0.009901,STANDING
0.082449,0.015270,9.634230,-0.000508,0.011872,0.024972,0.081591,0.127290,0.116424,0.025441,STANDING
0.124116,0.050038,9.717788,0.017297,0.010160,0.016943,0.066869,0.040386,0.106915,0.019809,STANDING
0.095014,0.061705,9.728439,0.009226,0.012771,0.025417,0.103996,0.085536,0.151326,0.007647,STANDING
-0.011996,0.098183,9.828362,0.030970,0.020362,0.016536,0.106424,0.087753,0.129195,0.037713,STANDING
0.031747,0.047430,9.803976,0.030253,0.019352,0.007655,0.060940,0.113218,0.111757,0.005351,STANDING
0.084344,0.187269,9.749141,0.008260,0.017818,0.003338,0.050845,0.092925,0.095317,0.022176,STANDING
0.069366,0.031608,9.609414,0.009957,0.012693,0.005601,0.045859,0.129068,0.108688,0.036687,STANDING
0.039920,0.019624,9.608516,0.005679,-0.015872,0.011583,0.075425,0.035247,0.054492,0.014918,STANDING
0.072790,0.027644,9.757083,-0.001594,0.006963,0.006708,0.080336,0.066403,0.068582,0.005024,STANDING
0.000620,-0.014325,9.555233,0.021017,0.013148,0.015312,0.172989,0.108757,0.111729,0.017809,STANDING
0.031644,0.016348,9.788768,0.020244,0.028166,0.034695,0.096029,0.085316,0.090982,0.010992,STANDING
0.108086,-0.008870,9.797282,0.007604,0.007773,-0.009992,0.083087,0.119225,0.136584,0.009473,STANDING
0.084585,0.023480,9.581352,0.012002,0.015770,0.027804,0.104823,0.081275,0.102465,0.026050,STANDING
0.070506,0.015830,9.686860,0.026603,0.016153,0.003439,0.059680,0.070177,0.128692,0.007788,STANDING
0.130377,0.093842,9.687846,0.001526,0.002794,0.005333,0.097714,0.074425,0.079049,0.016567,STANDING
0.117575,0.033075,9.768759,-0.010197,0.013413,0.013702,0.093341,0.021427,-0.000511,0.014151,STANDING
-0.016565,0.019677,9.572928,0.020076,0.027301,-0.002025,0.094820,0.047005,0.125276,0.019799,STANDING
0.064957,0.050633,9.616189,0.004588,0.012323,0.013512,0.074796,0.057074,0.113927,0.034054,STANDING
0.061202,0.014613,9.780365,0.015425,0.008371,0.014782,0.121831,0.100428,0.102873,0.007843,STANDING
0.112678,0.028758,9.690934,0.016856,0.010198,-0.003001,0.045756,0.107159,0.113915,0.028189,STANDING
0.013920,0.037565,9.669130,0.023602,0.006728,0.014629,0.021467,0.026622,0.086574,0.001914,STANDING
0.064197,-0.021833,9.662214,0.018933,0.022201,0.006703,0.042783,0.089806,0.074475,0.000776,STANDING
0.019807,0.087898,9.742016,0.002914,-0.002019,0.005886,0.048400,0.050871,0.080298,0.041092,STANDING
-0.023247,0.105647,9.613676,-0.008891,0.015807,-0.006094,0.113660,0.131245,0.140605,0.005071,STANDING
0.021685,0.083199,9.583878,0.013557,0.004311,0.002987,0.084006,0.081754,0.138302,0.019078,STANDING
0.099326,0.073771,9.924373,0.011146,0.007326,0.008900,0.093980,0.080491,0.095985,0.022678,STANDING
0.077156,0.107130,9.619292,0.002436,0.022621,0.026616,0.103800,0.055735,0.112289,0.023360,STANDING
0.042797,0.016872,9.828236,0.002386,0.020877,0.018323,0.038699,0.075795,0.129368,0.012756,STANDING
-0.016154,0.055286,9.534492,0.004771,0.017627,0.013818,0.140665,0.087216,0.091579,0.016364,STANDING
0.037518,0.091778,9.700305,0.000153,-0.000357,0.010089,0.062248,0.101786,0.065823,0.008102,STANDING
-0.024395,0.050681,9.729121,-0.004411,0.009632,0.003181,0.070860,0.087182,0.109209,0.017019,STANDING
0.089185,0.051282,9.748484,0.009801,0.012666,0.000889,0.061039,0.056211,0.130127,0.024692,STANDING
0.089122,0.059092,9.797948,0.020147,0.000986,0.006572,0.097849,0.084262,0.078180,0.019272,STANDING
0.179748,0.086646,9.631499,0.006442,-0.004651,0.003824,0.070690,0.090041,0.048392,0.022999,STANDING
0.034503,0.046143,9.817122,0.020461,0.002773,0.006093,0.060909,0.071005,0.076727,0.016805,STANDING
0.113080,0.041384,9.891921,0.001611,0.014264,0.005556,0.021637,0.062418,0.057733,0.011079,STANDING
0.035026,0.015630,9.667047,0.023826,0.000646,0.010703,0.120479,0.047328,0.089241,0.015624,STANDING
0.090400,0.089096,9.745557,0.002907,0.007122,0.027744,0.084585,0.096973,0.087619,0.016926,STANDING
0.068273,0.076327,9.679688,0.009235,0.016395,0.006472,0.099665,0.100517,0.088178,0.020650,STANDING
-0.035001,0.031374,9.673884,0.004255,0.015673,0.024611,0.076517,0.045550,0.095395,0.029041,STANDING
0.026642,0.110620,9.670688,0.008550,0.016804,0.019603,0.124392,0.043099,0.122059,0.026854,STANDING
0.068447,0.058831,9.779407,-0.006719,-0.000287,-0.000601,0.057402,0.055181,0.028538,0.015494,STANDING
0.063067,0.024567,9.830245,0.007528,0.014466,0.016534,0.078520,0.057871,0.065457,0.007016,STANDING
0.002146,0.000144,9.884941,-0.001777,0.014060,0.014553,0.049988,-0.004603,0.090192,0.018276,STANDING
0.081861,0.133855,9.544763,0.002044,0.023665,0.021786,0.090599,0.028679,0.053676,0.037005,STANDING
0.109408,0.057847,9.722692,0.031358,0.012769,0.006242,0.085545,0.010270,0.121580,0.030051,STANDING
0.009341,0.043433,9.897264,0.007419,0.000373,0.009461,0.064848,0.050743,0.150054,0.018041,STANDING
0.090873,0.045205,9.599027,0.000798,0.021953,0.005171,0.034229,0.112284,0.101218,0.031462,STANDING
0.131006,0.103256,9.690564,0.011985,0.011525,0.029896,0.091211,0.036796,0.106296,0.021210,STANDING
-0.030108,0.048533,9.712480,0.005813,0.003728,0.029546,0.069934,0.095286,0.099026,0.006397,STANDING
0.071093,0.129974,9.680939,0.011830,0.007099,-0.005850,0.092248,0.072144,0.117071,0.009731,STANDING
-0.003888,0.071832,9.771766,0.023220,0.017998,0.011722,0.051966,0.079544,0.100481,0.025764,STANDING
0.092048,-0.016896,9.787586,0.021761,-0.001712,0.013384,0.071572,0.073951,0.095985,0.022896,STANDING
0.198901,0.061081,9.762361,0.014024,0.002118,0.017694,0.074497,0.087094,0.143711,0.006395,STANDING
0.086193,0.124202,9.554031,-0.000988,0.019203,0.018294,0.085334,0.121093,0.089117,0.014416,STANDING
0.086613,0.086946,9.826575,0.036428,-0.000236,0.014192,0.053841,0.071541,0.104789,0.023933,STANDING
0.071133,0.004030,9.658017,0.014408,0.018964,0.007519,0.105976,0.078322,0.044469,0.016763,STANDING
0.027247,-0.050453,9.930063,0.018661,0.009411,0.017299,0.040153,0.124496,0.081054,0.024433,STANDING
0.068646,-0.007534,9.604010,0.014575,0.032692,-0.001070,0.059861,0.081847,0.109619,0.023054,STANDING
0.064288,0.077877,9.659828,0.008354,0.022546,0.026733,0.074642,0.118489,0.059053,0.015883,STANDING
0.010964,0.073263,9.858491,0.009157,0.022497,0.012284,0.080950,0.057119,0.108107,0.007155,STANDING
0.034864,-0.000581,9.766814,-0.004088,0.020537,0.013786,0.078126,0.095947,0.156245,0.021269,STANDING
0.033115,0.026832,9.703497,-0.004046,0.011149,0.007646,0.110222,0.042228,0.081853,0.020532,STANDING
-0.014662,0.038087,9.674487,0.014177,0.019726,0.019208,0.094561,0.115691,0.088803,0.015443,STANDING
0.098686,0.017183,9.672263,0.027926,-0.004094,0.025631,0.121836,0.088927,0.066889,0.010896,STANDING
-0.018203,0.039249,9.934992,0.013117,0.011622,0.006237,0.064234,0.075387,0.118094,0.025934,STANDING
0.075799,0.093839,9.658992,0.005223,0.007094,0.011216,0.053654,0.093642,0.039374,0.014022,STANDING
0.023142,0.070169,9.843755,0.026537,0.008052,-0.004343,0.084805,0.079048,0.052912,0.017756,STANDING
0.019143,0.038246,9.520904,-0.007233,-0.004778,0.017269,0.130225,0.102598,0.065433,0.020900,STANDING
0.068414,-0.040948,9.714581,0.011083,0.011346,-0.002469,0.080353,0.059773,0.066798,0.010886,STANDING
0.073995,0.085742,9.662262,0.010000,0.000447,0.014541,0.110841,0.102646,0.061497,0.033420,STANDING
0.002905,0.065503,9.619205,0.020747,0.014863,0.011247,0.034382,0.051743,0.086117,0.032045,STANDING
0.054546,0.067319,9.903337,-0.001111,0.006130,0.003478,0.095474,0.045258,0.127379,0.028946,STANDING
-0.045509,0.081014,9.835794,0.002247,0.023811,0.016711,0.058949,0.054597,0.066248,0.018794,STANDING
0.064953,-0.039839,9.748874,0.002422,0.014421,0.013912,0.136520,0.087724,0.120602,0.013532,STANDING
0.120941,0.004517,9.767647,0.013087,0.004553,0.010863,0.090911,0.032495,0.089634,0.022172,STANDING
-0.002395,0.005734,9.663274,-0.003328,0.007382,0.014961,0.064394,0.070537,0.101658,0.013676,STANDING
0.090776,-0.028516,9.751510,0.005857,0.023276,0.006123,0.109051,0.087460,0.113189,0.019126,STANDING
0.020400,-0.049026,9.712452,0.013624,0.015069,0.016878,0.093406,0.112529,0.133481,0.010907,STANDING
0.051757,0.076819,9.884494,0.021940,0.022549,0.019420,0.073364,0.094479,0.101463,0.006345,STANDING
0.060847,-0.028345,9.850004,0.012023,0.026448,-0.004610,0.066097,0.084977,0.069789,0.015250,STANDING
0.019128,0.129584,9.687738,0.008941,0.016874,0.014209,0.079877,0.087448,0.049331,0.027026,STANDING
0.002177,-0.008100,9.608887,0.013100,0.007186,0.027257,0.060033,0.050266,0.091494,0.024931,STANDING
-0.052351,0.081321,9.698890,0.009031,0.009728,0.007636,0.103462,0.094316,0.078855,0.033944,STANDING
0.053524,0.110922,9.492017,0.007273,0.016496,0.003539,0.100200,0.101283,0.119812,0.027451,STANDING
0.093797,0.119390,9.652725,0.014786,0.011991,0.003463,0.098096,0.076235,0.144962,0.011538,STANDING
-0.019650,0.010006,9.917576,0.023495,0.017348,0.011964,0.075903,0.100706,0.151896,0.025159,STANDING
0.063728,0.065387,9.904339,0.006245,0.002443,0.000327,0.039165,0.069187,0.078618,0.015478,STANDING
-0.002089,0.070608,9.573480,0.007850,0.007682,0.011406,0.054266,0.069325,0.050302,0.020807,STANDING
0.081721,0.008892,9.731666,0.001929,0.014095,0.007548,0.091085,0.085104,0.097640,0.031505,STANDING
-0.005929,0.038766,9.736290,0.009164,0.008209,-0.006494,0.028789,0.101464,0.082489,0.028769,STANDING
0.009824,0.072186,9.675514,0.013879,0.005359,0.012833,0.136033,0.104371,0.065455,0.011173,STANDING
-0.011818,-0.007476,9.926108,0.000195,0.016389,0.019541,0.164155,0.086913,0.115595,0.029758,STANDING
0.028419,0.044923,9.705951,0.005254,0.007480,0.022815,0.057635,0.007412,0.139113,0.024352,STANDING
0.104151,0.129916,9.668682,0.013782,0.005134,0.013341,0.072973,0.101687,0.089670,0.024000,STANDING
0.011258,-0.031681,9.765297,-0.001401,0.010476,-0.004354,0.121568,0.126690,0.082621,0.011800,STANDING
0.079255,0.119687,9.799499,0.013020,0.002914,0.001520,0.118415,0.130890,0.147242,0.035654,STANDING
0.067979,0.011749,9.797771,-0.008741,0.002383,0.016878,0.053196,0.072008,0.135259,0.006887,STANDING
0.032239,0.084103,9.640954,0.002029,0.010032,-0.001346,0.034725,0.099856,0.037013,0.010673,STANDING
0.076624,0.034256,9.736063,0.002624,0.013173,0.012541,0.068029,0.058033,0.055282,0.006578,STANDING
0.079796,0.114747,9.736495,0.011362,0.011705,0.010413,0.066371,0.020165,0.082708,0.029884,STANDING
0.094077,0.096708,9.438632,-0.005650,-0.007854,0.010241,0.051108,0.105540,0.085329,0.004545,STANDING
0.122718,0.000637,9.664653,0.017860,-0.004506,0.023399,0.125562,0.081620,0.086653,0.027822,STANDING
0.026190,0.089705,9.835653,-0.009166,0.023597,0.021667,0.107904,0.104573,0.071987,0.022870,STANDING
0.031083,0.050268,9.786246,-0.004538,0.004395,-0.003810,0.086932,0.097160,0.159843,0.023889,STANDING
0.009541,0.031970,9.768850,0.014759,0.006370,0.019752,0.120053,0.080346,0.100631,0.015812,STANDING
0.089470,0.020140,9.590540,0.004933,0.011567,0.000062,0.097875,0.120290,0.076856,0.012709,STANDING
0.004716,0.020205,9.820675,0.004563,-0.008907,0.018995,0.074407,0.108773,0.067017,0.007671,STANDING
0.031992,0.016781,9.638846,-0.005254,-0.011814,0.015290,0.116399,0.080982,0.107976,0.024912,STANDING
0.018826,0.098643,9.786995,-0.003058,0.025298,-0.007387,0.049059,0.029110,0.106077,0.026212,STANDING
0.007291,0.032053,9.474043,0.010580,0.018867,0.002666,0.071805,0.068945,0.125280,0.021687,STANDING
0.048842,0.045889,9.555529,0.006955,0.013153,0.007024,0.107377,0.063395,0.078921,0.032875,STANDING
0.094105,0.123289,9.679881,0.018182,0.017733,0.003761,0.053232,0.073714,0.066145,0.008689,STANDING
0.059484,0.008088,9.621285,0.005301,0.020221,0.008593,0.044533,0.110892,0.075139,0.016567,STANDING
0.109934,0.079465,9.709264,-0.003226,-0.005616,0.001748,0.051430,0.126485,0.097023,0.013189,STANDING
0.090967,0.069472,9.822115,0.002768,0.003349,0.003991,0.151976,0.082421,0.131237,0.034637,STANDING
0.066643,-0.013547,9.618662,0.007072,0.002654,0.014657,0.090841,0.065579,0.153367,0.034676,STANDING
0.121797,-0.012858,9.700914,0.015619,0.012668,-0.001506,0.054274,0.129015,0.079243,0.019797,STANDING
0.082656,0.096996,9.613222,0.012625,0.029367,0.000471,0.100630,0.080448,0.078831,0.014154,STANDING
0.080024,0.046973,9.545434,0.022655,0.017241,0.028021,0.080461,0.021770,0.087990,0.024256,STANDING
0.050163,0.055267,9.761881,0.004755,0.020762,0.002698,0.101161,0.120018,0.153114,0.020762,STANDING
-0.052177,0.111533,9.628059,0.013951,0.016109,-0.009062,0.082120,0.111866,0.080852,0.031033,STANDING
0.054846,0.000099,9.702954,0.007633,0.005597,0.017983,0.067229,0.072248,0.065100,0.034204,STANDING
0.064600,0.014553,9.654785,0.013935,0.002413,0.012440,0.056033,0.019034,0.114901,0.026970,STANDING
0.029301,0.021915,9.733143,-0.003537,0.007958,0.018439,0.065511,0.099816,0.112062,0.019994,STANDING
0.102862,0.027654,9.574923,0.009319,0.005951,-0.013237,0.018923,0.063526,0.132204,0.033043,STANDING
-0.022429,0.024090,9.698536,0.021384,0.006236,0.022948,0.074642,0.054344,0.106218,0.017225,STANDING
0.120853,0.042704,9.689158,0.015016,0.018073,0.008962,0.036771,0.066106,0.084936,0.027851,STANDING
0.083343,0.057766,9.727221,0.016263,-0.000884,0.017177,0.087691,0.112030,0.057118,0.015490,STANDING
0.101790,-0.039032,9.630607,0.017423,0.011407,0.012826,0.089141,0.053343,0.061703,0.024186,STANDING
0.121617,0.059850,9.655812,0.012175,0.009411,0.011071,0.070697,0.044064,0.106915,0.031965,STANDING
0.033329,0.070722,9.772376,0.012554,0.002884,0.019333,0.104021,0.071682,0.098284,0.021232,STANDING
0.065167,0.055817,9.625409,0.001510,0.002092,0.002503,0.121611,0.060734,0.101062,0.026012,STANDING
0.042559,0.144110,9.652945,0.001221,0.002152,0.004327,0.060267,0.114619,0.140776,0.018576,STANDING
0.024787,0.033679,9.732065,0.013434,0.010193,0.008808,0.067157,0.102008,0.098616,0.016172,STANDING
0.104986,-0.016701,9.707663,0.022549,0.006250,0.024531,0.030111,0.078038,0.093143,0.021237,STANDING
0.085111,0.051673,9.791761,0.008104,0.007838,0.012809,0.063977,0.077857,0.088794,0.022817,STANDING
0.028071,-0.036258,9.748541,0.005987,-0.000573,0.005734,0.078760,0.095519,0.113927,0.015556,STANDING
-0.053201,0.020586,9.655447,0.004550,0.000280,0.006915,0.069053,0.049704,0.132909,0.011239,STANDING
0.120224,0.065627,9.710007,0.019069,0.023330,-0.006755,0.049415,0.086359,0.071904,0.018894,STANDING
0.032679,-0.056299,9.751815,0.005169,0.004172,0.011933,0.057886,0.090035,0.095402,0.037699,STANDING
0.062002,0.031030,9.717126,0.002106,-0.003688,-0.002795,0.109841,0.092410,0.083421,0.019971,STANDING
0.008668,0.109295,9.835608,0.006180,0.015902,0.027841,0.072371,0.038699,0.091430,0.032603,STANDING
0.047251,0.001761,9.706128,0.005023,-0.001457,0.003731,0.087471,0.065293,0.108752,0.012810,STANDING
0.047590,0.104616,9.838592,0.004118,-0.013270,0.000413,0.087800,0.060374,0.090538,0.014888,STANDING
0.089418,0.041951,9.676603,0.015507,0.015912,-0.007066,0.089123,0.052175,0.106337,0.016261,STANDING
-0.033756,0.018204,9.584908,0.009488,0.001917,0.006277,0.088282,0.079186,0.139513,0.001518,STANDING
0.007523,0.018577,9.580823,0.029613,0.025745,0.003480,0.084262,0.033023,0.091067,0.019998,STANDING
0.111338,0.042324,9.716470,0.011389,0.007248,0.019262,0.074132,0.142812,0.052883,0.004870,STANDING
0.048389,-0.005389,9.624603,0.012846,0.007712,0.014660,0.054429,0.080986,0.074260,-0.007250,STANDING
0.052998,-0.003208,9.697924,0.022176,-0.007452,0.006516,0.065456,0.110924,0.130568,0.009722,STANDING
0.088609,0.060254,9.678020,-0.007921,0.005743,0.003290,0.078184,0.132656,0.118549,0.027016,STANDING
0.062390,0.208507,9.736692,-0.001570,0.003976,0.007356,0.104913,0.112076,0.103931,0.010307,STANDING
0.086895,0.095220,9.582643,0.032771,0.004152,0.010013,0.090153,0.051054,0.101734,0.025604,STANDING
0.120698,0.074389,9.698890,-0.002237,0.015371,0.006877,0.081515,0.151975,0.063693,0.028897,STANDING
0.051600,0.117539,9.583938,0.014892,0.011899,0.010317,0.089687,0.078648,0.067779,0.021111,STANDING
0.102626,0.038106,9.766960,0.026896,0.004638,-0.000444,0.093333,0.085171,0.119850,0.012471,STANDING
0.127099,0.058068,9.757219,0.013487,0.001402,0.023331,0.095079,0.082589,0.126597,0.019505,STANDING
0.050166,0.026777,9.681566,0.042077,0.026386,0.003823,0.065726,0.043961,0.127044,0.014758,STANDING
0.003676,-0.016773,9.980907,0.009815,0.033311,0.014047,0.124299,0.100072,0.082979,0.029772,STANDING
-0.035710,0.088572,9.724228,0.007179,0.009549,0.027157,0.075643,0.109137,0.067078,0.002464,STANDING
0.079525,-0.069033,9.714488,0.026635,0.000066,0.012639,0.118039,0.086993,0.114447,0.025656,STANDING
0.014043,0.050068,9.729728,0.013571,0.012101,0.003716,0.061037,0.123979,0.114282,0.036480,STANDING
0.081304,0.131146,9.713200,0.010777,0.008882,0.011346,0.054656,0.069423,0.099447,0.017102,STANDING
0.001725,0.027706,9.609262,0.009139,0.003822,-0.003470,0.056124,0.110650,0.082243,0.000714,STANDING
-0.026346,0.032188,9.611795,-0.002213,0.027080,0.021107,0.074887,0.057096,0.082786,0.017573,STANDING
0.066998,0.056159,9.726766,0.004645,0.010183,0.017736,0.064462,0.105070,0.126505,0.029168,STANDING
0.036690,0.040751,9.921067,0.007527,0.023038,0.001212,0.070219,0.131089,0.119526,0.001063,STANDING
-0.046450,0.042911,9.572463,0.013249,0.007133,0.000107,0.075032,0.065407,0.128929,0.017018,STANDING
0.018432,0.021649,9.799961,0.018725,-0.002548,0.014655,0.070084,0.063974,0.105620,0.016294,STANDING
0.067525,0.029495,9.631726,0.005657,0.004066,-0.000100,0.076234,0.094124,0.036484,0.028090,STANDING
0.089319,0.055494,9.541034,0.007510,0.011946,0.021862,0.065711,0.110441,0.070301,0.023686,STANDING
0.051728,0.126637,9.623017,0.006298,0.024898,0.017178,0.089129,0.113812,0.076675,-0.000261,STANDING
0.049657,0.010589,9.712962,0.002003,0.019950,0.015969,0.076500,0.034408,0.099936,0.015803,STANDING
0.059265,0.071659,9.853930,0.002060,0.032649,0.003305,0.064287,0.085877,0.057825,0.015136,STANDING
0.050599,-0.000389,9.588303,0.004950,0.006103,0.009740,0.054825,0.074199,0.104293,0.032104,STANDING
-0.060877,0.021448,9.733068,0.006243,0.002271,0.012927,0.123358,0.078060,0.093982,0.019538,STANDING
-0.047443,0.049494,9.717914,0.016883,0.007445,0.018046,0.075618,0.072383,0.085245,0.008577,STANDING
-0.004057,0.130295,9.764270,0.009725,-0.002408,0.015938,0.111089,0.095730,0.071508,0.016421,STANDING
0.028501,0.086444,9.569152,0.007269,0.007935,0.015124,0.053725,0.045264,0.157152,0.017936,STANDING
0.001949,0.050116,9.524704,0.004073,0.014488,0.010239,0.128456,0.107844,0.118961,0.016056,STANDING
0.039023,0.050476,9.630400,0.009606,0.019836,0.010042,0.041709,0.050153,0.111808,0.017837,STANDING
0.065171,0.044032,9.643569,0.008896,0.003702,-0.003047,0.135670,0.093683,0.103968,0.021102,STANDING
0.057326,0.076909,9.657692,-0.003304,-0.001421,0.013570,0.094079,0.065209,0.086651,0.033248,STANDING
0.039497,0.019456,9.769625,0.015364,0.000601,0.010989,0.103532,0.104089,0.108168,0.018925,STANDING
0.019854,0.091971,9.697378,0.046394,0.004218,0.014430,0.063062,0.037107,0.130337,-0.006778,STANDING
0.072065,0.006400,9.670503,0.025429,0.012382,-0.008730,0.096538,0.072586,0.073246,0.020216,STANDING
-0.034595,-0.030441,9.688917,0.001704,0.037470,0.001151,0.058398,0.083697,0.109511,0.025665,STANDING
0.071576,0.020625,9.653666,0.009377,0.009321,0.009539,0.088861,0.025347,0.072081,0.020111,STANDING
-0.046308,-0.032594,9.694277,0.029276,0.000225,0.021567,0.087154,0.087748,0.061108,0.015380,STANDING
0.100727,0.034637,9.659024,-0.006286,0.023350,0.019953,0.073162,0.091573,0.134931,0.009520,STANDING
0.126637,0.118738,9.797440,0.013055,0.013867,0.003559,0.090167,0.107005,0.127363,0.034174,STANDING
-0.003961,0.064270,9.644676,-0.008997,-0.001627,0.017710,0.055959,0.093823,0.103035,0.029116,STANDING
0.053513,0.132066,9.632102,0.013193,0.011859,0.010233,0.085125,0.071090,0.149850,0.032508,STANDING
0.176997,0.112218,9.516009,0.016038,0.021660,0.018754,0.067269,0.114907,0.069506,0.011826,STANDING
0.130909,0.100009,9.837017,0.015218,0.016703,0.004535,0.100829,0.096598,0.140331,0.021099,STANDING
0.080400,-0.009991,9.618477,-0.001748,-0.002724,0.022263,0.021745,0.076409,0.101878,0.018163,STANDING
0.028792,-0.024148,9.665582,0.021909,0.028017,-0.002949,0.049390,0.084629,0.062220,0.017323,STANDING
0.054092,0.076304,9.571589,-0.007949,-0.003338,-0.004383,0.108453,0.047939,0.118460,0.026949,STANDING
0.067114,0.131146,9.644137,0.017662,0.023849,0.003441,0.086725,0.089525,0.095043,0.016740,STANDING
0.119767,0.012884,9.689549,0.004987,-0.000662,0.006048,0.049806,0.071763,0.100660,0.029880,STANDING
0.018123,0.013362,9.778257,0.004242,0.009129,0.005209,0.097580,0.080094,0.106205,0.012774,STANDING
0.072725,0.043056,9.619709,0.014290,0.003726,0.005392,0.079351,0.084422,0.130823,0.027976,STANDING
0.053991,0.072117,9.761184,0.005196,0.006691,-0.001424,0.050335,0.116415,0.082537,0.026558,STANDING
0.046361,0.065071,9.528536,0.001397,0.029487,0.023482,0.085263,0.012840,0.059006,-0.007767,STANDING
0.045373,0.074793,9.669913,-0.003516,0.007546,0.013161,0.121966,0.090681,0.090985,0.012616,STANDING
0.096583,0.028269,9.787600,0.014765,0.007543,0.008745,0.110631,0.095281,0.027971,0.009912,STANDING
0.106841,0.020397,9.455337,0.005443,0.009602,0.017880,0.074895,0.063869,0.130418,0.022892,STANDING
-0.061337,0.101847,9.786494,0.022059,0.000889,0.010423,0.133152,0.098839,0.062253,0.028654,STANDING
0.027302,0.011722,9.775549,0.031091,0.000680,0.017745,0.038828,0.061891,0.177632,0.013564,STANDING
0.211245,0.051209,9.596272,0.020159,0.007039,0.017892,0.035138,0.078141,0.144453,0.035203,STANDING
0.061903,0.088639,9.812690,0.001415,0.016309,0.004862,0.089229,0.061473,0.081557,0.019165,STANDING
0.015362,0.099040,9.759898,0.014707,0.004317,0.025714,0.060852,0.082344,0.122379,0.028609,STANDING
-0.026706,0.104159,9.814298,0.014064,0.005883,0.030933,0.108286,0.062467,0.083792,0.025636,STANDING
0.099103,0.105886,9.693352,0.013396,-0.005039,0.018434,0.051739,0.116109,0.093347,0.032123,STANDING
0.006147,-0.035533,9.727745,0.010185,0.019115,-0.005748,0.080766,0.077354,0.100422,0.034606,STANDING
0.146873,0.020821,9.835221,0.018590,0.004482,-0.006877,0.103445,0.103839,0.115819,0.016494,STANDING
-0.059631,0.041868,9.675005,0.017768,0.009604,0.013025,0.084315,0.032328,0.108076,-0.001865,STANDING
0.012766,0.020347,9.769691,0.002906,0.013667,0.012488,0.086639,0.079116,0.127794,-0.002596,STANDING
0.089924,-0.009100,9.809563,0.016736,0.025121,0.008173,0.078688,0.055066,0.064442,0.027905,STANDING
0.101726,0.039765,9.579224,0.005694,0.016613,0.013166,0.079378,0.119998,0.120627,0.026395,STANDING
0.008710,0.009248,9.808359,0.021880,0.008063,0.021378,0.083405,0.068246,0.106269,0.023409,STANDING
0.011800,0.097059,9.688232,0.005609,-0.003289,0.000941,0.070925,0.052007,0.125098,0.018973,STANDING
0.053364,0.048086,9.804030,0.024151,0.009174,-0.003370,0.099306,0.097333,0.036115,0.020193,STANDING
0.074465,0.081797,9.771222,0.011683,0.013990,0.006201,0.087694,0.085234,0.107812,0.020084,STANDING
0.042135,0.127266,9.647475,0.018170,-0.005117,0.027173,0.004514,0.126219,0.177525,0.019978,STANDING
0.081362,0.108912,9.619023,-0.011682,0.006255,0.024756,0.014739,0.116076,0.085057,0.014974,STANDING
0.027937,0.069062,9.631342,0.006928,0.012397,0.023815,0.046589,0.072530,0.086424,0.039167,STANDING
0.010063,0.066550,9.696342,0.002540,0.006980,0.024937,0.085073,0.022446,0.142368,0.027785,STANDING
0.066875,0.053737,9.711237,-0.011877,0.005394,0.027194,0.091625,0.061140,0.149997,0.020716,STANDING
0.083810,0.061117,9.598638,0.022699,0.032586,0.017537,0.043376,0.087957,0.090990,0.012297,STANDING
0.040639,0.036678,9.615808,0.000062,0.009248,0.020621,0.087767,0.096171,0.089128,0.006905,STANDING
-0.064289,-0.033682,9.793606,0.017640,0.013207,-0.004005,0.098302,0.091353,0.070131,0.004141,STANDING
0.003301,0.120811,9.848079,0.025093,0.017899,0.008547,0.052371,0.059904,0.114504,0.006268,STANDING
0.011775,0.040913,9.591170,0.022265,0.028873,0.011847,0.080824,0.109297,0.077140,0.000895,STANDING
0.042108,0.060091,9.536024,0.014486,0.005174,0.007238,0.083380,0.030318,0.132651,0.024458,STANDING
0.010581,0.064306,9.536780,0.013182,0.016021,0.010148,0.102467,0.019043,0.059601,0.019406,STANDING
0.060066,0.063006,9.547312,0.009686,0.015312,0.012535,0.102763,0.127622,0.041696,0.002647,STANDING
0.116038,0.191632,9.540998,0.024429,0.018493,0.023422,0.041374,0.053220,0.090365,0.035339,STANDING
-0.029384,0.048287,9.564100,0.010294,-0.013004,0.014163,0.173542,0.118035,0.089381,0.005430,STANDING
0.018031,-0.003120,9.683850,0.014385,0.002537,-0.004963,0.077526,0.106882,0.099733,0.033472,STANDING
0.113898,0.050177,9.538568,0.018224,-0.001960,0.009810,0.097226,0.136932,0.118421,0.013765,STANDING
0.093150,0.110417,9.709213,0.001980,0.005578,0.000815,0.064409,0.086523,0.148600,0.011147,STANDING
0.045170,0.048141,9.788327,0.017796,-0.007575,0.005093,0.041176,0.100667,0.057514,0.017630,STANDING
0.086296,0.029093,9.665536,0.003813,-0.000213,0.023655,0.121219,0.015244,0.038799,0.001518,STANDING
0.098875,0.096604,9.673491,0.023847,0.007938,0.009049,0.109766,0.045274,0.088957,0.013371,STANDING
0.050839,0.143862,9.844152,-0.007702,0.001312,0.010091,0.060144,0.108522,0.107794,0.021470,STANDING
0.030403,0.048651,9.716052,0.009567,0.013470,0.022551,0.054630,0.108029,0.125831,0.001984,STANDING
0.064654,-0.034319,9.673018,0.026627,-0.015555,0.024062,0.047537,0.089834,0.094496,0.037731,STANDING
-0.005649,0.053000,9.666374,0.008236,0.013566,0.013321,0.055276,0.125415,0.115456,0.026442,STANDING
0.131724,-0.003518,9.867400,0.021064,0.029523,0.004240,0.088649,0.059930,0.159707,0.019507,STANDING
0.129795,0.041934,9.744159,0.018089,0.010685,0.019049,0.052774,0.083777,0.114583,0.019421,STANDING
0.053286,0.043977,9.769080,0.017215,0.015349,0.007396,0.071603,0.110833,0.111365,0.013479,STANDING
0.060749,-0.017811,9.829460,0.014154,0.009680,0.026207,0.089347,0.098717,0.133367,0.025682,STANDING
0.110222,-0.039946,9.830812,0.007504,-0.004867,-0.001160,0.095761,0.075970,0.060422,0.024777,STANDING
0.031841,0.044242,9.904930,0.033948,0.019242,0.007947,0.134621,0.075946,0.074861,0.015264,STANDING
-0.019108,0.155087,9.702485,0.005800,0.012661,0.027769,0.124619,0.068905,0.111014,0.013331,STANDING
0.140040,0.018409,9.578410,0.014906,-0.000951,-0.003060,0.068165,0.071994,0.134355,0.028110,STANDING
0.053983,0.042898,9.836152,0.006732,0.021147,0.007848,0.077241,0.074549,0.071358,0.020051,STANDING
0.061217,0.074203,9.649490,0.012545,0.004442,0.017836,0.042377,0.098818,0.112252,0.025001,STANDING
0.048100,-0.060589,9.710738,0.002725,-0.018238,0.014466,0.078059,0.082148,0.114392,0.025448,STANDING
-0.021434,-0.003230,9.625299,-0.006155,0.020945,0.020333,0.094925,0.054261,0.095926,0.000136,STANDING
0.057504,0.114594,9.750488,0.026699,0.021406,0.020860,0.067040,0.116900,0.078836,0.014736,STANDING
0.006444,0.073661,9.790703,0.011313,-0.002810,0.014576,0.186534,0.097679,0.114662,0.012819,STANDING
0.024162,0.082362,9.732252,-0.000950,0.005491,-0.002386,0.092262,-0.004788,0.106765,0.018989,STANDING
0.137899,0.110047,9.766074,0.015565,-0.009588,-0.007160,0.067658,0.063106,0.090925,0.007645,STANDING
0.124123,0.068354,9.666035,0.026798,0.004976,0.013617,0.049453,0.072076,0.111498,0.029018,STANDING
0.013079,0.023926,9.813251,0.030873,-0.002344,0.030281,0.049855,0.077842,0.106061,0.029305,STANDING
0.042343,0.065379,9.810694,0.012209,0.008813,0.027115,0.077618,0.069562,0.077632,0.030220,STANDING
0.061550,-0.017198,9.806201,0.016697,0.024932,0.013031,0.059727,0.024000,0.092778,0.011824,STANDING
0.032250,0.078739,9.721875,0.009861,0.005145,0.015094,0.051249,0.118884,0.091351,0.026313,STANDING
0.007610,-0.034725,9.733084,0.007683,0.015684,0.004541,0.098183,0.122495,0.135183,0.041988,STANDING
0.059798,0.058355,9.745914,0.009987,-0.001436,0.023637,0.106819,0.085051,0.100132,0.025324,STANDING
0.134397,0.071678,9.846362,0.009605,0.000225,-0.022325,0.058089,0.134282,0.077381,0.018883,STANDING
0.067815,0.062196,9.685377,0.016480,0.015472,0.008940,0.065776,0.029703,0.063747,0.012286,STANDING
0.091137,0.164137,9.621808,-0.001417,0.024742,0.022691,0.122516,0.040315,0.085003,0.028043,STANDING
0.072833,0.132215,9.863490,0.007472,0.027914,0.025505,0.064447,0.036502,0.081125,0.002797,STANDING
0.078863,-0.073938,9.757828,0.003658,0.009537,0.009726,0.112703,0.097520,0.082397,0.015941,STANDING
0.051411,0.129218,9.762899,-0.014115,0.019891,0.009273,0.098402,0.102424,0.154123,0.022155,STANDING
0.047826,0.041752,9.723491,-0.006481,0.002371,0.002958,0.042988,0.086090,0.130386,0.024597,STANDING
0.061884,0.122924,9.596350,0.011530,0.008185,0.010602,0.111470,0.030192,0.129344,0.027709,STANDING
0.045560,0.057182,9.650437,0.026216,-0.010638,0.020937,0.102554,0.109263,0.112315,0.020230,STANDING
0.089935,0.002933,9.803778,0.018683,0.011097,0.014975,0.063259,0.077945,0.069051,0.017455,STANDING
0.046104,0.061037,9.662116,0.017369,0.007732,0.029519,0.093495,0.129974,0.094929,0.026517,STANDING
0.103114,0.096635,9.638335,0.004500,0.027870,0.008120,0.079419,0.060576,0.109082,0.018503,STANDING
0.008394,0.029412,9.602612,0.016067,-0.002668,0.010890,0.111028,0.092248,0.154198,0.017859,STANDING
0.067277,0.081292,9.672745,0.021475,0.019779,0.010622,0.077439,0.080576,0.110950,0.012551,STANDING
-0.052807,0.091773,9.712556,0.021432,0.012520,0.004983,0.091429,0.041105,0.111516,-0.002770,STANDING
0.095191,-0.062082,9.660258,0.030820,0.032764,-0.001297,0.084457,0.059518,0.074391,0.009270,STANDING
-0.046499,0.010937,9.690701,0.016063,0.021117,0.018507,0.088628,0.084007,0.107540,0.038258,STANDING
0.060302,0.064054,9.651705,0.015763,0.013658,0.021097,0.096869,0.093965,0.138257,0.021469,STANDING
-0.066777,0.024542,9.707707,0.009330,0.006625,0.005665,0.033736,0.047579,0.077195,0.007328,STANDING
0.023380,0.093093,9.731235,0.010988,0.007116,0.020694,0.046074,0.080138,0.097661,0.014033,STANDING
0.088375,0.113636,9.806483,0.009689,-0.002401,0.008291,0.035294,0.065636,0.136520,0.019428,STANDING
0.102250,0.082368,9.769238,0.013941,-0.003177,0.012568,0.078746,0.066258,0.077057,0.006837,STANDING
0.024207,0.040043,9.706251,0.016016,0.006738,0.009187,0.094397,0.068054,0.165333,0.028024,STANDING
0.086659,-0.051021,9.779187,-0.015538,0.012301,-0.004532,0.040985,0.035947,0.122193,-0.000753,STANDING
-0.027122,0.051350,9.736136,0.018931,0.023197,0.024008,0.107939,0.096922,0.103293,0.026144,STANDING
0.002103,0.028791,9.599808,0.016786,0.002952,0.013163,0.068294,0.067759,0.064610,0.020964,STANDING
0.011593,0.101130,9.568122,0.016444,0.013040,0.020498,0.070972,0.081302,0.145995,0.034335,STANDING
0.045534,0.025302,9.698503,0.027616,-0.012146,0.006833,0.058430,0.074168,0.134306,0.002742,STANDING
-0.004822,0.000494,9.622072,-0.005059,0.004758,0.009511,0.101715,0.076139,0.167611,0.016673,STANDING
0.031859,0.007377,9.818976,0.018060,0.009971,0.019622,0.103244,0.086481,0.092907,0.018425,STANDING
0.079549,0.123796,9.733562,0.010068,0.009414,-0.001412,0.108147,0.098376,0.079489,0.019738,STANDING
0.024780,0.071973,9.475822,0.009290,0.007863,-0.002982,0.128461,0.017588,0.136088,0.021775,STANDING
0.037432,0.048531,9.830251,0.013323,-0.005195,0.015129,0.037701,0.087788,0.066533,0.022772,STANDING
0.022446,0.131921,9.790343,0.006864,0.004870,-0.011176,0.137975,0.083819,0.081799,0.028738,STANDING
-0.021847,0.021911,9.654609,0.009189,0.019318,-0.006498,0.056656,0.066091,0.131383,0.014054,STANDING
0.031838,0.076507,9.798015,-0.009645,0.004431,0.001164,0.093957,0.082913,0.180492,0.011981,STANDING
0.000779,0.073366,9.668694,0.001967,0.006778,0.014497,0.037461,0.130717,0.129851,0.028967,STANDING
0.103071,0.049358,9.840684,0.013409,-0.003376,0.015007,0.074395,0.029906,0.104551,0.017908,STANDING
0.163076,-0.020491,9.792522,0.014001,0.015657,0.026840,0.055217,0.075528,0.143580,0.025849,STANDING
-0.055370,-0.000416,9.655822,0.004404,0.014570,0.012124,0.052500,0.081250,0.083760,0.023611,STANDING
0.070301,0.115833,9.626188,-0.005056,-0.006678,0.023805,0.081330,0.123682,0.090259,0.035368,STANDING
0.027181,0.083590,9.777637,0.008467,-0.001876,0.010513,0.050113,0.094424,0.103291,0.016424,STANDING
0.056039,0.040195,9.838861,0.020465,-0.015665,0.005089,0.045170,0.158581,0.091790,0.035899,STANDING
0.065369,0.132511,9.877423,0.014212,0.005183,0.011730,0.091439,0.045830,0.129171,0.038196,STANDING
0.038535,0.071902,9.668792,0.002931,0.008597,0.000381,0.060212,0.101883,0.102106,0.013404,STANDING
-0.042241,0.098992,9.650385,0.002267,0.009402,0.034062,0.110511,0.088670,0.091753,0.037053,STANDING
0.092488,0.168958,9.667401,0.018043,0.023877,0.013362,0.063009,0.129839,0.104800,0.014139,STANDING
0.055703,0.044228,9.633044,0.016514,-0.000539,0.001193,0.089067,0.085668,0.152596,0.024069,STANDING
0.061607,0.043029,9.809919,0.006305,0.015394,0.002797,0.009940,0.085053,0.077342,0.017611,STANDING
0.015451,0.065866,9.731403,0.003501,0.020462,0.027629,0.057944,0.085493,0.098445,0.014402,STANDING
0.071287,-0.007839,9.681408,0.012524,0.003651,0.000864,0.070986,0.065054,0.104620,0.020080,STANDING
0.073832,-0.024945,9.582015,0.010147,0.000499,0.001314,0.150224,0.033211,0.121871,0.023522,STANDING
0.082177,0.077890,9.721755,0.013556,0.010525,0.016657,0.048598,0.138209,0.089401,0.023662,STANDING
0.109787,-0.124015,9.676165,0.002856,0.012709,0.012084,0.050520,0.115648,0.143436,0.041051,STANDING
0.107478,0.025095,9.766806,0.020991,0.013520,0.010103,0.048016,0.057171,0.081901,0.028809,STANDING
0.066588,0.039540,9.878263,0.017492,0.009380,0.011211,0.069951,0.082126,0.069387,0.013786,STANDING
0.074499,-0.019294,9.682822,0.006241,0.015537,0.032868,0.051440,0.029270,0.115228,0.024884,STANDING
0.009149,0.018319,9.655585,-0.002370,-0.009331,0.022082,0.062994,-0.001527,0.123176,0.030645,STANDING
0.126714,0.034140,9.816728,0.004718,-0.002933,0.025852,0.050420,0.103968,0.118049,0.022978,STANDING
0.103589,0.093293,9.952628,0.008802,0.008735,0.002412,0.088325,0.075713,0.090691,0.025676,STANDING
0.028092,0.017015,9.711647,-0.006244,0.014419,0.026801,0.080650,0.088801,0.165793,0.010386,STANDING
0.049156,-0.060368,9.727814,0.022103,0.011188,0.021580,0.062486,0.042509,0.061406,0.005683,STANDING
0.089570,0.056649,9.832862,0.016413,0.004299,0.014021,0.094184,0.050859,0.105836,0.022835,STANDING
0.030988,0.027258,9.630872,0.027564,0.000331,-0.000077,0.083217,0.122373,0.094110,0.018100,STANDING
0.042654,0.091825,9.840289,0.005555,0.024116,0.009463,0.056837,0.107998,0.083886,0.015799,STANDING
0.062045,-0.055632,9.902698,-0.003089,-0.001467,0.013944,-0.004671,0.092572,0.126106,0.018434,STANDING
0.065620,-0.010558,9.764153,0.013512,0.020946,0.008535,0.057253,0.043508,0.128932,0.028315,STANDING
-0.039417,0.082068,9.560966,0.020445,0.007745,0.012190,0.069466,0.074788,0.079420,0.007144,STANDING
0.144349,0.062548,9.681669,0.007177,0.026637,0.004138,0.121655,0.005945,0.116386,0.025936,STANDING
0.029989,0.033733,9.655384,0.015539,-0.000260,-0.012830,0.053297,0.038814,0.144160,0.003738,STANDING
0.069390,0.047759,9.712202,0.012889,0.014853,0.013693,0.047167,0.077240,0.098506,0.026692,STANDING
0.032360,0.018002,9.674420,0.017547,0.017842,0.005628,0.118572,0.065498,0.018102,0.010930,STANDING
0.106897,0.070792,9.698337,-0.003240,0.004403,0.031542,0.040667,0.145507,0.108485,-0.005715,STANDING
0.057801,0.103939,9.656299,-0.013534,0.017879,0.014480,0.038625,0.086400,0.058770,0.015972,STANDING
0.074081,0.055824,9.591548,0.004936,0.012383,0.005266,0.063401,0.101334,0.121526,0.017258,STANDING
0.030175,0.039468,9.561976,0.004542,0.006671,0.012734,0.098209,0.093581,0.066051,0.019711,STANDING
0.087646,-0.022975,9.601350,0.023200,0.018541,0.008734,0.079190,0.051774,0.079403,0.028017,STANDING
0.092866,0.074071,9.665845,0.016562,0.018971,0.014320,0.086161,0.034842,0.051345,0.032482,STANDING
0.084919,0.012296,9.670891,-0.000873,0.018030,0.020955,0.125861,0.091368,0.108324,0.014403,STANDING
0.059638,0.085189,9.637921,0.017322,0.024359,0.002372,0.062517,0.070059,0.108655,0.028867,STANDING
0.061637,0.049769,9.472223,0.012188,0.010392,0.040075,0.066672,0.114145,0.142563,0.019873,STANDING
0.067540,0.098715,9.658237,-0.013154,0.004016,0.017358,0.123712,0.085174,0.106814,0.026153,STANDING
0.003601,0.020645,9.621086,0.019631,0.000139,0.002715,0.106719,0.083447,0.083668,0.018606,STANDING
0.109459,0.012901,9.733304,0.018753,0.008892,0.015312,0.073851,0.061234,0.159631,0.040234,STANDING
0.040141,0.112950,9.561628,0.013844,0.017256,0.011212,0.095614,0.105296,0.110539,0.016714,STANDING
0.126576,0.070955,9.603595,0.020074,-0.002847,0.010421,0.134031,0.106963,0.106187,0.030177,STANDING
0.031107,0.097146,9.545426,0.017304,-0.011445,-0.002845,0.085069,0.114643,0.115725,0.009972,STANDING
-0.036674,0.099964,9.780395,0.012288,-0.004572,0.020125,0.038507,0.044248,0.108820,0.004089,STANDING
0.063415,0.040008,9.708998,0.019795,0.016582,0.006353,0.060056,0.078301,0.084325,0.027367,STANDING
-0.015746,0.061739,9.538682,0.015866,0.011251,-0.008566,0.069173,0.102213,0.146204,0.002632,STANDING
0.028913,0.087854,9.759589,-0.013499,0.015103,0.021160,0.055348,0.100556,0.103679,0.029340,STANDING
0.037640,0.074733,9.612191,-0.001837,0.033519,0.008277,0.069730,0.073264,0.123959,0.021322,STANDING
0.042596,0.036616,9.683160,0.020389,-0.006232,0.017373,0.030665,0.076492,0.079011,0.021179,STANDING
0.043411,0.051590,9.731133,0.018576,0.003561,0.009911,0.069369,0.075943,0.095511,0.003845,STANDING
0.080996,0.039657,9.803669,-0.001035,0.016454,0.013250,0.029857,0.094164,0.061206,0.026683,STANDING
0.049301,0.060749,9.735127,0.016266,0.022689,0.008273,0.045196,0.097660,0.099107,0.024624,STANDING
0.056591,0.000109,9.618456,0.037410,0.011443,-0.008568,0.053052,0.120769,0.106709,0.014793,STANDING
0.044740,0.036450,9.804264,0.005363,0.023932,0.035062,0.065456,0.097802,0.076317,0.027856,STANDING
0.069352,0.027889,9.490138,0.018539,0.008308,-0.003236,0.121731,0.137734,0.069495,0.015938,STANDING
-0.000474,0.069819,9.718989,-0.002025,0.022765,0.019560,0.083311,0.054315,0.149325,0.010899,STANDING
0.040691,0.051657,9.494503,0.009834,0.018231,0.015649,0.102542,0.115258,0.120018,0.024804,STANDING
0.124428,0.117130,9.558038,0.006404,0.005773,-0.003468,0.075489,0.120054,0.110913,-0.002960,STANDING
0.114348,0.171712,9.771426,-0.000148,0.029052,-0.002062,0.063297,0.011718,0.093502,0.018221,STANDING
0.096698,0.043567,9.683672,0.009107,0.016314,-0.014217,0.062209,0.082623,0.155272,0.017238,STANDING
-0.001801,0.009544,9.547034,0.015711,0.019773,0.006076,0.149417,0.045317,0.085309,0.015404,STANDING
0.040649,0.111943,9.644321,0.001750,0.006389,0.021998,0.111232,0.014500,0.103689,0.030650,STANDING
0.009992,0.096664,9.761886,0.010045,-0.002151,0.005842,0.106872,0.062533,0.056899,0.027966,STANDING
0.042210,0.060328,9.795555,0.012035,0.012112,-0.016086,0.087077,0.137302,0.098152,0.016644,STANDING
-0.015006,-0.000596,9.518284,-0.005625,0.005095,-0.012290,0.031221,0.057125,0.084543,0.025240,STANDING
0.089396,0.021254,9.550821,-0.003569,0.005247,0.005770,0.048975,0.084330,0.106251,0.007922,STANDING
0.017124,0.037449,9.800858,0.008107,0.018352,0.013847,0.078399,0.118076,0.112277,0.013581,STANDING
0.064589,0.080898,9.802722,0.010505,0.011620,0.008672,0.075654,0.069968,0.136211,0.014470,STANDING
0.116396,0.080576,9.709643,0.033333,-0.015721,0.012186,0.101430,0.081753,0.118306,0.022923,STANDING
0.039203,0.036765,9.659608,0.021443,-0.002348,-0.017120,0.044490,0.078125,0.105154,0.011747,STANDING
0.098708,0.138862,9.659256,0.006761,0.012355,0.007703,0.060711,0.070371,0.114663,0.005239,STANDING
-0.035839,0.098848,9.745976,0.022067,0.024243,0.006218,0.090307,0.030734,0.119755,0.014251,STANDING
-0.017178,0.044037,9.586684,0.024340,0.026420,0.010837,0.129060,0.077295,0.035957,0.025052,STANDING
0.074629,0.005023,9.743976,-0.011339,-0.011644,0.021805,0.073091,0.107000,0.085667,0.004880,STANDING
0.022030,0.089193,9.575382,0.008395,0.012656,0.012101,0.070814,0.098606,0.125309,0.012698,STANDING
0.036501,-0.025871,9.635017,0.027177,0.003364,0.001532,0.105057,0.104125,0.143616,0.013158,STANDING
0.000178,0.172720,9.723791,-0.015459,0.024684,0.020324,0.068591,0.112157,0.090068,0.019471,STANDING
0.002452,0.059778,9.862058,0.017098,0.022614,-0.000873,0.090293,0.049256,0.086933,0.024162,STANDING
-0.035228,0.017541,9.467463,0.006499,0.000097,0.031652,0.124901,0.029760,0.078290,0.015486,STANDING
0.050436,0.011034,9.658192,0.020362,0.028202,0.005118,0.037878,0.096032,0.077011,0.031354,STANDING
0.033085,0.092443,9.865987,0.025081,0.019783,0.008444,0.105172,0.073673,0.094933,0.020786,STANDING
0.058011,0.104062,9.683916,-0.005249,0.010075,0.032559,0.079474,0.112053,0.092087,0.026068,STANDING
0.029913,-0.025300,9.979939,0.013110,0.000939,0.022416,0.068450,0.114640,0.095814,0.001935,STANDING
0.124154,0.053805,9.725728,-0.011440,0.024248,0.013092,0.063381,0.071713,0.062570,0.023721,STANDING
0.092707,0.099577,9.853027,0.013235,0.009281,0.008697,0.062370,0.053103,0.162278,0.020636,STANDING
0.058536,0.025140,9.763673,0.014252,0.012139,0.012504,0.081225,0.092111,0.108825,-0.002755,STANDING
0.061553,0.011338,9.560285,0.011833,-0.004561,0.001797,0.099531,0.054215,0.112052,0.036592,STANDING
0.132318,0.095660,9.696025,0.003042,0.004324,0.012940,0.073737,0.098180,0.107029,0.019213,STANDING
0.077090,-0.018043,9.834130,0.015605,0.011556,0.011949,0.064345,0.115769,0.119371,0.022531,STANDING
0.003363,0.075193,9.758720,-0.000748,-0.003457,0.002529,0.074922,0.057128,0.131974,0.032165,STANDING
0.117498,0.072944,9.751765,0.013862,0.009501,0.001190,0.035621,0.088428,0.089916,0.020905,STANDING
0.088965,-0.007894,9.716454,0.020880,0.002096,0.017298,-0.022430,0.088773,0.084321,0.018906,STANDING
0.108134,0.109758,9.758935,0.026584,0.005521,0.016514,0.092492,0.080336,0.115314,0.027386,STANDING
0.008600,-0.035118,9.599539,0.018907,-0.005908,0.015171,0.121912,0.089970,0.126706,0.007268,STANDING
-0.029023,0.076618,9.663194,-0.002940,0.018507,0.007991,0.108093,0.125634,0.105811,0.015313,STANDING
0.079556,0.151687,9.722230,0.001653,-0.002581,0.017329,0.099331,0.073398,0.064005,0.021108,STANDING
0.009307,0.052137,9.636566,0.001989,0.009575,0.016168,0.080913,0.102668,0.135563,0.017799,STANDING
0.008865,0.034015,9.920752,0.001458,0.025756,0.016884,0.057887,0.074553,0.137672,0.023920,STANDING
0.055789,0.046656,9.475430,0.013761,0.004543,-0.007284,0.026156,0.038401,0.099437,0.030231,STANDING
0.018422,0.022731,9.705661,0.016272,0.003957,0.014953,0.111872,0.041487,0.056006,0.018901,STANDING
0.012963,0.054587,9.867261,0.030664,0.014187,0.001960,0.068361,0.092410,0.051326,0.023163,STANDING
0.066856,0.076469,9.846690,0.001110,0.025531,0.002167,0.062267,0.045715,0.098866,-0.011329,STANDING
-0.043112,0.012589,9.785733,0.001000,0.022268,0.014381,0.106870,0.096016,0.094534,0.008994,STANDING
0.106812,0.086268,9.475989,0.009212,0.034483,-0.008755,0.064937,0.129893,0.098163,0.032671,STANDING
0.000586,0.067449,9.823750,0.003949,0.019412,0.014797,0.103820,0.097312,0.159510,0.023191,STANDING
0.096669,0.036117,9.797125,0.010918,0.005919,0.006748,0.071028,0.095930,0.121494,0.017778,STANDING
-0.040887,0.109936,9.661063,0.010404,0.007520,0.011313,0.062489,0.114511,0.106598,0.022239,STANDING
-0.018327,0.054022,9.810270,0.008846,0.000193,0.013338,0.060178,0.030591,0.071494,0.019823,STANDING
0.041682,0.027536,9.664023,0.006420,0.015109,0.024586,0.092214,0.061162,0.148151,0.033979,STANDING
-0.001261,0.060834,9.705114,0.004690,-0.002144,0.012367,0.058014,0.121165,0.086672,0.043246,STANDING
0.116772,0.030957,9.776404,0.026120,0.021175,-0.002492,0.051048,0.069950,0.094966,0.025007,STANDING
0.034823,0.069616,9.792808,0.001571,0.018056,-0.008124,0.120469,0.030172,0.071857,0.009068,STANDING
0.082512,0.034801,9.589972,0.001743,0.027082,0.000711,0.102558,0.104567,0.045294,0.008473,STANDING
0.087717,0.022471,9.642892,0.000778,-0.014909,0.003351,0.070086,0.126345,0.124089,0.024000,STANDING
-0.023901,0.042507,9.807962,0.023039,0.026680,0.016272,0.118061,0.036707,0.138747,0.013100,STANDING
0.100443,-0.053214,9.639607,-0.003508,-0.008852,0.014701,0.064717,0.097633,0.111249,0.029579,STANDING
0.098893,0.014065,9.505449,0.012459,0.021538,0.011114,0.079343,0.074820,0.092505,0.022120,STANDING
0.047442,0.001301,9.819408,0.017869,0.012645,-0.003860,0.070223,0.093169,0.112153,0.023717,STANDING
-0.034077,0.085796,9.641523,-0.000136,0.022389,0.000144,0.077930,0.034332,0.079029,0.019360,STANDING
0.001076,0.031600,9.743397,0.000778,0.005622,0.013639,0.049410,0.106451,0.124884,0.014221,STANDING
0.046916,0.049687,9.807156,0.021303,0.011961,0.006778,0.137703,0.073243,0.105829,0.007283,STANDING
0.003433,0.122709,9.649130,0.007318,0.008753,0.020740,0.074333,0.067334,0.124371,0.020183,STANDING
-0.009736,0.037072,9.624302,0.000967,0.006655,0.025916,0.120397,0.091223,0.116864,0.003036,STANDING
0.120183,0.020980,9.852453,0.005088,0.010104,0.016864,0.070694,0.042753,0.078281,0.024412,STANDING
0.076494,0.084397,9.746930,0.026324,0.012628,0.015770,0.103591,0.083551,0.088970,-0.000332,STANDING
0.161830,0.109087,9.743094,0.018393,-0.003566,0.027943,0.083722,0.118769,0.110433,0.006190,STANDING
0.130689,-0.026293,9.522186,0.001866,0.024652,-0.016582,0.123669,0.091696,0.120994,0.034038,STANDING
0.049949,0.054247,9.539278,0.027268,0.022245,0.018923,0.058634,0.112522,0.069811,0.029465,STANDING
0.104268,0.048023,9.836628,0.006845,0.025866,0.008087,0.078638,0.049376,0.094114,0.013734,STANDING
0.112240,0.018227,9.695071,0.009146,0.023300,0.026005,0.091647,0.067370,0.056161,0.033179,STANDING
0.103979,-0.031944,9.642821,0.024093,0.018227,0.024806,0.028737,0.124599,0.094975,0.034582,STANDING
-0.079682,0.037911,9.643823,0.016881,0.000267,0.007121,0.061584,0.076286,0.114121,0.013695,STANDING
0.212241,0.011852,9.809075,0.010469,0.008213,-0.005614,0.086882,0.048339,0.057146,0.032791,STANDING
0.030142,0.086857,9.631581,-0.004445,0.002433,-0.001097,0.078786,0.081882,0.092939,0.016763,STANDING
0.122014,0.011663,9.797591,0.003890,0.030608,0.009213,0.049507,0.061761,0.090364,0.011985,STANDING
0.042577,0.068857,9.572027,0.012847,0.019846,0.001250,0.091957,0.120335,0.117356,0.021050,STANDING
0.095357,0.046328,9.657228,0.005551,0.019246,0.012012,0.077596,0.073162,0.127578,0.044828,STANDING
0.008322,0.097911,9.510247,0.013532,0.001846,-0.013600,0.046025,0.071032,0.091028,0.022494,STANDING
0.013828,0.039520,9.674735,0.014993,0.005313,0.026815,0.037604,0.117349,0.039222,0.008550,STANDING
0.047751,0.041829,9.557461,0.007568,0.010492,0.001499,0.067044,0.067460,0.188339,0.038681,STANDING
-0.016360,0.220343,9.742020,0.018794,0.013321,0.017959,0.102952,0.063587,0.110913,0.021348,STANDING
0.094597,0.079245,9.675871,0.002249,0.008575,-0.009721,0.074414,0.065560,0.074284,0.004858,STANDING
0.037721,0.091307,9.806638,0.031594,0.005394,0.011797,0.058817,0.071693,0.126569,0.023136,STANDING
0.156258,0.111827,9.636631,0.015894,0.015242,0.008190,0.086979,0.094423,0.111661,0.000231,STANDING
0.008253,0.067837,9.861877,0.000761,0.022300,0.011944,0.094158,0.084653,0.061804,0.015595,STANDING
0.063621,0.052862,9.554655,0.014317,0.011796,0.001964,0.069028,0.089566,0.137325,0.022789,STANDING
0.165434,0.152841,9.821239,0.012726,0.012740,0.002144,0.071821,0.071019,0.111397,0.025382,STANDING
0.105783,0.033250,9.593408,0.007736,0.002353,-0.002856,0.015485,0.063393,0.070381,0.022801,STANDING
0.023353,0.051932,9.488635,0.015884,0.010050,0.008453,0.018286,0.109504,0.116440,0.023408,STANDING
0.025231,0.096132,9.798424,0.021127,0.009569,0.015577,0.118162,0.071475,0.007307,0.028894,STANDING
0.017267,0.020515,9.602428,0.005834,-0.003803,0.004038,0.094026,0.065307,0.096040,0.023151,STANDING
0.075122,0.089314,9.620669,0.019097,0.013580,-0.009930,0.057414,0.059251,0.076399,0.006892,STANDING
0.060216,0.006055,9.874192,-0.001246,-0.014826,0.000639,0.072592,0.068884,0.087169,0.029826,STANDING
0.022054,-0.026655,9.622496,-0.010003,0.014089,0.011510,0.158157,0.063658,0.128522,0.026155,STANDING
0.053097,-0.020054,9.686081,0.009252,0.001494,0.018917,0.081529,0.059009,0.077005,0.004519,STANDING
0.038219,-0.015847,9.794103,-0.001995,0.003797,0.015491,0.081544,0.098820,0.067940,0.002421,STANDING
0.068722,0.045696,9.643590,-0.011200,-0.015863,0.010756,0.073340,0.045200,0.092688,0.033728,STANDING
0.009727,0.071485,9.834975,0.012857,0.004087,0.010299,0.057711,0.072291,0.093470,0.017006,STANDING
-0.019696,0.070724,9.791429,0.015137,0.014499,0.010882,0.144185,0.090082,0.107630,0.023841,STANDING
0.024530,-0.089165,9.511449,0.012762,0.018817,0.002760,0.095901,0.029205,0.127472,0.022129,STANDING
0.124670,-0.000869,9.624175,0.013341,-0.010099,0.026085,0.072371,0.085018,0.110789,0.016471,STANDING
0.106691,0.107266,9.830467,0.016030,-0.003023,0.001844,0.101531,0.140170,0.034587,0.019668,STANDING
0.178596,0.028330,9.653128,0.036377,0.009773,0.014628,0.063568,0.086081,0.114710,0.003696,STANDING
0.078820,0.073479,9.706525,0.023063,0.007056,0.029267,0.074395,0.056120,0.124675,0.024056,STANDING
0.047188,0.038732,9.677629,-0.000322,0.021949,0.014980,0.082369,0.061331,0.045215,0.030989,STANDING
0.088664,0.030153,9.733809,0.022541,0.007025,-0.005409,0.102303,0.098772,0.089848,0.017559,STANDING
0.070281,0.037450,9.759494,0.018281,0.033477,0.003788,0.104319,0.061943,0.129989,0.022135,STANDING
0.093864,-0.023544,9.700884,0.015486,0.009925,0.025211,0.091760,0.108670,0.078415,0.018594,STANDING
0.036262,0.007081,9.674421,0.017161,0.004714,-0.001218,0.055762,0.059143,0.125124,0.023359,STANDING
0.044474,0.028459,9.720793,0.007365,0.005693,0.007417,0.090840,0.055407,0.051656,0.023897,STANDING
0.020262,0.060386,9.735980,0.015788,0.016139,0.007659,0.081480,0.045338,0.109649,0.021502,STANDING
0.055855,-0.053038,9.756866,0.035730,0.011391,-0.003977,0.115428,0.068238,0.084941,0.008747,STANDING
0.100303,0.008354,9.759371,0.020500,0.003997,-0.002250,0.063227,0.076455,0.096654,0.012253,STANDING
0.076151,0.127201,9.791957,0.012718,-0.016672,0.002548,0.144320,0.121995,0.113290,0.015775,STANDING
0.083281,0.017558,9.772535,0.014659,0.020815,-0.012094,0.085420,0.076825,0.073901,0.022164,STANDING
0.089030,0.027784,9.807839,0.010707,0.003414,0.015064,0.129227,0.108489,0.118290,0.035305,STANDING
-0.021026,0.068621,9.457745,0.013173,0.002045,-0.000090,0.099828,0.143313,0.175923,0.021029,STANDING
0.037711,0.051500,9.904260,0.011641,0.005501,0.011795,0.111814,0.165031,0.076479,0.003068,STANDING
-0.018043,0.037909,9.703982,0.016022,0.002935,0.010383,0.080713,0.099669,0.096950,0.018903,STANDING
0.168860,-0.035980,9.706652,0.023733,0.011882,0.006817,0.113536,0.044057,0.133452,0.025454,STANDING
0.050159,0.042621,9.809701,0.028242,0.019725,0.024176,0.080232,0.070823,0.094239,0.017872,STANDING
0.055848,0.053308,9.672309,0.009984,0.006422,0.014461,0.102291,0.077012,0.109113,-0.000561,STANDING
-0.013403,0.107754,9.672946,0.014955,0.001251,0.011846,0.068435,0.090342,0.136278,0.023005,STANDING
-0.061579,0.101990,9.621506,0.013256,-0.010040,0.021164,0.047042,0.128958,0.110578,0.013748,STANDING
0.114864,0.095307,9.721369,-0.014798,0.012845,0.029844,0.101459,0.079850,0.136323,0.032001,STANDING
0.119276,0.054319,9.687772,0.010169,0.016439,0.012907,0.084950,0.045248,0.150334,0.011688,STANDING
0.020550,0.047148,9.581010,-0.005007,-0.004357,0.019111,0.070524,0.082453,0.147113,0.024882,STANDING
0.080125,-0.038320,9.594288,0.006441,0.021117,0.012192,0.017598,0.068124,0.096656,0.015001,STANDING
0.067568,0.047393,9.575705,-0.013202,0.006087,0.000961,0.071125,0.082198,0.100493,0.009672,STANDING
0.071577,0.099290,9.891526,0.022537,0.002559,0.001837,0.174419,0.056792,0.067712,0.029392,STANDING
0.035810,0.040367,9.663189,0.005520,0.022999,0.021333,0.110714,0.038755,0.117635,0.024421,STANDING
-0.046723,0.082925,9.675854,0.014001,0.014516,-0.001679,0.077859,0.036612,0.071525,0.031888,STANDING
0.038815,0.030372,9.626742,0.017087,-0.012763,-0.002182,0.089202,0.081158,0.094592,0.037566,STANDING
0.036383,0.049809,9.640408,0.012508,0.014776,0.015464,0.067635,0.066896,0.062531,0.009782,STANDING
0.019349,0.071789,9.678183,0.001330,0.014064,0.009524,0.054735,0.082107,0.034254,0.015878,STANDING
-0.010674,0.020868,9.632414,-0.005176,0.010463,-0.001565,0.065433,0.111930,0.095961,0.028300,STANDING
0.062034,0.022728,9.777227,0.023594,0.023068,0.002694,0.114823,0.091145,0.102874,-0.001694,STANDING
0.021097,0.053780,9.646844,0.004451,-0.006756,0.014764,0.100380,0.079696,0.079038,0.014210,STANDING
0.107608,0.013747,9.783080,0.019514,-0.008610,0.001131,0.139020,0.101559,0.096504,0.022445,STANDING
-0.000240,0.075724,9.695834,0.009130,0.030002,0.006198,0.064381,0.110399,0.066663,0.022538,STANDING
0.035790,0.024849,9.807837,-0.007094,0.008219,0.003979,0.096296,0.080489,0.018158,0.024308,STANDING
0.012934,-0.096760,9.575231,0.027046,0.014628,0.025995,0.037656,0.076765,0.044551,0.009108,STANDING
0.085945,0.046522,9.731029,-0.002817,0.022899,-0.002089,0.072866,0.090543,0.090028,0.016183,STANDING
-0.039685,0.036983,9.714079,0.022784,-0.001799,0.010456,0.106626,0.049767,0.093281,0.023399,STANDING
-0.028169,0.128189,9.653636,0.010533,0.030244,0.017792,0.087627,0.085184,0.130034,0.037611,STANDING
0.012174,-0.028090,9.681950,0.016086,-0.005165,0.006618,0.060952,0.041147,0.077449,0.037304,STANDING
-0.047311,-0.053444,9.723689,0.003146,0.009651,0.004252,0.069087,0.147563,0.077877,0.007209,STANDING
0.049245,-0.002414,9.772673,0.001085,-0.003052,0.004581,0.110774,0.095595,0.025394,0.020024,STANDING
0.088030,-0.062376,9.762943,0.002216,0.024048,0.006860,0.066715,0.018980,0.083655,0.014726,STANDING
0.093106,-0.013967,9.578534,0.019860,-0.001541,0.000742,0.112645,0.106020,0.091547,0.020560,STANDING
0.045630,0.086925,9.718064,0.008247,-0.002274,0.019160,0.098014,0.020428,0.117034,0.031321,STANDING
-0.028241,0.017002,9.714094,0.018823,0.001565,-0.006075,0.094236,0.130550,0.090865,0.003266,STANDING
0.036750,0.024923,9.761542,0.003443,0.001909,-0.013804,0.131877,0.115313,0.084167,0.017143,STANDING
0.113868,0.114816,9.582223,-0.007713,0.002957,-0.015551,0.054990,0.042526,0.042088,0.029493,STANDING
0.058848,0.110815,9.753101,0.015722,0.006095,0.011536,0.054895,0.078168,0.094212,0.018341,STANDING
-0.039604,0.004671,9.622626,0.011371,0.007447,-0.002318,0.012947,0.020780,0.099353,0.020119,STANDING
-0.004600,0.111335,9.767398,0.003021,-0.005581,0.025786,0.072929,0.129684,0.083810,0.022840,STANDING
0.047442,0.033033,9.760573,0.012006,0.011275,0.008518,0.033526,0.083971,0.136187,0.021601,STANDING
0.053296,0.071834,9.696603,0.004387,0.006937,0.012663,0.034827,0.068932,0.091762,0.028532,STANDING
0.081744,0.001932,9.809569,0.003644,0.013966,0.011189,0.084016,0.124987,0.128795,0.013481,STANDING
0.122052,0.087359,9.639299,0.011190,0.006863,0.007441,0.026682,0.134686,0.083509,0.016997,STANDING
-0.077494,0.046755,9.680843,0.015067,0.008166,0.005353,0.079211,0.089175,0.035964,0.009902,STANDING
0.074892,0.058282,9.653910,-0.004029,-0.004616,0.006958,0.097510,0.058750,0.124649,0.015872,STANDING
0.149081,0.022551,9.799433,-0.005291,0.013685,0.016356,0.091848,0.076188,0.157124,0.025087,STANDING
0.012344,-0.014944,9.710759,0.001092,0.018876,-0.007686,0.119660,0.027173,0.137727,0.015218,STANDING
0.018866,0.146803,9.554996,-0.004868,-0.004401,-0.005536,0.053283,0.043404,0.095673,0.026050,STANDING
0.015329,0.048566,9.806190,0.027512,0.006640,0.003857,0.087141,0.070462,0.139409,0.030389,STANDING
0.047500,0.088502,9.795010,0.004082,-0.007831,0.006085,0.034000,0.088589,0.086294,0.022307,STANDING
-0.025645,0.081869,9.800147,0.001543,0.011511,0.017700,0.070928,0.087679,0.113355,0.021603,STANDING
0.009086,0.090741,9.712254,0.009985,0.013301,0.003134,0.089156,0.056678,0.088468,0.005343,STANDING
0.063173,0.081894,9.607127,0.032694,0.007499,0.027057,0.010958,0.053607,0.113061,0.017801,STANDING
0.041311,0.053252,9.658202,0.021265,-0.011252,0.000034,0.119093,0.097069,0.104768,0.029011,STANDING
0.052366,-0.011255,9.722818,0.020415,0.008245,0.005586,0.083985,-0.006102,0.090558,0.027893,STANDING
0.021866,-0.014967,9.686857,-0.002567,0.006201,-0.000660,0.044045,0.108468,0.067488,0.011268,STANDING
0.060330,-0.027064,9.791401,-0.002342,0.007103,0.010932,0.079703,0.090036,0.082897,0.024317,STANDING
0.010421,0.084584,9.772688,0.013630,-0.002183,0.006273,0.051271,0.028470,0.076371,0.017985,STANDING
0.168464,0.080475,9.721965,0.014664,0.004928,-0.001627,0.079002,0.056939,0.128216,0.007440,STANDING
0.064117,0.072669,9.655992,0.010213,0.019432,0.001608,0.058891,0.075208,0.087353,0.022578,STANDING
0.031156,0.067394,9.647912,0.005912,0.012191,-0.001589,0.094701,0.006754,0.088256,0.026836,STANDING
0.061258,0.078560,9.756247,-0.004958,0.026144,0.018047,0.112684,0.057858,0.134450,0.015997,STANDING
0.107772,0.069794,9.754906,-0.000868,0.023368,0.004155,0.144221,0.121511,0.160991,0.027626,STANDING
0.081560,-0.013511,9.728207,-0.003711,0.020896,0.014269,0.073145,0.038691,0.136708,0.023211,STANDING
0.058493,0.059418,9.601375,0.019912,0.009567,-0.000051,0.081838,0.094667,0.059411,0.016970,STANDING
0.169163,0.044401,9.622025,0.017237,-0.006144,-0.001489,0.091163,0.099864,0.077986,0.003263,STANDING
0.089606,-0.021762,9.687447,-0.000381,-0.000333,-0.001579,0.127643,0.084506,0.157060,0.011130,STANDING
0.084702,-0.020014,9.626146,0.022239,0.009326,0.024674,0.085574,0.061465,0.109956,0.023647,STANDING
0.093922,0.036025,9.615635,-0.001784,0.001934,0.019052,0.044931,0.058420,0.111869,0.027919,STANDING
0.087746,0.013848,9.611462,0.015158,0.010432,0.023722,0.057194,0.111653,0.070612,0.012664,STANDING
0.000175,-0.000932,9.815668,0.025534,0.012278,0.019860,0.094474,0.041494,0.102469,0.024910,STANDING
0.052122,0.037816,9.501946,0.006539,0.027903,0.021326,0.065986,0.021626,0.144934,0.038338,STANDING
0.063901,-0.009096,9.391199,0.023659,0.017824,-0.017961,0.075240,0.043323,0.131160,0.021130,STANDING
0.002990,-0.042424,9.566842,0.010832,0.003907,0.005419,0.063983,0.093182,0.109972,0.035624,STANDING
-0.012456,0.009607,9.649786,0.023525,0.017034,0.032972,0.091807,0.107805,0.122187,0.023242,STANDING
0.040024,0.036928,9.713353,0.027193,0.002800,0.030727,0.141293,0.130149,0.073149,0.023582,STANDING
0.039429,0.030077,9.589565,0.007549,0.011137,0.007331,0.073046,0.059979,0.111163,0.028065,STANDING
0.054812,0.103884,9.705515,0.018253,0.002565,0.019647,0.078635,0.089315,0.092833,0.009168,STANDING
0.054777,0.073377,9.507990,0.016021,0.026327,0.005312,0.021086,0.090029,0.171291,0.013426,STANDING
0.013668,0.087882,9.703563,0.009500,0.026602,0.006167,0.062777,0.030457,0.124471,0.028962,STANDING
0.059015,0.034876,9.631277,-0.000003,0.021932,0.013780,0.022255,0.061101,0.136418,0.027349,STANDING
0.024287,-0.036043,9.675246,0.020789,0.021030,-0.009973,0.033396,0.093181,0.060194,0.008923,STANDING
0.010290,0.098884,9.848568,-0.001875,0.007582,-0.002291,0.059997,0.108020,0.118259,0.018547,STANDING
-0.035793,-0.032017,9.929391,0.011448,-0.001450,0.007078,0.049672,0.061480,0.082458,0.038573,STANDING
0.080817,0.030778,9.693644,-0.002760,0.014826,-0.003874,0.108402,0.064339,0.108505,0.024599,STANDING
0.027810,0.051652,9.834365,0.007207,-0.006494,0.005964,0.101042,0.138943,0.039249,0.008706,STANDING
0.086468,0.041431,9.880853,-0.000529,0.016741,0.001885,0.091927,0.041367,0.095137,0.022065,STANDING
0.121296,0.045907,9.683056,0.005161,0.015170,0.009539,0.101987,0.088516,0.077921,0.013585,STANDING
0.021009,0.095963,9.722646,0.008416,0.007765,-0.002733,0.106386,0.068273,0.140268,0.010941,STANDING
0.078889,0.085104,9.640573,0.000819,0.008115,0.014081,0.072965,0.068753,0.102305,0.012086,STANDING
0.006608,0.042408,9.627452,0.010321,0.020029,0.006385,0.029850,0.058654,0.055599,0.019962,STANDING
0.035230,0.032028,9.861587,0.021549,0.002718,0.020698,0.059585,0.122071,0.079681,0.006889,STANDING
0.076793,0.030636,9.911136,0.021006,0.024404,0.005841,0.098867,0.031704,0.110498,0.027500,STANDING
0.120123,0.024139,9.958994,0.006676,0.010114,0.008104,0.122531,0.066104,0.105144,0.048221,STANDING
0.120924,0.006526,9.755986,0.018612,0.014749,0.003582,0.090092,0.086383,0.134188,0.031231,STANDING
0.046377,0.157060,9.661893,0.022852,-0.008388,0.023001,0.120753,0.086464,0.139313,0.043734,STANDING
0.025366,0.054557,9.803432,0.006380,0.005737,0.006221,0.069328,0.032099,0.185705,0.012522,STANDING
0.020961,0.083385,9.793760,0.011942,0.008296,0.017934,0.092269,0.031840,0.107495,0.026507,STANDING
0.052986,0.046246,9.803699,0.001281,0.002843,0.013533,0.093785,0.087940,0.126671,0.005463,STANDING
0.088215,-0.018869,9.379503,0.013604,0.019543,0.006752,0.102379,0.084971,0.127926,0.036693,STANDING
0.010267,0.044133,9.594391,-0.015435,0.011649,0.010876,0.056095,0.044781,0.113939,0.005554,STANDING
0.068097,-0.059262,9.823600,-0.007489,-0.001534,0.041790,0.098177,0.069139,0.059230,0.035834,STANDING
0.132128,-0.045964,9.817904,0.021758,0.004245,0.007494,0.045497,0.074469,0.077406,0.021106,STANDING
0.018364,0.102022,9.766854,0.005369,0.008028,0.003672,0.095567,0.078477,0.019145,0.013434,STANDING
0.105765,0.048447,9.896098,0.010113,0.000296,0.009714,0.090939,0.113086,0.115973,0.010034,STANDING
0.026108,0.098390,9.629622,0.010403,0.006252,0.012249,0.046787,0.111867,0.117765,0.022942,STANDING
0.090895,-0.023591,9.613920,0.013408,0.012290,0.006480,0.100235,0.045564,0.103999,0.018318,STANDING
0.111065,0.026708,9.921398,0.017610,0.011373,0.012757,0.066009,0.044836,0.164835,-0.000940,STANDING
-0.005091,0.138923,9.811724,0.003857,0.016877,0.010946,0.085413,0.065775,0.089317,0.009890,STANDING
0.062254,0.002358,9.545753,0.017477,0.024032,0.019217,0.118108,0.063664,0.072820,0.011417,STANDING
0.050096,0.075448,9.793271,0.011403,0.016367,0.005020,0.059540,0.108023,0.147193,0.020118,STANDING
-0.009283,-0.002925,9.685854,0.019946,0.006103,0.007669,0.051125,0.079189,0.072736,0.033416,STANDING
0.039884,0.015788,9.769991,0.010797,0.015278,0.005812,0.055855,0.050280,0.063541,0.013257,STANDING
0.077678,0.070624,9.673206,0.006037,0.016373,0.018834,0.046004,0.088276,0.164375,0.027060,STANDING
0.012348,0.010360,9.871628,0.004194,0.016349,0.027874,0.120682,0.101050,0.094109,0.041034,STANDING
-0.063938,-0.005704,9.776032,0.027455,0.011814,0.016521,0.022107,0.125146,0.117378,0.023571,STANDING
0.102372,0.112553,9.667751,0.022252,-0.012070,0.020388,0.098748,0.096793,0.110903,0.001740,STANDING
-0.071461,0.024974,9.649096,0.004423,0.026925,0.006542,0.051567,0.064435,0.115837,0.015948,STANDING
0.105197,-0.072802,9.741693,-0.005994,0.018649,-0.004362,0.044106,0.118098,0.108029,0.032829,STANDING
0.011872,-0.009535,9.591606,0.016467,0.036960,0.004419,0.130624,0.097046,0.127579,0.033535,STANDING
0.059387,0.020823,9.797369,0.000885,0.014574,-0.000728,0.096447,0.107044,0.060420,0.018734,STANDING
-0.021574,0.016761,9.639641,0.013323,0.002261,-0.002949,0.050228,0.113890,0.074383,0.016356,STANDING
0.068152,0.006901,9.678377,0.023334,0.003699,0.011690,0.112762,0.073451,0.135350,0.023818,STANDING
-0.030314,0.003017,9.453313,-0.002886,0.000145,0.007720,0.028686,0.016440,0.129567,0.031506,STANDING
0.099194,0.006589,9.688261,0.002120,0.007655,0.002979,0.098611,0.070386,0.072832,0.017789,STANDING
0.029075,0.054697,9.728487,0.014662,-0.000037,0.015852,0.114617,0.108162,0.091409,0.023120,STANDING
0.049853,0.073276,9.611677,0.005560,0.006754,0.004823,0.065569,0.155850,0.124602,0.019022,STANDING
0.176860,-0.011991,9.637088,-0.012499,0.010189,0.022577,0.061773,0.108406,0.093788,0.036500,STANDING
0.061095,0.156442,9.754224,0.008722,0.015945,0.027870,0.029309,0.043402,0.132441,0.043128,STANDING
0.054739,-0.048745,9.707530,0.034582,-0.006053,0.014153,0.093484,0.096469,0.112596,0.009055,STANDING
0.065651,0.090701,9.688032,0.011216,0.015007,-0.004142,0.051671,0.065531,0.051572,0.011512,STANDING
0.031578,0.137939,9.669770,0.020479,0.012041,0.028389,0.110820,0.117615,0.119096,0.006184,STANDING
0.127673,0.003162,9.675492,-0.002505,0.026341,-0.014523,0.085935,0.090491,0.069194,0.010092,STANDING
0.061274,0.058094,9.656703,0.006730,0.004452,-0.010523,0.086644,0.062505,0.063692,0.018630,STANDING
0.028708,0.107479,9.583944,0.019918,0.015018,0.012287,0.083437,0.061974,0.087652,0.026486,STANDING
0.002737,0.001402,9.689886,0.007579,0.011692,0.023709,0.121773,0.046363,0.106119,0.014558,STANDING
0.090322,0.047495,9.566351,0.026687,-0.021374,-0.008651,0.080794,0.088867,0.076514,0.027538,STANDING
0.088385,0.049221,9.589130,0.006011,0.012421,0.005274,0.024030,0.174210,0.107684,0.026486,STANDING
0.013592,0.146111,9.920367,0.008588,-0.011514,0.011315,0.110726,0.074747,0.077716,0.020235,STANDING
0.044061,0.033165,9.578456,0.004095,-0.003681,0.016787,0.077649,0.054045,0.077937,0.026616,STANDING
0.024093,-0.025050,9.778934,0.018114,0.016882,-0.002349,0.083816,0.114589,0.094189,0.034615,STANDING
0.009192,0.056778,9.616161,0.024191,0.005606,-0.010848,0.063794,0.073278,0.143358,0.022086,STANDING
0.064417,0.060102,9.705944,0.015259,-0.012779,0.021147,0.076601,0.103448,0.082347,0.023186,STANDING
0.062315,0.046219,9.707612,0.011519,-0.000439,0.007971,0.074934,0.096274,0.080990,0.021141,STANDING
0.101968,-0.002632,9.761522,-0.000959,0.010932,0.013324,0.052856,0.115752,0.121066,0.029505,STANDING
0.017929,-0.030465,9.877512,-0.004880,0.013054,0.006338,0.062007,0.062987,0.030559,0.015730,STANDING
0.048493,0.032833,9.794230,0.018018,0.015984,0.014204,0.081755,0.110622,0.057146,0.016502,STANDING
0.050148,0.059865,9.548840,-0.001305,-0.000996,0.006956,0.084011,0.081264,0.083307,0.013900,STANDING
0.045999,0.081276,9.718449,-0.001948,0.017571,0.004265,0.069107,0.055580,0.119359,0.015079,STANDING
-0.058232,0.087558,9.616137,-0.001091,0.002086,0.018519,0.049399,0.138619,0.101341,-0.005750,STANDING
0.069810,0.102394,9.892609,0.012322,-0.000906,-0.006938,0.091387,0.063368,0.081273,0.017910,STANDING
0.094622,0.025610,9.599980,-0.006659,0.008317,0.015638,0.089632,0.050543,0.088722,0.022894,STANDING
-0.036147,0.026409,9.766109,0.006086,-0.001542,0.024511,0.102210,0.084279,0.064804,0.032107,STANDING
0.113681,0.076684,9.753764,0.011389,0.005267,0.017639,0.091775,0.026620,0.092272,0.022517,STANDING
0.099565,0.015521,9.570168,-0.000913,0.017693,0.017740,0.046021,0.073592,0.109695,0.019645,STANDING
-0.013810,0.034295,9.858166,0.000623,0.009939,0.013002,0.079029,0.094903,0.049925,0.031669,STANDING
0.019883,0.108477,9.679382,0.019647,0.019967,0.013562,0.052324,0.088011,0.144750,0.016612,STANDING
0.030057,0.012688,9.670422,0.010999,0.005140,0.007570,0.086789,0.084602,0.097694,0.014287,STANDING
0.149112,0.018674,9.654095,0.005164,0.015153,-0.007623,0.077378,0.041729,0.086897,0.011797,STANDING
0.038002,0.005976,9.707046,0.025139,0.015193,0.025196,0.098320,0.068400,0.123075,0.023720,STANDING
0.033855,0.067553,9.492047,-0.021119,0.022695,-0.001246,0.072477,0.092845,0.089468,0.018340,STANDING
0.088420,0.068609,9.579123,0.001202,0.024911,-0.004440,0.073726,0.035782,0.081487,0.008832,STANDING
0.122502,0.026061,9.566757,0.013226,0.009459,0.008839,0.121762,0.104037,0.122645,0.017280,STANDING
0.040216,0.071250,9.745379,0.004281,0.008660,-0.000908,0.109419,0.103118,0.132251,0.025256,STANDING
0.006369,0.020701,9.678225,0.008240,-0.000783,-0.004946,0.087516,0.104471,0.091779,0.016674,STANDING
0.054586,0.073148,9.795599,0.003254,0.023025,0.011599,0.052719,0.096546,0.118032,0.024132,STANDING
0.088104,0.009460,9.649677,0.013065,0.018449,0.013986,0.043392,0.100572,0.104190,0.028641,STANDING
0.088610,0.011643,9.719254,0.010211,-0.010775,0.012763,0.081714,0.081532,0.102639,0.013093,STANDING
-0.018166,-0.029791,9.559630,0.006189,0.005646,0.016070,0.090185,0.140441,0.110115,0.019544,STANDING
0.091711,0.029402,9.711162,0.007845,0.009137,0.007218,0.070795,0.060103,0.160691,0.014922,STANDING
0.116554,-0.012353,9.737098,0.000675,-0.013509,0.014274,0.123028,0.055261,0.089916,0.022464,STANDING
0.102532,0.031140,9.653998,0.007751,0.013072,0.011519,0.090041,0.082801,0.077913,0.029349,STANDING
-0.004554,0.082451,9.675447,0.020437,0.003366,0.009093,0.059607,0.048929,0.086294,0.022371,STANDING
0.031571,0.045218,9.599834,-0.005050,0.019542,0.006128,0.055894,0.074952,0.101006,0.015704,STANDING
0.105637,0.066626,9.699783,0.000228,0.018590,0.019120,0.077765,0.077201,0.038206,0.024979,STANDING
0.073618,-0.027368,9.620745,0.012710,0.003129,0.025285,0.064581,0.138827,0.104401,0.024816,STANDING
0.079275,0.019342,9.816827,0.012726,-0.003948,0.016863,0.076777,0.084905,0.066014,0.019376,STANDING
-0.058775,0.086223,9.532389,-0.005791,0.017854,0.037370,0.003411,0.059387,0.063327,0.020328,STANDING
0.094578,0.121267,9.751289,0.016822,0.019054,-0.007270,0.093335,0.122725,0.103044,0.025986,STANDING
0.043496,0.007398,9.618875,0.012203,0.014380,0.006929,0.053377,0.022335,0.112950,-0.007185,STANDING
0.038191,-0.003059,9.764247,0.018175,0.005954,-0.009777,0.083540,0.028292,0.134064,0.024554,STANDING
0.047725,0.019559,9.700747,0.019346,0.007072,0.000365,0.150556,0.063598,0.073447,0.017427,STANDING
0.013480,0.067968,9.548115,0.013357,0.009337,0.012131,0.111364,0.090025,0.084110,0.029523,STANDING
0.033677,0.117384,9.757183,0.027783,0.019037,0.006216,0.125723,0.066159,0.087336,0.014074,STANDING
0.081334,0.107180,9.705048,0.006419,0.035863,0.001024,0.044131,0.100473,0.113147,0.027834,STANDING
0.031611,0.040935,9.668669,0.010338,0.008850,0.013506,0.068821,0.049237,0.092118,0.022863,STANDING
-0.080398,0.065808,9.805636,0.001262,0.025372,-0.001578,0.104380,0.075297,0.070151,0.025058,STANDING
0.088748,0.094883,9.760663,0.000545,0.004764,0.028402,0.071969,0.125641,0.125805,0.021046,STANDING
0.020774,0.000961,9.486238,0.032110,0.009240,-0.004619,0.071305,0.079898,0.073895,0.015948,STANDING
-0.045239,-0.000706,9.621412,0.001104,0.029496,0.028410,0.032763,0.105541,0.062772,0.024923,STANDING
-0.001751,0.008396,9.570730,-0.002447,0.007966,0.011191,0.135655,0.033968,0.130413,0.036353,STANDING
-0.031925,0.005658,9.697129,0.027785,-0.002963,0.010762,0.052862,0.082632,0.153482,0.026411,STANDING
0.071623,0.109639,9.666283,0.003133,0.006755,0.006028,0.043273,0.052895,0.115070,0.021188,STANDING
0.074294,0.082548,9.648555,0.010724,0.013134,0.031412,0.110766,0.096769,0.071310,0.004503,STANDING
0.090358,-0.015432,9.795805,-0.007460,0.017330,0.022898,0.041958,0.118712,0.127717,0.037796,STANDING
0.041572,0.073686,9.793665,-0.015202,0.016990,0.008491,0.143435,0.080915,0.097487,0.013700,STANDING
0.001822,0.016613,9.742143,0.008933,0.003170,0.002138,0.101434,0.052246,0.095081,0.016806,STANDING
0.053155,0.059043,9.682993,0.014967,0.017164,0.011405,0.084986,0.079202,0.067903,-0.003177,STANDING
0.055930,0.086535,9.798285,0.015310,0.013819,-0.001839,0.102113,0.131573,0.070452,0.018469,STANDING
0.031765,0.039623,9.612803,0.018274,0.016020,-0.005333,0.092658,0.055479,0.103979,0.020086,STANDING
0.102831,0.138504,9.753478,0.008108,0.028010,0.008952,0.103939,0.054718,0.031193,0.026232,STANDING
0.029100,0.032820,9.682638,0.024629,0.025384,0.017760,0.094474,0.114220,0.101378,-0.000224,STANDING
0.042528,0.067122,9.652086,-0.020791,0.012401,0.015454,0.068977,0.094068,0.078266,0.027459,STANDING
0.049267,0.009361,9.754970,0.003689,0.015226,-0.000276,0.084661,0.049076,0.080202,0.009645,STANDING
0.106341,0.028760,9.821955,0.031644,0.013270,-0.000421,0.090794,0.065809,0.106149,0.010356,STANDING
0.035971,-0.025337,9.658994,0.014106,0.003239,0.007568,0.110666,0.089613,0.136778,0.031955,STANDING
0.084414,0.047527,9.744959,-0.003578,0.002121,0.006838,0.096685,0.058303,0.089779,0.022108,STANDING
-0.032814,0.026657,9.671622,0.034731,-0.000969,0.010609,0.085698,0.025927,0.076980,0.043628,STANDING
0.107821,-0.007325,9.833812,0.003661,0.022241,0.009253,0.122667,0.084373,0.110998,0.026124,STANDING
-0.035616,-0.026834,9.939166,0.017626,-0.000984,0.016366,0.090310,0.076486,0.138442,0.014308,STANDING
0.044393,-0.021014,9.502658,0.006037,0.011498,0.002207,0.044281,0.078260,0.086790,0.013901,STANDING
0.013435,0.053001,9.687613,0.011752,0.005932,0.018440,0.073039,0.144409,0.089877,0.014024,STANDING
0.001305,0.002550,9.678565,-0.012184,-0.001887,0.019935,0.067479,0.127799,0.151475,0.023085,STANDING
0.092058,0.035560,9.692172,0.005499,0.005821,0.007657,0.059745,0.072818,0.175098,0.018848,STANDING
-0.000051,0.074901,9.628206,0.020063,0.003221,0.014753,0.090256,0.129220,0.084885,0.010403,STANDING
0.036049,0.025212,9.656511,0.002725,0.015514,0.021808,0.059534,0.095461,0.122602,0.049671,STANDING
-0.005686,0.127479,9.719487,0.019629,0.011352,0.013616,0.081492,0.039836,0.092228,0.011686,STANDING
0.096660,0.047038,9.713036,0.025959,0.013352,0.000767,0.046694,0.115917,0.106195,0.005932,STANDING
0.016710,0.000746,9.704533,0.011819,0.011199,0.017397,0.070465,0.100745,0.118474,0.010840,STANDING
0.038417,0.110116,9.535088,0.010083,0.011374,0.005248,0.107443,0.086311,0.096323,0.014825,STANDING
-0.029051,0.055690,9.788412,0.002915,0.021253,-0.004523,0.061364,0.148303,0.167290,0.011019,STANDING
0.004575,0.028926,9.853895,0.004524,0.006041,0.004099,0.105465,0.095783,0.074426,0.021509,STANDING
0.069536,0.063585,9.674855,-0.013058,0.016920,0.008131,0.080724,0.065310,0.108140,0.022895,STANDING
0.051208,0.008072,9.722914,0.008705,0.010711,0.004470,0.096099,0.067894,0.065517,0.008364,STANDING
-0.016503,0.082671,9.796498,-0.002178,0.017771,0.004221,0.043854,0.053376,0.126359,0.016015,STANDING
-0.006179,-0.001602,9.659874,0.017466,0.006348,0.015473,0.094758,0.057400,0.078683,0.003768,STANDING
0.060977,0.052816,9.730967,0.007423,0.005337,0.008701,0.115131,0.068358,0.056340,0.018175,STANDING
0.066163,0.023903,9.617294,0.007753,0.008244,0.002028,0.095960,0.080801,0.081797,0.021096,STANDING
-0.001242,0.087842,9.815504,0.003821,0.023737,0.014666,0.119664,0.055241,0.119856,0.023123,STANDING
0.165808,-0.001774,9.522921,0.011582,0.012335,-0.001375,0.082782,-0.015646,0.060601,0.024617,STANDING
0.058845,0.167307,9.657231,0.015921,0.020712,0.005594,0.116190,0.096984,0.076398,0.033374,STANDING
0.062281,0.001957,9.656498,0.020613,-0.012820,0.031741,0.082975,0.036736,0.086676,0.019258,STANDING
0.011369,0.021981,9.755112,0.015591,0.006149,0.021251,0.079247,0.113789,0.103561,0.020781,STANDING
-0.042919,-0.031636,9.825101,0.013220,0.021415,0.022259,0.049374,0.069235,0.109228,0.022207,STANDING
0.075480,0.056196,9.651569,-0.003852,0.006175,0.007837,0.086269,0.107064,0.106508,0.009684,STANDING
-0.045416,0.050085,9.684037,0.023827,0.000890,0.007070,0.083436,0.082385,0.084115,0.008173,STANDING
0.029341,-0.012018,9.702552,0.020363,0.016862,-0.005232,0.112847,0.064155,0.137630,0.013474,STANDING
0.034651,0.020364,9.793471,0.006491,0.002991,0.018952,0.022180,0.077821,0.056383,0.032617,STANDING
0.060473,0.036253,9.615184,0.017166,0.017364,-0.010166,0.051068,0.101401,0.128193,0.022754,STANDING
0.181011,0.049294,9.719867,0.011972,0.014023,0.000616,0.079042,0.041893,0.098505,-0.001560,STANDING
-0.008702,0.070342,9.900553,0.000938,0.012698,0.008205,0.026453,0.052958,0.099612,0.018098,STANDING
0.051871,0.137158,9.806444,0.017112,-0.002218,0.009979,0.058613,0.027400,0.102550,0.023902,STANDING
0.080938,0.054409,9.672647,0.008971,0.007261,0.008570,0.081929,0.086289,0.093760,0.012297,STANDING
0.119876,0.048290,9.711786,0.021407,0.021508,-0.008192,0.073814,0.087567,0.147249,0.021467,STANDING
0.013435,-0.012494,9.638477,0.009573,0.003166,0.016979,0.104770,0.140741,0.117306,0.013442,STANDING
0.000743,0.011282,9.659908,0.009137,0.015661,-0.004598,0.066601,0.056276,0.109687,0.010430,STANDING
0.008377,0.063253,9.734161,0.000553,0.019584,-0.000668,0.083525,0.099881,0.067569,0.017124,STANDING
0.036657,0.060300,9.681665,0.003219,0.024587,0.007042,0.072256,0.101635,0.107790,0.016107,STANDING
0.044454,0.153264,9.769579,0.019088,-0.008747,-0.006487,0.055973,0.084005,0.132298,0.016958,STANDING
0.043144,0.026952,9.689141,0.004788,0.010885,0.015079,0.059705,0.080032,0.042954,0.013619,STANDING
0.064423,0.032510,9.902363,0.017318,0.007155,0.012602,0.032010,0.058397,0.095690,0.024802,STANDING
0.076344,0.080783,9.741306,0.013384,0.013407,0.016212,0.108796,0.095853,0.084940,0.029336,STANDING
0.028021,0.085216,9.779731,0.018341,0.005810,0.006780,0.105222,0.095271,0.103402,0.017442,STANDING
0.043063,0.066690,9.764876,0.021684,0.010917,-0.000096,0.100501,0.043359,0.055276,0.028482,STANDING
0.057813,0.052558,9.807745,0.004626,0.007730,-0.004547,0.091073,0.055465,0.106360,0.023356,STANDING
0.006624,0.051775,9.724835,0.015930,0.006740,-0.010598,0.069615,0.129286,0.089824,0.027869,STANDING
0.007346,0.043948,9.784216,-0.005158,0.024023,0.006274,0.042381,0.100394,0.097901,0.012975,STANDING
0.115289,0.052940,9.613881,0.020067,0.012036,-0.005886,0.075259,0.135498,0.129317,0.024518,STANDING
0.048977,0.001897,9.741975,0.009919,0.004033,0.008403,0.032210,0.049752,0.090991,0.030762,STANDING
0.022933,0.103919,9.869735,0.012504,0.017951,0.017765,0.059148,0.080874,0.078106,0.025932,STANDING
0.062453,0.053324,9.539231,0.011112,0.018904,-0.004129,0.072602,0.064766,0.090714,0.024313,STANDING
0.002470,0.002967,9.593019,0.009489,-0.005028,0.010849,0.103605,0.087128,0.077688,0.031443,STANDING
0.000563,0.058107,9.739197,0.028553,0.006702,0.016860,0.035222,0.142055,0.107355,0.041490,STANDING
0.041274,0.040363,9.504414,0.009754,0.010472,0.007225,0.005433,0.164967,0.135671,0.016453,STANDING
0.107899,-0.057723,9.745399,0.004778,0.020570,0.002991,0.081107,0.061920,0.101081,0.014481,STANDING
0.112092,0.028275,9.582364,0.009894,-0.000238,0.000012,0.050666,0.091835,0.077962,0.027159,STANDING
0.063485,0.042972,9.728514,0.005929,0.002666,-0.000622,0.085292,0.072810,0.158997,0.022617,STANDING
-0.015254,0.050387,9.743747,0.020064,0.004902,0.021785,0.097749,0.100083,0.159748,0.007497,STANDING
0.038068,0.027610,9.615475,0.015541,0.006126,0.008404,0.098831,-0.001876,0.078984,0.029534,STANDING
0.042283,0.016081,9.811067,0.006189,-0.004527,-0.000873,0.134855,0.096467,0.106592,0.008277,STANDING
0.123217,0.069564,9.539345,0.019657,0.020863,0.029641,0.076621,0.061864,0.112631,0.004532,STANDING
0.041336,0.074549,9.649991,0.018995,0.017183,0.012256,0.059299,0.089908,0.134181,0.012628,STANDING
0.002544,0.148071,9.746261,0.008804,0.012691,-0.003651,0.071538,0.032486,0.061234,0.030637,STANDING
0.071208,0.082154,9.829447,0.012104,0.013188,0.023894,0.081440,0.093151,0.024435,0.018148,STANDING
0.150209,0.017974,9.754545,0.018668,0.011970,-0.002526,0.050520,0.125969,0.134982,0.021798,STANDING
0.036809,0.049093,9.535034,0.005665,0.003187,0.014333,0.064018,0.127108,0.106633,0.029057,STANDING
0.012544,0.036409,9.559791,0.014394,0.014913,0.020080,0.135209,0.062464,0.086782,0.020481,STANDING
0.039944,0.014282,9.807580,0.014673,0.024098,0.009973,0.111038,0.148327,0.153940,0.008739,STANDING
0.079976,0.137273,9.800050,0.020205,0.014309,0.004562,0.081696,0.053937,0.091530,0.036641,STANDING
0.048667,0.000436,9.624787,0.006096,0.011234,0.000527,0.114347,0.067173,0.098330,0.033379,STANDING
0.094882,-0.011108,9.522247,-0.002158,-0.016621,-0.001133,0.091244,0.101136,0.028380,0.007184,STANDING
0.064786,-0.032074,9.615824,0.011215,0.020253,0.007071,0.033444,0.091186,0.094136,0.014185,STANDING
0.050993,0.056629,9.644004,0.013824,0.014323,0.019862,0.071742,0.072124,0.131503,0.043485,STANDING
0.109066,0.024283,9.671602,0.002990,0.021936,0.012868,0.128012,0.087214,0.081916,0.001527,STANDING
-0.062037,0.001487,9.820561,0.001074,0.011239,0.000240,0.106415,0.092509,0.169026,0.037748,STANDING
0.007152,0.140572,9.687677,0.002402,0.001716,0.002900,0.084907,0.074951,0.100210,0.016621,STANDING
0.112452,0.010725,9.741518,0.017796,-0.009470,-0.005660,0.084558,0.053664,0.085326,0.021185,STANDING
0.100880,0.033363,9.696256,0.002352,0.015968,0.019358,0.019836,0.107199,0.075812,0.001425,STANDING
-0.033700,0.017753,9.581124,0.004539,0.007638,0.014319,0.141024,0.075643,0.110093,0.015231,STANDING
0.090684,0.042248,9.767825,0.009971,0.000683,-0.001034,0.044933,0.096612,0.080427,0.023150,STANDING
0.036147,0.050655,9.667321,0.012189,0.018723,0.013037,0.051922,0.062641,0.131892,0.027477,STANDING
0.069799,0.011005,9.493071,0.012601,0.023811,0.004392,0.018803,0.106181,0.050976,0.017091,STANDING
0.041849,0.075052,9.685733,0.008399,-0.006754,0.012797,0.070278,0.087366,0.129783,0.000704,STANDING
0.046993,0.040150,9.635944,0.016645,0.018282,0.007114,0.131982,0.027889,0.111462,0.026933,STANDING
-0.033781,0.093732,9.672006,0.002716,0.003883,-0.001009,0.092349,0.075990,0.102969,0.017302,STANDING
0.039769,0.031324,9.669602,0.003554,0.007149,0.013031,0.103373,0.037126,0.079908,0.026918,STANDING
0.050868,0.134747,9.723940,0.021850,0.001779,0.002304,0.051224,0.111782,0.107225,0.025224,STANDING
0.049916,0.138695,9.539924,0.017455,-0.003557,-0.001525,0.081568,0.093017,0.093836,0.027750,STANDING
0.090912,0.079559,9.641342,0.010103,0.008889,0.010511,0.102689,0.110279,0.119116,0.023005,STANDING
0.059083,0.034953,9.611526,0.008837,-0.001797,0.007613,0.065294,0.064823,0.038313,0.023617,STANDING
0.123516,0.074375,9.807899,0.004685,0.022082,0.007239,0.083378,0.040344,0.106868,0.017128,STANDING
0.085233,-0.010728,9.538372,0.004128,0.012118,0.014205,0.067557,0.034350,0.101196,0.015472,STANDING
-0.025557,0.000350,9.734662,0.003967,0.005337,-0.003182,0.040484,0.110530,0.070277,0.023272,STANDING
0.001803,-0.032192,9.793124,-0.007955,-0.005296,0.017463,0.006582,0.091996,0.088465,0.008429,STANDING
0.069704,-0.004016,9.683328,0.028605,-0.009346,0.008621,0.046903,0.053083,0.143484,0.025538,STANDING
0.031170,0.146082,9.560727,0.006585,0.019291,0.010260,0.071250,0.059923,0.130769,0.019971,STANDING
0.099103,0.074941,9.621920,0.019978,0.007248,0.009894,0.078344,0.113079,0.129106,0.024239,STANDING
0.004242,0.075910,9.639433,0.012736,0.002594,0.005890,0.061725,0.107150,0.136296,0.016169,STANDING
0.094477,0.141373,9.813282,0.012318,0.027595,0.012051,0.107894,0.079478,0.116885,0.001326,STANDING
0.010990,-0.048455,9.557395,0.018612,0.001418,0.020459,0.064088,0.023770,0.109720,0.024836,STANDING
0.125396,0.075132,9.595994,0.013573,-0.004828,0.031505,0.052046,0.041026,0.092272,0.011862,STANDING
-0.011478,-0.076617,9.642936,0.022590,0.017556,0.026479,0.070159,0.107208,0.117839,0.004350,STANDING
-0.023659,0.101621,9.784889,0.002944,0.016345,0.014756,0.068290,0.056556,0.113904,0.025004,STANDING
0.064045,0.013454,9.779929,0.028738,0.000857,0.004533,0.060374,0.123229,0.090964,0.010693,STANDING
0.084680,0.099807,9.732599,0.022461,0.023242,0.016763,0.098413,0.071119,0.086232,0.011842,STANDING
0.019048,0.081452,9.786576,0.003826,0.014625,0.023217,0.082175,0.095177,0.108407,0.016712,STANDING
0.074313,-0.047170,9.592835,0.019657,0.025731,0.016175,0.094309,0.091762,0.147150,0.031448,STANDING
0.005925,0.043049,9.710082,0.024990,0.006155,0.013030,0.132122,0.068506,0.126662,0.025506,STANDING
0.098907,0.019997,9.784392,0.015102,-0.001009,-0.001911,0.029309,0.054742,0.096133,0.029746,STANDING
0.080526,0.128750,9.687447,0.012417,0.013956,0.014247,0.101781,0.096767,0.114845,0.013219,STANDING
0.015917,0.029068,9.702495,0.023737,0.024858,0.014430,0.117132,0.089329,0.093856,0.012731,STANDING
0.107244,-0.046586,9.701308,0.008924,-0.007710,0.005064,0.068197,0.065051,0.099172,0.017307,STANDING
-0.005339,-0.090272,9.805400,0.008713,0.003764,0.003538,0.094112,0.111204,0.054799,0.022540,STANDING
-0.020236,-0.037849,9.764546,0.001595,0.021547,0.016460,0.067036,0.107720,0.112282,0.028481,STANDING
0.032215,0.024271,9.753370,0.008568,0.019736,0.010840,0.060965,0.079330,0.100784,0.026678,STANDING
0.087514,0.008968,9.753826,-0.006151,0.013196,0.016564,0.060567,0.096772,0.181505,0.018545,STANDING
0.060232,-0.032063,9.632371,0.008642,0.007914,-0.003976,0.088485,0.041305,0.088036,0.016825,STANDING
0.071463,0.041743,9.730995,0.005376,0.029900,0.008668,0.067457,0.036883,0.093970,0.022093,STANDING
-0.003785,-0.043781,9.705835,0.017830,0.005971,-0.006094,0.053537,0.054628,0.122057,0.016726,STANDING
0.107481,-0.011304,9.630259,0.004455,0.006641,-0.004049,0.056096,0.056754,0.137558,0.019084,STANDING
-0.005226,0.071661,9.597252,-0.000631,0.012830,0.016307,0.102610,0.065337,0.108840,0.014248,STANDING
0.096520,-0.054118,9.883671,0.013285,0.011031,0.013380,0.119767,0.110950,0.125161,0.001217,STANDING
-0.000582,0.118197,9.654938,0.010074,0.003812,0.012445,0.072321,0.072385,0.084445,0.007524,STANDING
-0.008044,0.095038,9.746981,0.011742,0.007908,0.007644,0.100327,0.073765,0.091016,0.021886,STANDING
0.059761,0.009265,9.762860,0.008942,0.007788,0.012726,0.078515,0.081020,0.060251,0.018218,STANDING
0.048684,0.099450,9.716029,0.003832,0.001373,0.025997,0.143397,0.096093,0.073693,0.032686,STANDING
0.068365,-0.032330,9.601273,0.007894,0.015268,0.019071,0.123704,0.073576,0.138394,0.019411,STANDING
0.005953,0.079824,9.787157,0.029270,0.006037,0.027821,0.081301,0.112608,0.122845,0.021916,STANDING
0.068738,0.085963,9.742539,0.014020,0.011830,-0.005399,0.110900,0.069855,0.075816,0.039924,STANDING
0.119257,0.024472,9.691363,0.009708,-0.003943,0.000497,0.062058,0.061031,0.043228,0.030304,STANDING
0.083140,0.031109,9.669312,0.003567,0.012594,0.015085,0.056843,0.073577,0.096266,0.035770,STANDING
-0.025339,0.026034,9.746473,0.019623,0.010206,-0.001616,0.058837,0.112648,0.092281,0.017660,STANDING
0.036253,0.072301,9.638733,0.025386,0.018970,0.002873,0.108671,0.086690,0.091168,0.007627,STANDING
0.060877,-0.008703,9.689229,0.018818,0.013433,0.010825,0.026104,0.102291,0.098805,0.014204,STANDING
0.169681,0.011417,9.647594,0.002998,0.017852,-0.005226,0.154844,0.096036,0.074518,0.033661,STANDING
0.103917,0.003466,9.737287,0.013493,-0.003866,0.003502,0.118425,0.101406,0.064024,0.000895,STANDING
0.118284,0.122260,9.796132,0.004692,0.015049,0.019684,0.107556,0.069160,0.107910,0.008589,STANDING
0.029208,0.050551,9.529613,0.009354,0.018131,0.010753,0.108127,0.062710,0.117366,0.028026,STANDING
0.124921,0.103355,9.635023,0.010897,0.009146,0.020824,0.085191,0.049997,0.121910,0.032727,STANDING
0.043044,0.019993,9.761523,0.028536,0.008952,0.022471,0.031039,0.066737,0.130760,0.014358,STANDING
0.065301,0.055214,9.887836,0.015270,0.017281,0.008614,0.125943,0.127045,0.089674,0.010650,STANDING
0.095973,0.045047,9.653101,-0.004617,0.020255,0.012910,0.072334,0.077670,0.138719,0.020249,STANDING
0.080920,0.075157,9.943331,0.019380,0.020651,0.005522,0.074760,0.063656,0.144748,0.028082,STANDING
0.036834,-0.006584,9.795269,0.017945,0.013613,-0.003218,0.104925,0.073387,0.064853,0.008935,STANDING
-0.010552,0.024812,9.923608,0.020422,-0.001222,0.010966,0.030634,0.028487,0.122908,0.024539,STANDING
0.036392,0.107964,9.836701,0.024193,0.007010,0.025214,0.080635,0.078115,0.105894,0.029129,STANDING
-0.009357,0.013982,9.749506,0.003236,0.004503,0.018187,0.085673,0.110358,0.076658,0.011278,STANDING
0.067357,0.019490,9.529922,0.008142,0.013652,0.019985,0.123664,0.124376,0.088535,0.014943,STANDING
0.000082,0.030556,9.530770,0.012659,-0.007324,0.018637,0.097566,0.052576,0.115237,0.012777,STANDING
0.039720,0.072145,9.659339,0.015182,0.008581,0.005678,0.040207,0.071219,0.117999,0.005051,STANDING
0.070527,0.069537,9.782881,0.009017,0.016264,0.017968,0.073044,0.073903,0.113341,0.019876,STANDING
0.080516,-0.035059,9.692414,0.015120,0.015573,0.006594,0.116332,0.143531,0.071001,0.023984,STANDING
0.123626,0.133020,9.459908,0.006796,-0.002011,0.000936,0.065832,0.115607,0.115995,0.014062,STANDING
0.064936,0.066676,9.656324,0.008757,0.006822,0.025293,0.080329,0.054025,0.049827,0.017859,STANDING
0.165573,0.118744,9.760937,-0.001436,0.030791,0.004862,0.097637,0.134585,0.097214,0.018749,STANDING
0.030138,0.159334,9.709421,0.012773,0.005161,-0.013621,0.053613,0.079611,0.091429,0.018348,STANDING
0.057491,0.041106,9.782661,0.000695,0.015374,0.010657,0.061402,0.108793,0.103095,0.006471,STANDING
-0.035335,0.152393,9.525291,0.009127,0.007719,0.000219,0.107406,0.104659,0.161842,0.033895,STANDING
0.073496,0.102549,9.858984,0.010567,0.029781,0.025778,0.091108,0.068968,0.116585,0.012669,STANDING
-0.017207,-0.052961,9.624280,0.029212,0.007409,0.013390,0.121713,0.021102,0.143015,0.020586,STANDING
0.102738,0.030566,9.631791,0.015810,-0.001996,0.000414,0.109397,0.100233,0.095233,-0.014002,STANDING
0.076346,0.017804,9.744446,0.010616,0.005760,0.015516,0.054927,0.131582,0.118926,0.010365,STANDING
-0.001658,-0.008208,9.735296,0.004269,0.001474,0.013751,0.001418,0.104087,0.069209,0.014767,STANDING
0.012766,0.170566,9.756837,0.018723,0.025619,0.001817,0.089874,0.107895,0.080570,0.017754,STANDING
-0.014175,-0.052233,9.524614,0.008890,0.005466,0.004586,0.078741,0.062084,0.134253,0.027680,STANDING
0.057266,0.087783,9.758909,0.006538,0.006429,-0.001312,0.054630,0.089067,0.109946,0.019074,STANDING
0.052911,0.010988,9.832129,0.014447,0.011697,-0.010741,0.073779,0.077922,0.101295,0.012842,STANDING
0.090922,0.008601,9.769532,0.037305,0.019814,0.014650,0.039899,0.095771,0.089531,0.035750,STANDING
0.027942,0.070834,9.590592,0.012525,0.012928,0.019694,0.121208,0.026447,0.144681,0.019027,STANDING
0.048260,0.041053,9.552809,0.005057,0.010267,0.015668,0.088241,0.073738,0.044815,0.018885,STANDING
0.104588,0.000381,9.613318,0.028317,0.002521,0.002462,0.041795,0.044100,0.144471,0.028554,STANDING
0.019479,0.016314,9.848720,0.014807,0.009766,0.000286,0.104165,0.067995,0.095216,0.041582,STANDING
0.075028,0.044461,9.593376,0.011710,0.007824,0.005103,0.095396,0.062498,0.089327,0.013332,STANDING
0.036480,0.016087,9.616690,-0.003471,0.011240,0.005649,0.111949,0.023282,0.100623,0.039662,STANDING
0.075203,0.120952,9.728088,0.004386,0.017095,0.020070,0.125787,0.137892,0.119737,0.024623,STANDING
0.021418,0.011443,9.904139,-0.005641,0.026574,0.001267,0.092651,0.055301,0.049130,0.011008,STANDING
-0.013399,-0.023477,9.480197,-0.000934,0.000080,0.007371,0.098136,0.085272,0.099468,0.019335,STANDING
0.025459,0.066175,9.722156,0.000386,-0.004044,0.005437,0.036509,0.091904,0.122790,0.013183,STANDING
0.028873,0.073885,9.701302,0.013233,0.014467,0.010949,0.028686,0.048909,0.067676,0.005224,STANDING
0.069090,0.125346,9.673142,0.017628,0.016034,-0.006776,0.024407,0.054278,0.063070,0.039023,STANDING
-0.072496,0.006680,9.776923,0.006863,0.007825,0.015255,0.064232,0.092902,0.084912,0.016606,STANDING
0.089377,0.002714,9.795517,0.011181,0.025242,0.011590,0.046455,0.071656,0.090250,0.025060,STANDING
0.101074,0.062721,9.596703,0.012315,0.017445,0.008378,0.075622,0.041139,0.115820,0.027146,STANDING
-0.006077,-0.000113,9.727039,0.014316,0.032723,-0.001044,0.090485,0.093516,0.109726,0.032623,STANDING
0.106592,0.083680,9.660275,0.021785,0.010429,0.003003,0.066316,0.112814,0.072394,-0.000131,STANDING
0.067771,0.095864,9.747432,0.021887,0.013556,-0.004221,0.123125,0.085679,0.116200,0.025080,STANDING
0.001153,-0.000457,9.792342,0.012458,0.004141,0.011719,0.048061,0.066026,0.105400,0.011407,STANDING
0.035191,0.096697,9.756770,0.010700,0.003453,0.013307,0.087765,0.024594,0.074587,0.012918,STANDING
0.036723,0.003383,9.784535,0.006488,-0.003097,0.027837,0.098119,0.142611,0.098523,0.034050,STANDING
0.006964,0.016820,9.670887,0.012721,0.025008,0.018373,0.087894,0.021907,0.100471,0.023870,STANDING
0.070118,0.091543,9.668820,0.005985,0.033220,0.008539,0.040108,0.067567,0.029505,-0.000989,STANDING
0.012801,0.034183,9.663047,0.004218,0.016068,-0.007321,0.056866,0.075422,0.050469,0.009128,STANDING
0.027311,0.133901,9.698171,0.022498,0.007455,-0.003595,0.085137,0.034390,0.077826,0.012544,STANDING
-0.012380,0.025589,9.640711,0.013249,0.014429,0.027997,0.052306,0.089144,0.112947,0.031787,STANDING
0.080953,-0.068479,9.712798,0.010340,0.022206,0.002066,0.066764,0.073498,0.142919,0.028751,STANDING
0.017893,0.010389,9.676462,0.011818,0.015330,0.013796,0.078260,0.081046,0.118542,0.013073,STANDING
0.053733,0.115526,9.729059,0.000828,0.012777,0.003992,0.091778,0.048578,0.125521,0.017390,STANDING
-0.026277,0.130405,9.540261,0.007502,-0.000163,0.011916,0.053174,-0.005839,0.096939,0.016999,STANDING
-0.030072,0.030532,9.651149,-0.005681,-0.000555,0.021685,0.041209,0.064750,0.068401,0.016894,STANDING
-0.020297,0.014836,9.658374,0.001037,-0.000842,-0.000614,0.166568,0.085284,0.085442,0.021261,STANDING
0.007812,0.074333,9.595186,0.012507,0.015056,-0.007694,0.090572,0.089371,0.100584,0.025263,STANDING
0.031726,0.055430,9.694611,0.015314,0.006521,0.006603,0.074210,0.064186,0.138534,0.031508,STANDING
0.079537,0.099502,9.823283,0.022221,0.026116,0.014931,0.059720,0.019418,0.106311,0.009107,STANDING
0.106807,0.001918,9.749949,0.006686,0.023965,0.003405,0.129482,0.083706,0.102083,0.018030,STANDING
-0.011566,0.016851,9.650476,0.025241,0.009472,0.021755,0.077285,0.032032,0.086162,0.022250,STANDING
0.051564,0.033229,9.611339,0.003195,0.001479,0.003818,0.034703,0.070856,0.067963,0.018608,STANDING
0.052373,0.053643,9.719830,0.020516,0.008723,-0.005354,0.066056,0.103626,0.084809,0.026155,STANDING
0.136643,-0.000428,9.654614,-0.002235,0.011271,0.022639,0.042910,0.085238,0.136769,0.035112,STANDING
0.046818,-0.052771,9.673787,0.020081,0.014039,-0.003405,0.052512,0.092527,0.140810,0.016988,STANDING
0.007482,0.073071,9.777133,-0.005783,0.027446,0.019208,0.064712,0.038295,0.079570,0.012701,STANDING
0.059331,0.052994,9.898899,-0.003292,0.005054,0.020520,0.103659,0.064236,0.136693,0.005423,STANDING
0.021385,0.026498,9.803499,0.014334,0.004122,0.016688,0.119849,0.050824,0.108640,0.031829,STANDING
0.006817,0.080242,9.739199,0.007816,0.005817,-0.000180,0.059875,0.089207,0.056235,0.013245,STANDING
0.017851,0.087586,9.657803,0.022790,0.024010,0.013689,0.038638,0.091189,0.068602,0.016915,STANDING
0.090719,0.081441,9.746757,0.014616,0.021828,0.023859,0.056025,0.156181,0.087874,0.029956,STANDING
0.060415,0.084760,9.728291,-0.004944,-0.003421,0.003888,0.092909,0.039693,0.124937,0.027777,STANDING
0.047612,0.079662,9.659954,0.025609,0.006885,0.000096,0.052994,0.067143,0.051326,0.040087,STANDING
0.025597,0.043852,9.902983,0.014443,0.004079,0.000582,0.021362,0.118086,0.102294,0.023111,STANDING
0.080099,0.060329,9.739457,0.030838,0.008119,0.005903,0.083111,0.107297,0.127579,0.019930,STANDING
0.029319,0.010892,9.632868,0.001640,0.017953,0.021000,0.094401,0.048052,0.096148,0.013045,STANDING
-0.000350,-0.028961,9.763543,0.012337,0.005995,0.025380,0.094818,0.067598,0.095343,0.033793,STANDING
0.039396,0.020125,9.640925,0.023196,0.005556,0.015568,0.110248,0.059861,0.045114,0.017502,STANDING
0.031971,-0.011054,9.787355,0.017483,0.014346,0.005171,0.083454,0.087462,0.118881,0.017848,STANDING
0.134882,0.008483,9.592681,0.012269,0.001099,0.023365,0.065671,0.161442,0.107379,0.036401,STANDING
0.056734,0.041445,9.548777,0.004935,0.004239,0.010337,0.043261,0.056650,0.086091,0.025099,STANDING
0.005607,0.019510,9.740104,0.006418,-0.000231,0.035865,0.060492,0.106298,0.082106,0.020415,STANDING
0.090639,-0.014497,9.530952,0.005554,0.007163,0.022996,0.110515,0.107974,0.059719,0.030640,STANDING
0.074589,0.008167,9.772472,0.002364,0.000672,0.018430,0.111077,0.107160,0.085059,0.028061,STANDING
0.059295,0.024299,9.633865,0.013150,0.002613,0.007576,0.088112,0.108764,0.051049,0.023488,STANDING
0.051056,0.183281,9.776253,0.013064,0.011661,-0.003424,0.101793,0.101849,0.118382,0.018590,STANDING
0.061217,-0.019201,9.580140,0.010672,0.011796,-0.004644,0.010615,0.108001,0.113984,0.015014,STANDING
-0.053084,-0.001371,9.724260,0.001204,0.017555,-0.003182,0.105771,0.073234,0.145638,0.015545,STANDING
-0.039457,0.006335,9.610062,-0.011183,0.002557,0.006480,0.099300,0.045936,0.099502,0.029556,STANDING
0.035822,0.085153,9.918636,0.015426,0.007241,0.010422,0.073976,0.092050,0.066732,0.050262,STANDING
0.072625,0.044441,9.652309,0.010790,0.017971,0.002485,0.147456,0.073617,0.076287,0.020984,STANDING
0.006781,-0.014447,9.735561,0.013847,0.019083,0.022609,0.058654,0.086439,0.049103,0.003337,STANDING
0.074608,0.009476,9.903897,0.011300,0.018009,0.006898,0.101482,0.123869,0.096277,0.019639,STANDING
0.058286,0.086202,9.753634,-0.011204,-0.010519,0.027314,-0.021528,0.082133,0.122053,0.003967,STANDING
0.094153,0.093444,9.670764,0.011944,0.014921,0.019512,0.089428,0.054096,0.075418,0.016492,STANDING
0.053344,0.110554,9.784813,0.025495,0.019044,0.004048,0.074014,0.065418,0.077789,0.001754,STANDING
0.021434,0.073156,9.768882,0.003675,0.017790,0.033631,0.100219,0.075296,0.097323,0.013921,STANDING
0.122661,0.064881,9.582462,0.004504,0.012725,0.009366,0.088912,0.104280,0.099305,0.003768,STANDING
-0.004181,-0.046124,9.704909,-0.000382,0.003665,0.025132,0.078781,0.069724,0.094744,0.019174,STANDING
0.065929,0.063668,9.685494,-0.005396,0.008177,0.001653,0.113192,0.046047,0.093889,0.029239,STANDING
0.062160,0.090946,9.621051,0.011168,0.019565,-0.005359,0.073898,0.068456,0.138690,0.013854,STANDING
0.158301,-0.017004,9.749149,-0.002750,0.014080,0.007957,0.034996,0.047063,0.108757,0.014688,STANDING
-0.017100,0.051399,9.875301,0.006675,0.012695,0.008725,0.085081,0.057952,0.188632,0.022663,STANDING
0.064779,-0.006336,9.571241,0.008360,0.000273,0.021247,0.079121,0.103579,0.120981,0.039196,STANDING
-0.067369,0.034546,9.641543,0.012399,0.001334,0.010443,0.038323,0.065024,0.134969,0.006194,STANDING
0.114838,0.069701,9.891613,0.011288,0.002336,0.003384,0.060000,0.032917,0.119468,0.015076,STANDING
0.016358,-0.004641,9.717480,0.018179,0.001958,0.017030,0.086495,0.081944,0.067194,0.010116,STANDING
0.089366,0.069085,9.547507,-0.001491,0.014496,-0.003128,0.137667,0.060085,0.093751,0.022514,STANDING
0.038073,0.069242,9.616963,0.001578,0.005417,0.027284,0.053831,0.079030,0.158003,0.025944,STANDING
-0.053216,0.021131,9.729790,-0.015657,-0.004117,0.019344,0.105409,0.051233,0.058116,0.012180,STANDING
0.095020,0.103188,9.659149,0.001147,0.018699,0.005161,0.110776,0.079758,0.101467,0.026809,STANDING
0.110092,0.023997,9.734065,0.009997,0.007548,0.000664,0.109982,-0.005116,0.049733,0.025866,STANDING
-0.004566,0.032983,9.738850,0.007921,0.015962,0.007798,0.116622,0.059472,0.130735,0.008156,STANDING
0.130060,0.015805,9.831100,0.024384,0.037618,0.015773,0.083954,0.071572,0.054999,0.008725,STANDING
0.083313,-0.037907,9.662000,0.014620,-0.005070,0.022206,0.060311,0.073048,0.080258,0.024993,STANDING
0.053997,-0.018601,9.714926,0.029976,0.010167,0.017572,0.095497,0.067441,0.152936,0.015367,STANDING
0.059860,0.075940,9.719319,0.008927,0.011063,0.018611,0.034903,0.072344,0.164740,0.004216,STANDING
0.015061,0.077763,9.739598,0.020086,0.014413,0.026649,0.083336,0.119789,0.085635,0.026810,STANDING
0.038455,0.083811,9.822545,-0.002096,0.006145,0.011140,0.107301,0.153729,0.092930,0.026565,STANDING
-0.011327,-0.004116,9.835249,0.020460,-0.022801,0.008251,0.043780,0.119797,0.103150,0.024926,STANDING
0.027254,0.126683,9.837058,0.017690,0.006557,0.030403,0.045288,0.030245,0.101917,0.020962,STANDING
0.017772,-0.014417,9.734885,0.018317,0.000858,-0.006325,0.073984,0.091754,0.055497,0.019639,STANDING
0.063683,0.086134,9.566994,0.018891,0.030743,0.018121,-0.006900,0.084794,0.112568,0.013307,STANDING
-0.022683,0.058470,9.797819,0.000658,0.010153,0.010363,0.071779,0.040805,0.073269,0.021093,STANDING
0.063365,-0.005562,9.632193,0.011338,-0.001871,0.018874,0.040949,0.060858,0.093907,0.032118,STANDING
0.085836,0.057538,9.631680,0.016189,0.018662,0.004762,0.034807,0.100673,0.093977,0.016043,STANDING
0.010457,0.053521,9.662489,0.014334,0.000343,0.040084,0.044167,0.049548,0.100639,0.011902,STANDING
0.109986,0.019258,9.755540,0.001353,0.009398,0.003038,0.094984,0.103261,0.109472,0.027598,STANDING
0.038457,0.038814,9.780000,-0.007474,0.015453,0.000399,0.086531,0.099627,0.130781,0.022382,STANDING
-0.034621,-0.009667,9.707146,0.013204,0.008448,0.006522,0.076645,0.044424,0.139027,0.017492,STANDING
0.057735,-0.037218,9.945292,0.017635,0.000739,0.019676,0.064814,0.060401,0.095707,0.031309,STANDING
0.007784,0.038661,9.846332,0.027771,-0.003252,0.007969,0.086099,0.062191,0.090247,0.025436,STANDING
0.082790,-0.043198,9.673484,0.021738,0.015098,0.015023,0.053072,0.023625,0.066652,0.030911,STANDING
0.087816,0.066335,9.565254,0.010375,0.006518,-0.015581,0.076744,0.059046,0.136227,0.026864,STANDING
0.115033,0.126560,9.803822,0.013866,-0.004222,0.011866,0.021167,0.137706,0.073843,0.021696,STANDING
-0.001050,0.064812,9.660608,0.003125,0.012025,0.009112,0.094744,0.031610,0.100749,0.021047,STANDING
0.166868,-0.034284,9.734118,0.001205,0.013416,0.008474,0.108692,0.070825,0.125217,0.032263,STANDING
0.117343,0.001186,9.664159,0.011154,0.018115,0.017023,0.054703,0.128081,0.051177,0.017030,STANDING
0.114659,0.046795,9.740720,0.020341,0.016434,0.014897,0.054626,0.102844,0.080743,0.026735,STANDING
0.069239,0.089560,9.677768,0.017406,0.016593,0.014528,0.079734,0.055044,0.101503,0.009165,STANDING
0.031109,0.001784,9.581553,0.011188,0.006152,0.007821,0.085085,0.099348,0.080013,0.023449,STANDING
-0.111996,0.020994,9.710563,0.025941,-0.007748,-0.001863,0.083027,0.038443,0.163693,0.028975,STANDING
0.012272,0.129311,9.683485,0.011069,0.012050,0.021046,0.060470,0.046548,0.103791,0.033386,STANDING
0.093951,0.146751,9.767465,-0.005665,0.000283,0.017385,0.080529,0.076963,0.145414,0.004570,STANDING
0.100474,0.079522,9.655517,0.016808,0.007373,0.011708,0.068856,0.028747,0.123454,0.033502,STANDING
0.170436,0.173761,9.779896,-0.003041,0.008697,0.005604,0.082576,0.081822,0.089980,0.009933,STANDING
0.049734,0.019482,9.668695,0.013986,0.005208,0.008720,0.049891,0.052195,0.115331,0.025349,STANDING
-0.003601,0.081908,9.527864,0.004758,0.018454,0.018169,0.096869,0.093204,0.083013,0.028871,STANDING
0.056772,0.101893,9.638653,-0.005364,0.011626,0.024594,0.071295,0.113279,0.116557,0.019955,STANDING
0.095162,0.079619,9.863229,0.014708,-0.007371,-0.002357,0.125310,0.087101,0.107780,0.018088,STANDING
0.139530,0.043561,9.684222,0.011522,0.005433,-0.000772,0.104499,0.062717,0.149287,0.019841,STANDING
0.064757,0.006997,9.691999,0.019024,0.021587,0.017886,0.088817,0.068954,0.049107,0.025315,STANDING
0.039230,0.049330,9.692949,0.006699,0.024759,0.023573,0.061896,0.082408,0.160773,0.019061,STANDING
0.059887,0.027717,9.303441,0.008531,0.005916,0.004285,0.064177,0.080126,0.087605,0.019571,STANDING
0.053542,-0.032261,9.800060,0.021215,0.016951,0.017102,0.105241,0.142102,0.084722,0.023775,STANDING
0.035423,0.006448,9.552409,-0.005413,0.005328,0.005262,0.060730,0.003343,0.013418,0.017903,STANDING
0.029385,0.083626,9.643667,0.020753,0.017491,0.010397,0.071708,0.092986,0.112507,0.010744,STANDING
0.013696,-0.068366,9.647797,0.001053,0.016959,0.007104,0.078666,0.100170,0.111393,0.030261,STANDING
0.064764,0.015350,9.573861,0.028487,-0.002785,0.021884,0.098062,0.070623,0.081142,0.016009,STANDING
-0.000869,0.041267,9.705138,0.000067,0.001451,0.006570,0.061548,0.076442,0.130517,0.019111,STANDING
0.094120,0.062536,9.636830,0.006662,0.012368,0.019465,0.115108,0.096974,0.137246,0.017432,STANDING
0.068682,0.094842,9.517390,0.008981,0.003801,0.007924,0.075711,0.060443,0.103512,-0.002192,STANDING
-0.073807,0.038654,9.647614,0.019891,0.001908,0.021795,0.145827,0.129965,0.062197,0.015404,STANDING
0.084909,0.053767,9.604308,0.012516,0.010496,0.008215,0.066662,0.075490,0.094559,0.024443,STANDING
-0.014170,0.074073,9.775993,0.016939,0.030590,0.013587,0.101700,0.083605,0.125702,0.009840,STANDING
0.024199,0.085367,9.498489,0.014160,-0.006029,0.011305,0.041024,0.032322,0.087395,0.010089,STANDING
0.001295,0.100942,9.713365,-0.001824,0.001702,0.004322,0.097347,0.107688,0.066297,0.020499,STANDING
0.035812,0.092304,9.656964,0.016218,0.021885,0.009761,0.097189,0.067413,0.151069,0.035599,STANDING
0.187641,0.156103,9.827320,0.004147,-0.004775,0.008559,0.123992,0.068178,0.117782,0.015072,STANDING
0.086366,-0.022024,9.682197,0.013927,-0.002358,-0.011376,0.044840,0.105337,0.143056,0.012202,STANDING
0.059144,0.025327,9.887866,0.022983,-0.000392,-0.005522,0.046461,0.079828,0.116753,0.025744,STANDING
0.076586,0.047785,9.742002,0.004540,-0.006692,0.027174,0.004878,0.118733,0.081958,0.034485,STANDING
0.083594,-0.054653,9.789145,0.008946,0.007681,0.012723,0.101333,0.148991,0.063423,0.016651,STANDING
0.005836,0.069599,9.799733,0.001406,0.005959,0.000515,0.068327,0.131389,0.077841,0.017233,STANDING
-0.037255,0.002499,9.674612,0.015472,0.000313,0.012570,0.137402,0.053741,0.062818,0.013134,STANDING
0.055961,0.041576,9.697827,0.011089,-0.006921,0.034685,0.069751,0.135948,0.090369,0.012795,STANDING
0.007862,0.076303,9.539284,0.021782,0.012432,0.022749,0.106326,0.062457,0.113599,0.011166,STANDING
0.068102,0.114423,9.734118,0.023435,0.018153,0.015666,0.055249,0.054810,0.125990,0.015008,STANDING
0.089358,0.048991,9.672663,0.005946,0.015821,0.027324,0.088841,0.070289,0.068212,0.028131,STANDING
0.103798,0.037491,9.666163,0.017958,0.001554,0.029388,0.070345,0.075586,0.133975,0.005995,STANDING
-0.019529,0.059001,9.596283,0.018857,0.009924,0.012120,0.080762,0.101602,0.126233,0.010834,STANDING
0.008568,0.017076,9.669558,0.000659,0.041764,0.014018,0.088644,0.091757,0.128402,0.029904,STANDING
0.007582,0.045396,9.652361,0.007139,0.001073,0.011547,0.111319,0.062845,0.097224,0.013341,STANDING
0.128987,0.059624,9.539407,0.002206,0.002228,-0.016074,0.104013,0.099245,0.094889,0.011928,STANDING
0.068608,0.072010,9.690716,0.013262,0.019731,0.006885,0.120396,0.071905,0.130676,0.015727,STANDING
0.055487,0.211314,9.943274,0.033376,0.014976,0.000859,0.109860,0.065201,0.138455,0.024342,STANDING
-0.009639,-0.009503,9.749696,0.012641,0.009006,0.017334,0.092591,0.047433,0.117607,0.047167,STANDING
0.052784,0.060969,9.595239,0.013764,0.011822,-0.011420,0.072458,0.063943,0.082607,0.012282,STANDING
0.088095,0.028535,9.775042,0.025912,0.017640,0.025396,0.091818,0.098358,0.095285,0.026534,STANDING
-0.015488,0.066144,9.736102,0.013362,0.008583,0.027397,0.124772,0.093200,0.087622,0.017345,STANDING
0.096599,0.111697,9.615906,0.003618,0.035337,0.010242,0.099348,0.041566,0.027542,0.020823,STANDING
0.088899,0.124957,9.565099,-0.006795,0.014095,0.015358,0.088223,0.147918,0.178481,0.026181,STANDING
-0.071382,-0.017938,9.752616,0.004268,0.023751,-0.004740,0.064658,0.088937,0.066952,0.027678,STANDING
0.029406,0.033539,9.788291,0.001246,0.007357,0.002236,0.025353,0.099154,0.072284,0.016243,STANDING
0.134522,0.138197,9.698284,0.005647,0.012707,0.012732,0.115160,0.123709,0.136409,0.015926,STANDING
0.145364,0.036177,9.682699,-0.000895,0.008437,0.020512,0.065756,0.167725,0.123456,0.032406,STANDING
0.035430,0.146391,9.791357,0.011992,-0.001838,-0.002785,0.071202,0.089386,0.049405,0.018137,STANDING
0.024257,-0.016067,9.461098,-0.000231,-0.012176,0.007113,0.062294,0.081205,0.072839,0.018021,STANDING
0.080809,0.028794,9.599552,0.019298,0.008398,0.008450,0.034747,0.090686,0.081428,0.019208,STANDING
0.120505,0.052038,9.640245,-0.008556,0.008283,0.006747,0.093860,0.089203,0.079674,0.005665,STANDING
0.094985,0.040491,9.688502,0.007302,0.002430,-0.014089,0.076040,0.074334,0.103456,0.013787,STANDING
0.061867,0.046788,9.460478,-0.004764,0.006115,0.004457,0.118401,0.042042,0.122833,0.030714,STANDING
0.049104,0.041823,9.920949,-0.004336,0.002386,0.009999,0.098066,0.131956,0.116069,0.013706,STANDING
0.055990,0.066648,9.886499,0.041254,0.006711,-0.027828,0.032643,0.058250,0.134691,0.033725,STANDING
0.009372,0.104444,9.727260,-0.000118,0.006228,0.017254,0.100044,0.116919,0.074860,0.007487,STANDING
0.016315,0.092515,9.856488,0.002274,0.004728,0.019101,0.086195,0.103067,0.125081,0.025781,STANDING
0.042149,-0.037520,9.662938,0.011472,0.017905,0.001572,0.062446,0.113241,0.100497,0.014142,STANDING
0.133480,0.079504,9.829543,0.006538,0.002445,0.009012,0.010117,0.050577,0.102889,0.022347,STANDING
0.093012,0.085515,9.648391,-0.010113,-0.000481,0.016050,0.098046,0.093664,0.033881,0.009857,STANDING
0.084720,0.114442,9.730073,0.010517,0.014571,0.017435,0.042633,0.054219,0.074426,0.025843,STANDING
0.053306,0.052017,9.773430,0.015254,0.004976,0.005193,0.091969,0.137033,0.122328,0.023569,STANDING
0.083774,0.160473,9.839097,0.028344,0.022701,0.000400,0.107849,0.053213,0.088662,0.012023,STANDING
0.024280,0.065473,9.724488,0.014794,0.007791,0.037472,0.093373,0.098223,0.064269,0.035431,STANDING
-0.034307,0.021443,9.729731,0.009059,0.013233,-0.001496,0.064029,0.086085,0.118236,0.013156,STANDING
-0.003227,-0.015673,9.380389,-0.001795,0.007198,-0.003851,0.089940,0.055388,0.137999,0.030749,STANDING
0.038779,0.086034,9.796704,0.015340,-0.006139,0.017013,0.089671,0.091110,0.074057,0.014622,STANDING
0.126138,-0.015847,9.651618,0.019560,0.012455,0.003307,0.087086,0.061759,0.074651,0.020655,STANDING
0.027692,-0.000747,9.770060,0.013525,0.007016,0.019031,0.102352,0.093110,0.112995,0.012161,STANDING
0.115598,0.100412,9.460804,0.005036,0.023289,0.015608,0.182198,0.084453,0.091041,0.009074,STANDING
0.127565,0.120054,9.614888,0.011359,0.004484,0.015958,0.056693,0.061672,0.085418,0.041137,STANDING
0.164170,0.038674,9.787415,0.014862,0.006371,0.012432,0.070848,0.082390,0.087120,0.041523,STANDING
0.043997,-0.043557,9.750900,-0.002522,0.009497,0.001869,0.036382,0.062573,0.066652,0.031588,STANDING
0.109417,0.065857,9.626142,0.007477,0.004325,0.026356,0.104393,0.124186,0.105982,0.018718,STANDING
0.092856,0.043016,9.829575,0.005575,0.011320,0.016475,0.073717,0.087439,0.105183,0.020767,STANDING
0.012825,0.032696,9.744630,-0.001326,0.015734,-0.004021,0.109348,0.104532,0.092847,0.012047,STANDING
0.013041,0.035777,9.519274,0.009097,0.019811,-0.003490,0.065623,0.107315,0.042281,0.012067,STANDING
0.099831,0.056664,9.664100,0.007423,0.003313,0.001984,0.089540,0.085677,0.090385,0.024579,STANDING
0.086000,0.058642,9.600922,0.000967,0.005539,-0.005446,0.094982,0.040882,0.104430,0.036799,STANDING
0.052107,0.060962,9.665858,0.003615,-0.001254,0.008094,0.064143,0.110214,0.087801,0.025187,STANDING
0.059897,0.048876,9.766605,0.005638,0.014195,0.011357,0.091358,0.098453,0.109679,0.012906,STANDING
0.011887,0.206390,9.586099,0.009240,0.017399,0.016642,0.052563,0.069414,0.133762,0.034878,STANDING
0.137750,0.066998,9.782394,0.005407,-0.002103,0.006765,0.109275,0.070270,0.083566,0.034137,STANDING
0.093328,0.127036,9.612444,0.028284,0.001500,0.026247,0.073719,0.084940,0.115311,0.017009,STANDING
-0.002268,0.021349,9.681279,0.018301,0.009283,0.013632,0.124800,0.078273,0.089467,0.004553,STANDING
-0.004450,0.024505,9.697850,0.019356,0.009686,0.008245,0.053582,0.108527,0.056460,0.024879,STANDING
0.113585,0.043566,9.671336,0.006502,0.002325,0.012525,0.030688,0.054413,0.104575,0.017936,STANDING
-0.047155,0.112245,9.832762,0.007516,0.004632,-0.000101,0.108209,0.042160,0.078530,0.009604,STANDING
0.035007,0.106378,9.694733,0.004201,0.002786,-0.001429,0.081554,0.100986,0.131727,0.036174,STANDING
0.093236,-0.006638,9.834989,0.014091,0.021231,0.023830,0.099158,0.041663,0.104691,0.029945,STANDING
0.101322,0.042645,9.674715,0.009162,-0.000617,-0.005027,0.115479,0.092514,0.073991,0.028523,STANDING
0.055959,0.036776,9.511969,0.004056,0.021602,-0.005895,0.098169,0.128583,0.107251,0.024853,STANDING
0.114944,0.019285,9.615499,0.019894,0.019711,0.019637,0.069842,-0.032247,0.152909,0.012583,STANDING
0.056114,0.092601,9.745604,0.018431,0.008502,0.012013,0.043350,0.111006,0.041341,0.021661,STANDING
0.087616,0.035270,9.742041,0.022113,0.001657,0.002726,0.048750,0.055635,0.117231,0.018271,STANDING
0.148968,0.097924,9.675982,0.015235,0.030079,-0.005104,0.081537,0.086330,0.083860,0.017552,STANDING
0.145321,0.020627,9.754157,0.019651,0.011633,-0.000564,0.040568,0.051301,0.079341,0.024714,STANDING
-0.019110,-0.074418,9.674652,0.011014,0.020703,0.003474,0.096398,0.102096,0.078242,0.007749,STANDING
0.091753,0.071885,9.602752,0.016997,0.030600,0.015790,0.092302,0.070146,0.146101,0.009600,STANDING
0.029634,-0.041553,9.638460,0.006908,-0.003346,0.010062,0.092001,0.125818,0.069011,0.015667,STANDING
0.101649,0.059428,9.657962,0.001310,0.005915,0.010441,0.088568,0.070289,0.113449,0.013517,STANDING
0.091073,0.092111,9.743897,0.005336,-0.014725,0.023709,0.078909,0.137114,0.047785,0.020248,STANDING
-0.038273,0.056445,9.935244,-0.000236,0.014574,0.007376,0.066917,0.063602,0.136913,0.021947,STANDING
0.094944,0.083364,9.716325,0.025180,0.031714,0.005774,0.089440,0.127427,0.097540,0.025576,STANDING
-0.017312,0.051407,9.763650,0.011524,0.007370,0.008349,0.050161,0.044452,0.117566,-0.016934,STANDING
0.036812,0.060755,9.659574,0.012989,0.003662,0.018413,0.043999,0.131613,0.156126,0.024995,STANDING
-0.002067,-0.019500,9.624324,0.008579,0.008422,0.023879,0.102970,0.037905,0.049205,0.043476,STANDING
0.059944,0.020742,9.852696,0.030926,0.000250,0.011382,0.025429,0.067585,0.102309,0.010371,STANDING
-0.006243,0.091827,9.657691,0.003767,0.005468,0.011712,0.086443,0.045339,0.114599,-0.000620,STANDING
0.014817,0.047357,9.672207,-0.005136,0.013209,0.003518,0.085856,0.052470,0.102551,0.027958,STANDING
0.082980,0.054310,9.746734,-0.005900,0.020874,0.007473,0.025157,0.123005,0.089172,0.015569,STANDING
-0.008983,0.005986,9.681693,0.017578,0.015141,0.007553,0.068915,0.088490,0.084783,0.022692,STANDING
0.098480,0.028563,9.709293,0.015158,-0.001060,0.022558,0.111273,0.137687,0.103174,0.023418,STANDING
0.095892,0.062481,9.596892,0.015959,-0.004166,0.032696,0.129581,0.115310,0.143348,0.005886,STANDING
0.013288,0.100616,9.391767,0.014618,0.016868,0.012657,0.104738,0.069849,0.093155,0.032491,STANDING
0.081228,0.024909,9.629902,0.000421,0.004961,0.003658,0.133109,0.101866,0.059756,0.014894,STANDING
0.009321,0.107452,9.791492,0.008707,0.004538,0.007394,0.053514,0.093707,0.066064,0.030836,STANDING
0.026075,0.027037,9.793777,0.008772,0.001509,-0.006204,0.102227,0.090559,0.117713,0.022225,STANDING
0.071016,0.044410,9.899179,0.015536,0.012717,0.008484,0.070546,0.090493,0.104784,0.023434,STANDING
0.014454,0.049351,9.569804,0.008829,0.010630,0.007952,0.116376,0.140464,0.072767,0.021944,STANDING
0.055479,0.085921,9.793721,0.003636,0.013595,0.000090,0.097919,0.009176,0.102305,0.021137,STANDING
0.095137,0.158238,9.644541,0.010571,0.004013,0.026402,0.044058,0.044934,0.107262,0.020365,STANDING
0.100856,0.063981,9.681784,0.013636,0.003424,-0.001012,0.142831,0.020642,0.131417,0.015607,STANDING
0.024855,0.122381,9.572248,0.010412,0.013357,-0.009326,0.106489,0.099124,0.120124,0.027417,STANDING
0.048910,-0.020028,9.670620,0.005496,-0.028183,0.020292,0.048152,0.126524,0.111245,0.038235,STANDING
0.018407,0.044609,9.614178,0.015702,0.004961,0.004890,0.143331,0.059312,0.087038,0.017569,STANDING
0.080535,0.029436,9.553583,0.005106,0.008660,0.013766,0.103031,0.073720,0.131870,0.021144,STANDING
0.084693,0.130061,9.657546,0.024771,0.005338,0.011259,0.130880,0.099540,0.082661,0.022778,STANDING
0.120747,-0.037041,9.740707,0.027427,-0.008809,0.010437,0.099300,0.097556,0.118764,0.034469,STANDING
0.025314,0.064065,9.852209,0.008715,0.003398,0.003568,0.133950,0.062590,0.085026,0.040045,STANDING
-0.075275,0.023883,9.587198,0.019431,0.008804,0.003930,0.115573,0.093477,0.104090,0.005292,STANDING
0.045058,0.025809,9.648108,0.010420,0.006830,0.002419,0.108645,0.085674,0.094067,0.012500,STANDING
0.072314,0.158397,9.653648,0.007953,-0.000990,0.010253,0.091471,0.085014,0.102200,0.026791,STANDING
0.039629,0.067199,9.677210,0.014909,0.017333,0.017094,0.065795,0.069882,0.099313,0.026936,STANDING
-0.059055,0.048918,9.801475,0.011503,0.004982,-0.000748,0.075735,0.069028,0.133457,0.027573,STANDING
0.088081,0.127146,9.807961,0.016353,0.020558,0.014251,0.085536,0.050859,0.112100,0.008843,STANDING
0.081144,-0.063180,9.794065,0.012039,0.017649,0.006594,0.042440,0.063210,0.099676,0.011942,STANDING
0.037461,0.064347,9.655195,0.006565,0.008394,-0.002412,0.074799,0.144642,0.143133,0.040791,STANDING
0.096373,0.116677,9.872566,0.010926,0.003695,0.025027,0.105789,0.119236,0.125672,0.006097,STANDING
0.016296,0.095136,9.646408,0.021172,0.002383,0.004962,0.094668,0.028195,0.044125,0.022887,STANDING
0.040573,0.023072,9.685921,0.021322,0.025025,0.013601,0.110122,0.105622,0.086675,0.019301,STANDING
0.062755,0.038403,9.727761,0.008358,0.015886,0.005215,0.086573,0.137435,0.077882,0.015152,STANDING
0.040937,0.049128,9.703654,0.005044,-0.002130,0.013368,0.085111,0.035683,0.099690,0.022907,STANDING
0.026167,0.054267,9.808052,0.009040,0.020360,0.014613,0.060323,0.099855,0.092769,-0.002453,STANDING
0.096959,0.002488,9.699567,0.008960,0.003474,0.020092,0.128999,0.031579,0.098020,0.024801,STANDING
0.012325,-0.013347,9.534233,0.015094,0.014688,0.011086,0.119455,0.040791,0.093892,0.023462,STANDING
0.044931,0.046210,9.676513,0.016030,0.011223,0.015227,0.065978,0.061009,0.097728,0.019580,STANDING
0.018132,0.092847,9.530451,0.001491,-0.007833,-0.003887,0.043789,0.110734,0.104290,0.018196,STANDING
0.037949,-0.016755,9.753441,0.008254,0.005042,0.016756,0.115740,0.105781,0.111084,0.022581,STANDING
0.028962,0.004341,9.786193,0.011049,0.012310,0.029792,0.071386,0.069257,0.073704,0.033983,STANDING
0.041331,-0.030463,9.733354,0.012979,0.013487,0.007284,0.023163,0.050678,0.063845,0.012829,STANDING
0.005853,0.043827,9.529733,0.013636,-0.001341,-0.000851,0.050021,0.178216,0.100744,0.026491,STANDING
0.046181,-0.004505,9.663237,-0.008150,0.019253,0.025934,0.022811,0.022314,0.130014,0.027616,STANDING
0.050321,0.030119,9.646755,0.003333,0.017709,0.006705,0.063749,0.122274,0.084133,0.029004,STANDING
0.007225,0.101439,9.628546,0.017980,0.017925,0.009646,0.104764,0.088061,0.083543,0.034209,STANDING
0.127436,-0.016960,9.722480,0.024363,0.024251,0.007185,0.114392,0.099357,0.080836,0.035102,STANDING
0.028460,0.030964,9.664258,0.004901,0.008054,0.000161,0.060979,0.063535,0.145120,0.028771,STANDING
0.034581,0.123190,9.705351,0.007165,-0.008618,0.011620,0.150574,0.063991,0.101975,0.008626,STANDING
0.082871,0.026548,9.578663,0.008656,0.016000,0.011440,0.064564,0.076963,0.079315,0.014482,STANDING
0.082648,0.040946,9.863356,0.007813,0.025074,0.009623,0.033821,0.055430,0.135022,0.016019,STANDING
0.097942,0.050419,9.619465,-0.001317,0.021471,-0.019301,0.081425,0.120103,0.113229,0.029831,STANDING
0.090617,0.032020,9.644801,0.012200,0.013842,0.012811,0.083265,0.043917,0.092199,0.026348,STANDING
0.066750,0.086267,9.697658,0.015014,0.005418,0.011458,0.092083,0.053742,0.109109,0.032068,STANDING
0.119197,0.065315,9.772553,-0.002357,0.016470,0.035067,0.096490,0.067843,0.073286,0.025619,STANDING
0.030974,-0.024916,9.837627,-0.005993,0.009504,0.009783,0.089884,0.064955,0.089958,0.027251,STANDING
0.008861,0.064878,9.710509,0.024106,0.023952,0.008341,0.090167,0.091220,0.141790,0.029574,STANDING
0.057554,0.117458,9.728414,0.018382,0.004122,0.019509,0.065446,0.125561,0.132509,0.020811,STANDING
0.057273,0.052812,9.718333,0.015798,0.007669,0.022998,0.089591,0.087355,0.113122,0.018417,STANDING
0.139753,0.039383,9.704894,0.011997,0.010994,0.003695,0.096342,0.085877,0.090783,0.024424,STANDING
0.096274,0.099021,9.610211,-0.006417,0.013609,0.013021,0.089400,0.119088,0.114282,0.013679,STANDING
-0.011342,0.072001,9.713475,0.002429,0.014021,0.003320,0.125035,0.058593,0.139183,0.006462,STANDING
0.039835,0.080117,9.656839,0.013604,0.030965,0.017293,0.112265,0.025460,0.081546,0.024078,STANDING
0.096733,0.074677,9.873857,0.010365,-0.003180,0.003484,0.081276,0.098763,0.059796,0.015941,STANDING
0.065538,0.013953,9.719697,0.006734,0.010402,0.019605,0.093523,0.034188,0.065614,0.016723,STANDING
0.081679,0.026122,9.636076,0.021821,-0.000707,0.001537,0.029082,0.095241,0.067110,0.025952,STANDING
-0.000334,0.112821,9.642002,-0.009367,0.020208,0.024086,0.074634,0.043248,0.085425,0.034095,STANDING
0.097486,0.010681,9.682475,0.024201,0.009925,0.002532,0.058280,0.104480,0.063913,0.027835,STANDING
0.047945,0.002003,9.602859,0.013490,-0.003617,0.024151,0.094558,0.083691,0.162082,0.034994,STANDING
0.032411,0.085844,9.663760,-0.015233,0.000576,0.019937,0.070311,0.054544,0.153568,0.020460,STANDING
0.035327,0.067372,9.853296,0.036381,0.006021,0.001558,0.050501,0.086589,0.107384,0.020476,STANDING
0.039257,-0.002882,9.673550,0.027803,0.019942,0.016523,0.095459,0.099383,0.122226,0.011121,STANDING
0.045923,0.013041,9.580792,0.018996,0.001392,-0.000487,0.101836,0.069636,0.154445,0.018231,STANDING
0.127103,0.030003,9.575686,0.006644,0.010351,0.009702,0.029035,0.048251,0.108561,0.012399,STANDING
0.046312,0.118658,9.584874,-0.000735,0.012549,0.030823,0.058188,0.087051,0.094292,0.011202,STANDING
0.039779,-0.013617,9.698302,0.008187,0.015619,0.007568,0.156455,0.047365,0.145354,0.023479,STANDING
0.059437,0.029380,9.570733,0.030401,0.011428,0.020181,0.110821,0.070403,0.087898,0.018375,STANDING
0.112553,-0.002846,9.638762,0.012023,0.017058,-0.000792,0.054639,0.160350,0.102417,0.009770,STANDING
0.080862,0.049260,9.789502,0.011319,0.012186,0.014730,0.088718,0.084615,0.098036,0.019964,STANDING
0.152649,0.108494,9.627570,0.018647,-0.014651,-0.002053,0.158658,0.032814,0.121428,0.003166,STANDING
0.034378,0.081688,9.735651,-0.000225,0.001688,0.008340,0.058563,0.053405,0.118601,0.010278,STANDING
0.023939,0.050822,9.714573,0.019425,0.014475,0.008049,0.110291,0.086353,0.074711,0.010438,STANDING
0.038843,0.074782,9.652155,0.012750,-0.006321,0.011473,0.112198,0.075500,0.099017,0.026518,STANDING
-0.026382,0.103541,9.756794,0.014492,0.019987,-0.005067,0.135985,0.059088,0.084517,0.012393,STANDING
-0.030669,0.019422,9.645660,0.003805,0.010132,0.012516,0.065406,0.077221,0.148571,0.016942,STANDING
-0.086379,0.103199,9.540164,0.003597,0.004610,0.027093,0.092104,0.057723,0.076805,0.014943,STANDING
0.084995,0.091642,9.639371,0.004288,0.006655,0.010506,0.079845,0.127766,0.068995,0.020035,STANDING
-0.090378,0.005903,9.611422,0.017168,-0.004815,0.033847,0.092665,0.093267,0.160610,0.026378,STANDING
0.010340,0.173207,9.607358,0.012338,0.016775,-0.000103,0.088106,0.104719,0.106942,-0.002752,STANDING
0.014364,0.093148,9.809383,0.028213,0.017932,-0.000836,0.099161,0.072930,0.121427,0.008225,STANDING
0.074378,0.075624,9.583398,0.010422,-0.002274,0.007989,0.062554,0.079112,0.102574,0.023910,STANDING
0.039117,0.041592,9.811243,0.008519,0.008411,0.004207,0.046799,0.083586,0.111440,0.017909,STANDING
0.012007,0.106266,9.876960,0.027389,0.012581,0.025644,0.129588,0.064408,0.107742,0.010475,STANDING
0.029459,0.100479,9.746432,0.018084,0.012922,0.018955,0.090783,0.045061,0.118057,0.010174,STANDING
0.058783,0.085491,9.739187,-0.005472,0.014340,0.010879,0.068000,0.065809,0.090308,0.017994,STANDING
0.029890,-0.009967,9.667823,0.031300,0.001038,0.025011,0.077634,0.021874,0.098083,0.024443,STANDING
0.011952,0.063206,9.576298,0.008880,0.003541,-0.016506,0.092520,0.097054,0.102589,0.018662,STANDING
0.027652,0.035629,9.668105,-0.005822,0.004770,-0.003917,0.094559,0.069063,0.076850,0.019212,STANDING
0.032210,0.011882,9.686659,0.008028,0.004365,0.001839,0.068797,0.065957,0.126478,0.019144,STANDING
0.059029,-0.013656,9.512384,0.009681,0.005588,-0.005231,0.068224,0.119729,0.090466,0.005680,STANDING
0.059504,0.075503,9.739141,0.006771,0.006069,0.032381,0.111101,0.053069,0.089459,0.018002,STANDING
-0.004434,-0.004641,9.688846,-0.008983,0.015085,0.016130,0.037541,0.086585,0.119835,0.008762,STANDING
0.056793,0.076867,9.691091,0.015358,0.008773,0.007731,0.100856,0.084669,0.101430,0.029341,STANDING
-0.000638,0.033582,9.639213,0.032834,0.011504,0.014070,0.068755,0.024456,0.100077,0.006949,STANDING
0.070310,0.037435,9.829718,0.004241,-0.000423,0.019446,-0.003611,0.055644,0.134984,0.008651,STANDING
0.005110,0.132671,9.711992,-0.010862,-0.003176,0.005648,0.057475,0.048912,0.094389,0.019680,STANDING
0.055816,0.109304,9.870952,-0.008784,0.010471,0.024253,0.048343,0.137661,0.131323,0.012749,STANDING
0.025428,-0.051041,9.714090,0.001521,0.003513,0.011047,0.108774,0.096736,0.071218,0.003475,STANDING
0.003613,0.075474,9.935077,0.012100,0.004032,-0.018977,0.137413,0.119750,0.137508,0.040912,STANDING
0.084755,0.070284,9.670232,0.013677,0.022755,-0.018622,0.038381,0.057304,0.114899,0.031014,STANDING
0.100079,0.029910,9.698375,0.012584,0.026000,0.003599,0.070806,0.108370,0.089132,0.011814,STANDING
0.134911,-0.048302,9.872163,0.010861,0.005078,0.010901,0.064148,0.134974,0.024565,0.030047,STANDING
0.025648,0.032946,9.549705,0.003163,0.002975,-0.012713,0.084140,0.050750,0.148207,0.005983,STANDING
0.061177,0.054331,9.728964,0.037954,0.022071,0.011803,0.121147,0.046308,0.124996,0.012578,STANDING
0.021713,0.033717,9.609301,0.002454,0.001175,-0.007724,0.075102,0.016999,0.113143,0.030175,STANDING
0.049731,0.016149,9.609276,0.003922,0.030505,0.005999,0.072465,0.099232,0.112392,0.018715,STANDING
0.106925,0.057696,9.632541,0.008988,0.020218,0.011884,0.103204,0.133916,0.120297,0.017555,STANDING
0.019110,0.086975,9.807062,0.028529,0.017071,0.014035,0.104386,0.106301,0.128920,0.028704,STANDING
0.084027,-0.013667,9.715297,0.019057,0.001533,0.011351,0.134217,0.098487,0.050821,0.012088,STANDING
0.020868,0.047096,9.595453,-0.011595,0.014402,0.028915,0.104902,0.054079,0.112489,0.023259,STANDING
0.087901,-0.001011,9.718452,0.010081,-0.000767,0.000035,0.036094,0.116113,0.137472,0.041869,STANDING
0.046008,0.019043,9.689573,0.014245,0.016363,0.020078,0.022792,0.067163,0.111328,0.004314,STANDING
0.028561,0.012778,9.768943,-0.007314,0.021576,0.010477,0.093868,0.127913,0.075169,0.033437,STANDING
0.020200,0.065002,9.563195,0.006412,0.014570,0.015368,0.067457,0.050077,0.086267,0.005903,STANDING
0.009637,0.112676,9.632404,0.027643,0.023450,-0.015205,0.082423,0.032350,0.073140,0.011010,STANDING
0.054948,0.128557,9.623147,0.013678,0.018651,0.001199,0.083114,0.087973,0.133683,0.021333,STANDING
0.010808,0.061716,9.782880,0.021451,0.007006,0.022282,0.075842,0.032283,0.096733,0.021883,STANDING
0.050337,0.055037,9.713407,-0.012267,0.011132,0.017141,0.097336,0.032093,0.084795,0.003423,STANDING
0.099867,0.035879,9.498044,0.008169,0.014626,0.024553,0.091901,0.074424,0.086304,0.006061,STANDING
0.114405,-0.015147,9.894443,0.006503,0.030180,0.021059,0.113391,0.100207,0.102624,0.015821,STANDING
0.194674,0.058897,9.805163,0.020473,0.005823,0.005730,0.101708,0.010343,0.089728,0.013703,STANDING
0.075453,0.136629,9.650122,0.019069,-0.002820,-0.004653,0.088582,0.098669,0.119579,0.032120,STANDING
0.098387,0.109571,9.755892,0.008785,0.005560,0.014180,0.052698,0.096504,0.169620,0.038853,STANDING
0.094706,0.043086,9.761626,0.006033,0.007951,0.016263,0.120125,0.051394,0.094060,0.007349,STANDING
0.050783,0.030782,9.769201,0.006928,-0.000723,0.015696,0.071937,0.094905,0.105258,0.008566,STANDING
0.060603,0.018279,9.721417,0.008768,-0.009373,0.008616,0.052272,0.103753,0.128653,0.014976,STANDING
0.027496,0.032210,9.825633,0.004789,0.007204,0.009675,0.051673,0.042299,0.125938,0.025203,STANDING
0.002551,0.054255,9.754481,0.025314,0.000554,0.002482,0.030681,0.110895,0.030933,0.007272,STANDING
0.029024,-0.003546,9.694211,0.022621,0.011395,0.002079,0.075336,0.069296,0.084598,0.023240,STANDING
0.014393,0.086729,9.649995,0.021870,0.014869,-0.000313,0.066830,0.079214,0.058528,0.020040,STANDING
0.096281,0.066058,9.742091,0.003125,0.011347,0.010492,0.092001,0.052959,0.117812,0.022747,STANDING
0.093895,0.120429,9.830351,0.000165,-0.004534,0.000394,0.058795,0.068794,0.045305,0.019495,STANDING
0.021504,-0.094752,9.666934,0.016841,0.006215,0.011848,0.054446,0.066368,0.156420,0.029171,STANDING
0.146633,0.129782,9.766006,0.008293,0.002290,0.018888,0.054267,0.049412,0.132851,0.016315,STANDING
0.044724,0.020857,9.639024,0.019246,0.024195,0.011691,0.109351,0.046965,0.069976,0.021522,STANDING
0.088517,-0.022386,9.701138,0.022555,0.015969,-0.004927,0.072427,0.081709,0.151503,0.018702,STANDING
0.018158,0.052498,9.452208,0.007600,-0.017845,0.011246,0.123980,0.080227,0.107431,0.009422,STANDING
0.059034,-0.027153,9.746098,0.003042,-0.004961,0.000781,0.098230,0.102759,0.053564,0.020231,STANDING
0.059184,0.065022,9.789006,0.002006,0.027989,0.020302,0.097328,0.096722,0.064563,0.010939,STANDING
-0.003039,0.046088,9.750771,-0.012056,0.026221,0.013856,0.067926,0.015781,0.025803,0.029326,STANDING
0.051827,0.051556,9.704369,0.016537,0.009116,0.010507,0.103315,0.120366,0.119400,0.016375,STANDING
0.089183,0.057220,9.540490,0.000492,0.001174,0.014649,0.033814,0.118128,0.089585,0.014846,STANDING
0.008568,-0.063732,9.596457,-0.004438,0.008992,0.022668,0.102027,0.058088,0.047923,0.015634,STANDING
0.102510,-0.106667,9.746902,0.011131,0.011825,0.009681,0.052038,0.109530,0.126767,0.036416,STANDING
0.058413,0.034779,9.870659,0.023010,0.005797,0.007612,0.081773,0.083366,0.115037,0.010527,STANDING
0.037623,0.009867,9.825112,-0.007111,0.018687,0.009645,0.118465,0.077153,0.120428,0.024620,STANDING
0.066490,0.101229,9.708633,-0.001006,0.011027,0.024053,0.092782,0.081537,0.107915,0.015250,STANDING
-0.010163,0.008080,9.640851,0.010714,0.018535,0.001049,0.019126,0.064439,0.085963,0.018021,STANDING
0.021481,-0.005873,9.839972,0.007213,0.016155,0.031029,0.090413,0.002046,0.141553,0.032098,STANDING
0.064352,-0.041604,9.759284,-0.002376,0.020266,0.004286,0.104267,0.081321,0.036346,0.016746,STANDING
0.012419,0.017041,9.750131,0.029735,0.008225,-0.018609,0.059096,0.117193,0.119446,0.022585,STANDING
-0.012082,0.083207,9.650819,-0.004160,0.022414,0.022559,0.059015,0.058982,0.079939,0.033663,STANDING
0.044017,0.017718,9.651783,-0.003828,0.001456,0.024291,0.069696,0.054736,0.057429,0.019819,STANDING
0.065688,0.089976,9.604223,0.004469,0.014582,0.010173,0.134649,0.091293,0.073805,0.018597,STANDING
0.023730,0.059366,9.712465,0.016476,0.022388,0.005114,0.091439,0.082060,0.114850,0.020050,STANDING
0.083334,0.072080,9.630753,0.011187,0.007121,0.010764,0.106659,0.032112,0.095268,0.038092,STANDING
-0.054089,0.048581,9.716960,0.017667,0.016997,0.019771,0.065921,0.083684,0.123219,0.013859,STANDING
-0.014876,0.094082,9.607274,0.012305,0.008962,0.017795,0.031458,0.058339,0.085300,0.023790,STANDING
0.055871,0.066214,9.668192,0.003106,0.023841,-0.000942,0.067102,0.070966,0.155737,0.016632,STANDING
0.000789,0.036929,9.800888,0.011043,0.020233,0.010191,0.069833,0.078576,0.147402,0.015547,STANDING
0.035570,0.002592,9.609801,0.015229,0.011860,0.022305,0.078639,0.070354,0.111296,0.016766,STANDING
0.039266,0.047201,9.625112,0.003816,-0.005335,0.000226,0.048203,0.028060,0.112316,0.016655,STANDING
0.012950,0.112416,9.634858,0.028977,-0.002603,0.019058,0.082509,0.057451,0.068958,0.008840,STANDING
0.010913,-0.011446,9.638088,-0.008337,0.019433,-0.009052,0.043203,0.060513,0.119865,0.017422,STANDING
0.080769,0.046883,9.786671,-0.020800,-0.001364,0.000807,0.050798,0.052119,0.074110,0.018659,STANDING
-0.005002,0.095085,9.703922,0.010245,0.018456,0.006126,0.102318,0.058185,0.158890,0.035120,STANDING
0.051307,0.077011,9.695837,0.014147,0.014569,0.024214,0.062572,0.092737,0.134765,0.021520,STANDING
0.069433,0.107085,9.650232,0.001822,0.022431,0.025439,0.103832,0.121197,0.122230,0.013490,STANDING
0.111039,0.004359,9.704663,0.030287,0.002431,0.003936,0.085687,0.059499,0.089779,0.027843,STANDING
-0.024243,-0.021747,9.979937,0.027214,0.007529,0.026803,0.085262,0.069417,0.144722,0.028988,STANDING
0.063699,0.049642,9.862865,-0.003142,0.006310,0.019181,0.113991,0.119511,0.142071,0.027945,STANDING
0.095109,0.151750,9.699879,-0.000370,0.024133,0.011082,0.083168,0.090248,0.096617,0.013649,STANDING
0.020140,0.002406,9.646082,0.022205,-0.012804,0.009799,0.082551,0.105951,0.085012,0.026289,STANDING
0.033457,0.066824,9.765080,-0.001064,0.019095,0.002446,0.081412,0.055747,0.107980,0.027048,STANDING
0.132559,0.033120,9.561604,0.010583,0.022096,0.001690,0.073800,0.043872,0.046833,0.022719,STANDING
0.103900,-0.040238,9.752122,0.018126,0.020838,0.004360,0.051058,0.082105,0.057968,0.011934,STANDING
0.055457,0.052891,9.799742,0.010461,0.001428,0.011390,0.068676,0.104412,0.105736,0.028099,STANDING
0.110367,-0.005822,9.813603,0.012387,0.010507,0.004845,0.138479,0.091606,0.044594,0.021877,STANDING
0.051290,-0.006434,9.607561,0.001267,0.012158,0.000738,0.118653,0.111785,0.118807,0.014957,STANDING
-0.044188,0.057085,9.766415,0.007558,0.017794,-0.001216,0.106602,0.082524,0.091158,0.018861,STANDING
0.047414,0.087820,9.680591,0.027652,0.007880,0.012809,0.049807,0.155342,0.086933,0.025911,STANDING
0.068703,0.073993,9.689725,0.004742,-0.003203,-0.003306,0.087683,0.133110,0.083640,0.029895,STANDING
-0.088376,0.075636,9.937950,0.010170,0.004590,0.004344,0.061981,0.084324,0.095351,0.031478,STANDING
0.049995,0.065970,9.889755,-0.002823,0.013793,0.006156,0.054065,0.094881,0.098808,0.027542,STANDING
0.048974,0.057376,9.743960,-0.000403,0.020760,0.031434,0.035798,0.039355,0.097435,0.025526,STANDING
0.066553,0.013175,9.619572,0.010904,0.026051,0.008384,0.090526,0.088677,0.099372,0.013205,STANDING
0.068367,0.055044,9.588566,0.012967,0.015769,0.010768,0.096311,0.103411,0.087961,0.019601,STANDING
0.042176,0.048302,9.668952,0.015067,0.010728,-0.012702,0.062884,0.065404,0.129072,0.019649,STANDING
-0.037956,0.029242,9.674522,0.012514,0.017382,0.010248,0.119441,0.102279,0.075152,0.033288,STANDING
0.050383,0.055912,9.696164,0.000395,0.016101,0.024123,0.090225,0.055516,0.134908,0.006722,STANDING
0.028701,0.028921,9.611467,0.013055,0.019330,0.018520,0.061829,0.094886,0.093696,0.029020,STANDING
0.085673,0.018984,9.531097,0.014110,0.001524,0.007476,0.112337,0.085126,0.181142,0.011247,STANDING
-0.003776,0.065697,9.619250,0.006544,0.015480,0.008641,0.086307,0.108500,0.125943,0.021778,STANDING
0.079149,0.106345,9.599692,0.001342,0.016816,0.005743,0.098954,0.098349,0.098518,0.003009,STANDING
-0.029483,0.024850,9.776955,0.019296,0.011310,0.006389,0.095746,0.074957,0.039392,0.024253,STANDING
0.079359,0.063103,9.617368,0.020437,0.014379,0.025466,0.080737,0.058001,0.088281,0.020540,STANDING
0.063000,0.066191,9.856210,0.001858,0.008960,0.005645,0.088096,0.082842,0.139834,0.018840,STANDING
0.047807,0.027530,9.753465,0.021781,0.007456,-0.007490,0.013761,0.116395,0.073434,0.020800,STANDING
-0.096176,0.077069,9.710258,0.012252,-0.002776,0.011769,0.105114,0.051633,0.095795,0.014568,STANDING
-0.033417,-0.045770,9.680121,0.011165,0.020929,0.026189,0.041200,0.089913,0.096830,0.026974,STANDING
0.069715,-0.016056,9.604351,0.018614,-0.002515,0.036634,0.111512,0.058301,0.045175,0.009967,STANDING
0.095015,0.020789,9.767783,-0.004097,-0.012360,0.017421,0.093098,0.086723,0.058450,0.021778,STANDING
0.071466,0.044404,9.493623,-0.005238,0.007133,-0.001109,0.092707,0.116957,0.024038,0.031463,STANDING
0.037937,0.067602,9.536015,0.012915,0.014648,-0.006076,0.056762,0.049487,0.122273,0.018743,STANDING
-0.000252,0.049010,9.716114,0.013329,0.003298,0.005189,0.137503,0.108237,0.089609,0.013428,STANDING
0.052229,0.124586,9.792016,0.002138,0.019076,0.010280,0.035949,0.060692,0.078202,0.019569,STANDING
0.028753,0.074009,9.650467,0.020020,0.030374,0.019532,0.117277,0.050556,0.114612,0.041808,STANDING
0.042424,0.023145,9.828637,0.003466,0.020489,0.013223,0.082224,0.068021,0.096978,0.015157,STANDING
0.093348,0.109971,9.645016,0.019275,0.024352,0.017792,0.098527,0.063834,0.077729,0.023998,STANDING
0.120918,-0.004043,9.644417,0.001451,-0.000934,-0.009883,0.105107,0.094309,0.094378,0.023681,STANDING
0.022381,0.133849,9.635483,0.000248,0.016485,0.007976,0.084617,0.094037,0.125360,0.006949,STANDING
0.117932,0.114454,9.716600,0.001881,0.005610,0.029352,0.120761,0.088447,0.063263,0.011153,STANDING
0.094882,0.051974,9.616381,0.016021,0.014060,0.023373,0.067471,0.073184,0.073757,0.019574,STANDING
0.074204,-0.006141,9.602818,-0.000328,0.004804,0.004947,0.058081,0.051349,0.094831,0.030788,STANDING
0.049624,-0.042584,9.665546,0.018757,0.017575,0.024713,0.092370,0.076582,0.152564,0.017622,STANDING
0.065389,0.100054,9.711703,0.016315,0.024641,0.004647,0.107260,0.136877,0.145271,0.018850,STANDING
0.066893,-0.027488,9.611674,0.011629,0.016588,0.000033,0.012780,0.120018,0.065004,0.019184,STANDING
-0.023667,-0.013481,9.756605,0.006121,0.003203,-0.004316,0.060329,0.066854,0.078185,0.030212,STANDING
0.060005,0.044152,9.559988,0.016186,0.013310,0.005874,0.075275,0.073926,0.049542,0.025438,STANDING
0.038348,0.023886,9.651995,0.017762,0.015651,0.020318,0.055046,0.009812,0.109954,0.026147,STANDING
0.060454,0.127802,9.763589,-0.005361,0.009436,0.012673,0.044481,0.090706,0.077312,0.023741,STANDING
0.062273,0.092763,9.783677,0.008273,0.018346,0.003338,0.035913,0.030218,0.126398,0.020407,STANDING
0.080861,0.067092,9.820791,0.018863,0.005576,0.015107,0.102704,0.112922,0.053198,0.021855,STANDING
0.094149,0.034445,9.892330,-0.002290,0.016071,0.004480,0.048072,0.078668,0.091474,0.022460,STANDING
0.114321,0.103918,9.826501,0.012027,0.005986,0.014196,0.032841,0.113749,0.084343,0.017602,STANDING
0.054173,0.078851,9.765577,0.015066,0.001967,-0.013250,0.035017,0.149326,0.131874,0.025496,STANDING
0.011193,0.179548,9.662971,0.014363,0.022825,0.002904,0.079509,0.082782,0.028051,0.022951,STANDING
0.009373,0.015678,9.370233,0.027309,0.016266,0.013938,0.065733,0.082652,0.081881,-0.005494,STANDING
0.087329,0.029350,9.600015,0.017454,-0.009080,-0.007125,0.066000,0.042363,0.089093,0.008601,STANDING
0.081320,0.042827,9.647202,0.009798,0.011840,0.004906,0.116492,0.063355,0.134354,0.029217,STANDING
0.041274,0.050594,9.781353,0.000701,0.017578,0.006634,0.047803,0.097085,0.117591,0.023060,STANDING
0.100822,0.151104,9.660558,0.010652,-0.003062,0.010440,0.089423,0.071596,0.095723,0.025120,STANDING
0.016189,0.037154,9.694524,-0.001655,0.018798,0.006386,0.101965,0.134007,0.128635,0.032079,STANDING
0.004845,0.035518,9.821254,0.006612,0.005584,0.008938,0.076830,0.122491,0.125618,0.022137,STANDING
0.115464,0.005440,9.679824,0.007397,0.006786,0.005402,0.103164,0.119786,0.079355,0.024612,STANDING
0.066016,0.107932,9.736237,-0.001808,-0.004482,0.019017,0.097009,0.080985,0.111825,0.011714,STANDING
0.095032,0.091396,9.894566,-0.000420,0.006761,0.010910,0.061958,0.090713,0.067005,0.010737,STANDING
0.027936,0.031634,9.736423,0.024772,0.001811,0.027122,0.093050,0.156383,0.089382,0.039020,STANDING
0.024625,-0.014638,9.650010,0.008940,0.008536,0.018480,0.042536,0.060806,0.110418,0.013054,STANDING
0.099102,0.097881,9.768797,0.007489,-0.002872,0.011064,0.049232,0.135867,0.067818,0.023593,STANDING
0.057040,0.072933,9.730687,0.014321,0.006886,-0.012165,0.105192,0.027007,0.072633,0.034359,STANDING
0.030366,0.097215,9.692881,0.014153,0.005333,0.012561,0.093191,0.083127,0.135543,0.031896,STANDING
0.081958,0.056887,9.775165,0.011190,0.010431,0.018366,0.065477,0.122388,0.055692,0.035281,STANDING
0.027943,0.052191,9.819236,0.013420,-0.000863,-0.008898,0.110631,0.114537,0.092591,0.025281,STANDING
0.048456,0.018705,9.645964,0.003283,0.017369,0.017871,0.069125,0.080540,0.113827,0.013475,STANDING
-0.008786,0.041372,9.644467,0.014237,0.019022,0.006942,0.081711,0.102168,0.093163,0.028490,STANDING
0.076564,0.069069,9.601763,-0.007185,0.000632,0.026316,0.074447,0.078963,0.079893,0.024011,STANDING
0.015145,0.078423,9.737486,0.013921,0.011822,-0.013668,0.111749,0.104510,0.107014,0.027487,STANDING
0.082196,0.117897,9.831827,0.013265,0.014433,0.000515,0.093456,0.094516,0.075332,0.010532,STANDING
-0.005434,0.061553,9.727183,0.017937,0.006879,0.004131,0.079162,0.054369,0.111194,0.017076,STANDING
0.062629,-0.011145,9.558475,-0.005180,0.014299,0.011658,0.019315,0.086553,0.094991,0.009112,STANDING
0.060182,0.024361,9.717058,-0.007725,0.009638,0.020593,0.061219,0.041229,0.052766,0.034767,STANDING
0.028378,-0.085457,9.736141,0.012116,0.015873,0.004394,0.072188,0.078805,0.101766,-0.002043,STANDING
0.079284,0.013852,9.683166,0.020193,0.019390,0.015777,0.083352,0.069749,0.055584,0.006651,STANDING
0.158220,0.054278,9.626201,0.026352,0.009172,0.021962,0.066544,0.052339,0.093635,0.023821,STANDING
0.053733,0.009602,9.887717,0.016373,0.018618,0.012715,0.132777,0.096986,0.098896,0.018999,STANDING
0.111452,-0.025137,9.818081,0.017356,-0.000185,0.007210,0.020162,0.109877,0.096703,0.019831,STANDING
0.017607,-0.015732,9.816974,0.008411,0.011699,0.016334,0.098866,0.054553,0.093472,0.012077,STANDING
0.043864,0.015133,9.733860,0.009189,-0.009866,0.008509,0.051642,0.071002,0.132035,-0.003404,STANDING
0.022417,0.087174,9.755000,0.016860,0.002688,0.013064,0.075040,0.049724,0.066594,0.021304,STANDING
0.021345,-0.011299,9.591389,0.014830,0.002304,-0.002191,0.062850,0.100366,0.067488,0.024047,STANDING
0.061984,0.028461,9.649979,0.015181,0.019777,0.019303,0.090723,0.066375,0.100616,0.019977,STANDING
-0.009877,0.046548,9.538902,0.005958,0.009645,0.000620,0.154919,0.117903,0.094509,0.023440,STANDING
0.121735,0.051079,9.744303,0.020374,0.016731,0.011514,0.115349,0.058360,0.115058,0.009556,STANDING
0.040004,0.124537,9.862218,0.006058,0.006538,0.025778,0.054972,0.088495,0.096600,0.022303,STANDING
0.091923,-0.012984,9.759860,0.011160,0.002036,0.018908,0.139552,0.088598,0.159090,0.011453,STANDING
-0.031611,0.051355,9.698603,0.011298,0.023591,0.007085,0.020968,0.065549,0.113542,0.019017,STANDING
0.075857,0.018941,9.633021,0.011723,-0.002727,0.001324,0.094987,0.150291,0.079224,0.014783,STANDING
0.043494,0.055092,9.707379,0.005707,0.013802,0.013214,0.082457,0.028594,0.107702,0.019266,STANDING
0.009803,0.010039,9.848062,0.018447,0.005538,0.001301,0.079449,0.078820,0.084469,0.022898,STANDING
0.105636,0.042859,9.575965,0.014378,0.016469,0.000277,0.057854,0.100771,0.156440,0.010835,STANDING
-0.016669,0.015897,9.541540,0.008537,0.000987,0.016901,0.113881,0.129896,0.112688,-0.007882,STANDING
0.044344,0.016308,9.683112,-0.005703,0.002407,0.017379,0.061307,0.087267,0.111721,0.021019,STANDING
-0.016891,0.131206,9.516569,0.032179,0.007123,-0.001892,0.123312,0.087104,0.127596,0.027529,STANDING
0.135613,-0.002579,9.745639,0.042481,0.008976,0.000575,0.092079,0.119998,0.085686,0.024356,STANDING
0.008865,0.111728,9.528992,0.009205,0.020289,-0.006370,0.076997,0.115073,0.071134,0.016604,STANDING
0.072800,-0.028861,9.636869,0.021063,0.017712,0.004427,0.083671,0.082494,0.116693,0.015113,STANDING
0.055174,0.067636,9.623130,0.013642,-0.002199,0.018310,0.054859,0.074323,0.083118,0.030033,STANDING
0.053940,0.000624,9.781492,0.020546,0.002877,0.011825,0.031473,0.088518,0.106746,0.022410,STANDING
0.022470,0.056730,9.704917,0.014493,0.006012,0.023472,0.089566,0.106037,0.098712,-0.000307,STANDING
0.113893,-0.063890,9.710319,-0.004126,0.007118,0.001185,0.098480,0.115176,0.108109,0.016539,STANDING
0.054177,0.054939,9.774817,-0.008010,-0.001451,0.007374,0.123080,0.089386,0.110237,0.032180,STANDING
0.085242,-0.096907,9.772535,0.017921,0.015830,0.016949,0.112870,0.082281,0.113930,0.012119,STANDING
0.041779,-0.011094,9.643484,-0.004357,0.011306,0.013182,0.107647,0.075160,0.095562,0.031957,STANDING
-0.015746,0.002524,9.692676,-0.005392,0.002490,0.032162,0.053406,0.145119,0.098892,0.020294,STANDING
0.089558,0.062921,9.716987,0.016939,-0.007535,0.014143,0.099165,0.104841,0.077162,0.008541,STANDING
0.025497,0.032890,9.720579,0.020726,0.011223,0.018296,0.028071,0.082554,0.147962,0.031694,STANDING
0.060136,0.083608,9.807454,0.015794,-0.007753,-0.002539,0.137747,0.112156,0.112525,0.033553,STANDING
0.123642,0.009482,9.768934,0.012979,0.010058,0.005555,0.097052,0.066921,0.110867,0.035632,STANDING
0.025348,0.037477,9.712050,0.016404,0.011423,0.007524,0.048435,0.020797,0.126170,0.017795,STANDING
-0.031665,0.033363,9.674525,0.007151,0.015791,0.009274,0.113263,0.067524,0.077019,0.032915,STANDING
0.028641,0.013886,9.579724,0.034760,0.017315,-0.001625,0.013335,0.106699,0.064881,0.023622,STANDING
-0.032311,0.064434,9.716512,0.019348,0.010097,0.010643,0.041138,0.070241,0.113551,0.020523,STANDING
0.058752,0.129448,9.741336,0.001896,0.031571,0.025015,0.088337,0.046475,0.128413,0.029205,STANDING
0.038141,0.053215,9.634382,0.012580,0.015342,-0.002805,0.104467,0.057262,0.115399,0.014973,STANDING
0.110882,0.044497,9.746143,0.027481,0.009461,0.014144,0.076494,0.126642,0.060575,0.027673,STANDING
0.069345,0.066021,9.618118,-0.007606,0.007580,-0.005408,0.114709,0.070541,0.085765,0.012378,STANDING
0.095602,0.070077,9.753120,-0.000329,-0.006686,-0.000185,0.075424,0.001838,0.112446,0.037234,STANDING
0.082408,0.021589,9.918897,-0.010764,0.005874,0.007533,0.089960,0.068335,0.065743,0.019547,STANDING
-0.033976,0.092799,9.704718,-0.011252,-0.002462,0.008825,0.080879,0.036135,0.151129,0.007793,STANDING
0.104964,-0.017426,9.598936,0.011581,0.020978,0.008672,0.078994,0.065438,0.116970,0.019860,STANDING
0.068622,0.118811,9.694018,0.027137,0.009491,0.023881,0.075086,0.109379,0.126870,0.017043,STANDING
0.020435,0.157642,9.640362,0.017346,0.017618,0.012864,0.087174,0.073303,0.047723,0.022123,STANDING
-0.003794,0.087225,9.765782,0.007073,0.016324,0.026183,0.079680,0.076247,0.099950,0.022834,STANDING
0.040547,-0.012736,9.575562,-0.001274,0.006067,0.036913,0.122913,0.151512,0.110118,0.020838,STANDING
0.090433,0.146550,9.686378,0.009869,0.010912,0.011560,0.047155,0.042753,0.123991,0.024659,STANDING
0.029266,0.035107,9.794506,-0.002478,0.000384,0.005956,0.091567,0.050863,0.173350,0.013638,STANDING
0.068819,0.134527,9.708622,0.014157,0.012201,0.014205,0.026891,0.071179,0.119217,0.021263,STANDING
-0.000945,0.159867,9.770016,0.007050,0.008306,0.018200,0.078310,0.100736,0.089866,0.035617,STANDING
-0.006609,0.056225,9.673154,0.003709,0.024105,0.003272,0.100486,0.062870,0.049480,0.019792,STANDING
0.081890,0.020010,9.739193,-0.009884,0.013991,0.007829,0.064579,0.134240,0.111124,0.043530,STANDING
-0.067641,0.017934,9.689833,0.003726,0.017626,0.004961,0.114410,0.077180,0.071067,0.013878,STANDING
0.072937,0.116846,9.751796,-0.000484,0.026367,0.016579,0.034792,0.107743,0.098528,0.009801,STANDING
0.048677,-0.032673,9.752452,0.003056,0.029290,-0.010436,0.073357,0.085551,0.078229,0.010369,STANDING
-0.041075,0.061907,9.653707,-0.002771,0.005312,0.000360,0.062653,0.078806,0.116495,0.015297,STANDING
0.076023,0.075209,9.645458,-0.001697,0.031880,0.016387,0.149251,0.096923,0.080672,0.024230,STANDING
0.103676,0.017833,9.751465,0.002578,0.010499,-0.005912,0.078510,0.112176,0.106657,0.035076,STANDING
0.055339,0.021971,9.567616,0.017083,0.009047,0.023105,0.087299,0.043572,0.080933,0.008875,STANDING
-0.007203,-0.023461,9.637431,0.014238,0.020448,0.011469,0.110440,0.090904,0.065565,0.012554,STANDING
0.090622,0.067611,9.532753,0.020707,-0.008905,0.005239,0.079938,0.085005,0.039378,0.009395,STANDING
0.015077,0.003691,9.663739,0.007785,0.011239,0.026831,0.081103,0.107453,0.177790,0.021803,STANDING
0.044734,0.034957,9.612280,-0.005454,0.014701,0.004386,0.115527,0.095372,0.098505,0.002954,STANDING
-0.020217,0.030581,9.827473,0.036634,0.013475,-0.004279,0.103517,0.095820,0.154962,0.021301,STANDING
0.081245,-0.000090,9.791691,0.013817,0.022155,0.003598,0.085170,0.141699,0.131022,0.017654,STANDING
-0.027195,-0.055164,9.705221,0.005564,0.018433,0.002564,0.104771,0.076524,0.098421,0.028584,STANDING
0.085734,0.113950,9.521692,-0.010022,0.009887,0.012116,0.032833,0.006256,0.059718,0.010293,STANDING
-0.067161,0.043241,9.800065,0.016085,0.016254,0.017418,0.099098,0.091738,0.162569,-0.003386,STANDING
0.107256,0.043506,9.849363,0.003597,-0.005308,0.022003,0.068966,0.066208,0.079334,0.026939,STANDING
0.063878,0.073438,9.708578,-0.010569,0.002100,0.018635,0.063685,0.107199,0.027141,0.014175,STANDING
0.061342,0.043468,9.779427,0.007930,0.020877,0.013551,0.050586,0.071510,0.039298,0.035468,STANDING
0.088270,-0.013950,9.509655,0.000415,0.019929,0.019319,0.097807,0.095966,0.084170,0.027028,STANDING
0.023968,0.136826,9.709335,0.007049,-0.002721,0.007892,0.127268,0.065508,0.123093,0.010582,STANDING
-0.014571,0.076000,9.810572,0.008027,0.005834,0.009191,0.099073,0.103240,0.124641,0.018113,STANDING
0.158192,-0.016181,9.689050,0.003691,0.001975,0.018651,0.081043,0.021462,0.143256,0.018371,STANDING
0.001471,0.088423,9.595099,0.001429,0.018051,0.025676,0.058150,0.066619,0.131257,0.002919,STANDING
0.146128,0.135375,9.698145,0.007711,0.020422,0.004899,0.056837,0.077034,0.111107,0.022828,STANDING
0.088035,0.023104,9.641738,0.011801,0.018793,0.002736,0.083672,0.099235,0.151583,0.030053,STANDING
0.099540,0.040974,9.686271,0.031935,0.011705,0.014105,0.120569,0.040937,0.128766,0.022834,STANDING
-0.014102,0.081512,9.808412,0.016423,0.007771,0.015172,0.060506,0.051336,0.084119,0.032504,STANDING
0.036485,0.108147,9.706449,-0.005085,0.011610,0.022466,0.117066,0.045000,0.090901,0.023685,STANDING
0.043252,-0.000510,9.721945,0.008518,0.011752,0.009630,0.086726,0.127400,0.119204,0.032191,STANDING
-0.023519,0.070806,9.899344,-0.001310,0.014738,0.005895,0.085425,0.106823,0.130516,0.005456,STANDING
0.119575,0.052063,9.703734,-0.002122,0.005984,0.010547,0.110990,0.082057,0.029112,0.010593,STANDING
0.088046,-0.013568,9.745358,0.017427,0.006680,0.006137,0.067331,0.101514,0.145932,0.026716,STANDING
0.001064,-0.037414,9.607755,0.015946,0.016757,-0.015766,0.088128,0.120442,0.095083,0.017976,STANDING
0.021845,0.044199,9.463138,0.006606,0.014945,0.006161,-0.009457,0.076324,0.084275,0.019585,STANDING
0.023348,0.089532,9.633044,0.010406,0.003685,-0.013503,0.045107,0.086956,0.128538,0.014098,STANDING
0.084472,0.079813,9.639812,-0.002403,0.013712,0.010982,0.087561,0.083495,0.063493,0.022891,STANDING
0.141954,0.064343,9.585298,0.009328,0.019509,0.012289,0.100636,0.083588,0.119220,0.015071,STANDING
0.028689,0.025542,9.816209,-0.003239,0.029314,0.025606,0.167853,0.105885,0.091601,0.020379,STANDING
0.131683,0.084675,9.585284,0.002471,0.032486,0.014447,0.112305,0.108377,0.088396,0.022482,STANDING
0.049574,0.063134,9.791953,0.010070,0.013327,0.005783,0.024579,0.132338,0.117607,0.013671,STANDING
0.091891,0.086701,9.654432,0.009572,0.004304,0.001041,0.069403,0.073188,0.081830,0.015983,STANDING
0.085166,0.107776,9.583972,0.022742,0.013024,0.014202,0.081969,0.092704,0.095838,0.014255,STANDING
0.015856,0.025367,9.773658,0.021842,0.021125,0.013077,0.041890,0.112856,0.133070,0.026178,STANDING
0.093756,0.113571,9.613043,-0.006452,0.015686,0.015571,0.058414,0.063214,0.077870,0.015457,STANDING
0.033228,0.087962,9.563458,0.014411,0.019351,0.000484,0.057447,0.062134,0.076787,0.025192,STANDING
0.074160,0.049180,9.835867,0.025362,0.008232,-0.001972,0.077515,0.142377,0.058860,0.024929,STANDING
0.101393,0.039046,9.615211,0.001007,0.007281,0.002675,0.136956,0.097384,0.095069,0.030848,STANDING
0.019265,0.071782,9.546017,0.007656,0.011533,0.008606,0.133696,0.072815,0.119527,0.009516,STANDING
0.028418,0.088928,9.657597,0.015003,-0.002280,-0.006120,0.072136,0.111551,0.065190,0.010023,STANDING
0.025868,0.010391,9.725785,0.004897,0.012762,0.028189,0.096937,0.066351,0.074501,0.006752,STANDING
0.081928,-0.000098,9.641469,0.001127,0.020443,0.020352,0.137228,0.124603,0.086008,0.025754,STANDING
0.008784,-0.003623,9.948721,0.012111,0.024292,0.018053,0.116823,0.114173,0.085822,0.012610,STANDING
-0.022697,0.031917,9.568017,0.013302,-0.002361,0.013986,0.048151,0.046059,0.176922,0.025513,STANDING
0.002568,0.066449,9.589274,-0.005287,0.002103,0.010792,0.114712,0.105524,0.148310,0.025123,STANDING
0.067747,0.012427,9.726807,0.019232,0.016380,0.019875,0.051343,0.131874,0.061677,0.023765,STANDING
0.128362,-0.011098,9.633545,0.007590,0.037025,0.012457,0.090677,0.038335,0.077746,0.012812,STANDING
0.050178,0.101081,9.588144,-0.004772,0.034114,0.027114,0.098965,0.101037,0.088914,0.021633,STANDING
-0.038249,0.081864,9.880421,-0.001548,0.012441,0.023896,0.056211,0.070380,0.086250,0.033213,STANDING
0.052271,0.031730,9.793918,0.010689,-0.006531,0.014306,0.098086,0.082547,0.122048,0.023882,STANDING
0.045282,0.039521,9.534736,0.009002,0.026300,-0.002031,0.049842,0.051435,0.110368,0.028822,STANDING
0.095286,0.092530,9.723949,-0.006695,0.003754,0.029430,0.170162,0.047123,0.128589,0.016882,STANDING
-0.026841,0.057941,9.656507,0.003104,0.003860,0.006242,0.069248,0.058541,0.127394,0.043456,STANDING
0.039176,0.018581,9.644803,0.007139,0.009594,0.000050,0.081814,0.075486,0.114561,0.016423,STANDING
0.133127,0.070513,9.787364,0.013573,-0.010342,-0.002590,0.106781,0.084220,0.092968,0.022013,STANDING
-0.007687,-0.021884,9.884466,0.008665,0.005507,-0.009845,0.077834,0.097348,0.119685,0.023702,STANDING
0.085115,-0.014470,9.756326,0.005488,0.008610,0.005952,0.101780,0.102765,0.032148,0.018147,STANDING
0.047001,0.150607,9.785213,-0.000674,0.011135,0.014005,0.039006,0.088624,0.073683,0.025439,STANDING
0.012362,0.091149,9.536277,0.028003,0.004060,-0.010929,0.067741,0.014757,0.124583,0.025809,STANDING
-0.025561,0.068332,9.759072,-0.013710,0.014873,0.004782,0.053872,0.040581,0.096433,0.024248,STANDING
0.014995,0.081314,9.780525,-0.005781,0.019405,0.017281,0.061127,0.075893,0.096908,0.002991,STANDING
0.153863,0.130337,9.650635,0.008938,0.018298,-0.005601,0.103354,0.082207,0.103244,0.008401,STANDING
0.091062,0.060793,9.756403,0.010040,0.022700,0.011077,0.144924,0.055905,0.152234,0.035188,STANDING
0.034641,0.016428,9.838375,0.014678,0.004313,-0.001468,0.094772,0.162832,0.086795,0.022980,STANDING
0.099135,0.053180,9.762012,-0.007049,0.015816,0.000986,0.050657,0.030258,0.090417,0.021323,STANDING
0.040195,-0.010906,9.734829,0.014095,0.011521,0.006800,0.110944,0.120460,0.096875,0.038049,STANDING
-0.013949,-0.012868,9.695339,0.007761,0.009131,0.004997,0.030159,0.087308,0.110079,0.017323,STANDING
-0.015168,0.025749,9.807330,-0.000242,-0.000671,0.015485,0.029060,0.145172,0.052023,0.031658,STANDING
0.008878,-0.018912,9.699450,0.004020,0.024742,0.019355,0.066573,0.058698,0.101457,0.010048,STANDING
0.021415,0.011430,9.674525,0.002451,0.004968,-0.002935,0.037233,0.122358,0.072821,0.036388,STANDING
0.095622,0.072478,9.623059,0.015371,0.028772,0.011042,0.042463,0.068903,0.140927,0.009129,STANDING
0.039748,0.063807,9.711290,-0.000752,0.012156,0.014510,0.156506,0.109290,0.080947,0.028917,STANDING
0.149429,0.116649,9.886328,0.023650,-0.008780,0.003546,0.053344,0.103001,0.068760,0.029242,STANDING
0.027427,0.054090,9.668359,0.017036,0.025982,0.016510,0.078081,0.037952,0.056317,0.003243,STANDING
0.080766,0.111955,9.670408,0.014411,0.019022,0.018197,0.136789,0.103259,0.119654,0.033545,STANDING
0.114869,0.087376,9.764469,0.011077,0.016707,0.005989,0.100596,0.138118,0.068325,0.008376,STANDING
0.122389,0.100535,9.423906,0.020757,0.010764,0.002021,0.056621,0.064044,0.090115,0.002988,STANDING
0.051711,0.063967,9.877193,0.009240,0.013751,0.011249,0.027075,0.066713,0.091192,0.025470,STANDING
0.068770,-0.055485,9.892561,0.002430,0.007548,0.020275,0.088908,0.077197,0.044014,0.007269,STANDING
0.114648,0.061722,9.634247,0.023562,0.011933,0.006674,0.053904,0.038153,0.120997,0.012358,STANDING
-0.033895,0.088091,9.443027,-0.002875,0.008583,0.023225,0.121986,0.075869,0.099559,0.036764,STANDING
0.037063,0.048315,9.762143,0.013470,-0.004538,0.009934,0.124132,0.070583,0.073237,0.004240,STANDING
0.110505,0.118164,9.646720,0.005406,0.016388,0.022730,0.063194,0.048830,0.073550,0.040927,STANDING
-0.002153,0.076036,9.780895,0.009695,0.023793,0.007077,0.069672,0.098782,0.159759,0.000662,STANDING
0.016847,0.042816,9.662949,0.012059,-0.000681,0.003758,0.082371,0.057341,0.064508,0.015874,STANDING
0.014196,-0.016026,9.676857,0.036223,0.004314,0.036748,0.073415,0.069974,0.108904,0.019083,STANDING
0.045547,0.089547,9.467859,0.001473,0.028390,0.026670,0.049394,0.074649,0.132556,0.035956,STANDING
0.042165,0.160587,9.748158,0.002675,0.017045,0.025157,0.149116,0.073253,0.051529,0.038277,STANDING
0.078111,0.083948,9.740155,-0.003072,0.006147,-0.010698,0.097459,0.034358,0.110089,0.017820,STANDING
-0.043151,0.108886,9.554466,0.001622,0.014325,0.017796,0.109569,0.063944,0.113327,0.035547,STANDING
-0.000949,0.095359,9.772907,0.021905,0.002253,-0.002052,0.050693,0.049525,0.079957,0.031777,STANDING
0.212191,0.041085,9.910530,0.024098,0.011644,0.014934,0.107839,0.084585,0.087598,0.015673,STANDING
-0.008379,0.097258,9.612830,-0.015833,0.014364,-0.002954,0.056407,0.092705,0.122693,0.015889,STANDING
0.056733,0.140444,9.729920,0.014220,0.002753,0.007144,0.082233,0.102528,0.083253,0.027168,STANDING
0.062772,-0.018434,9.703001,-0.005187,0.015725,-0.007079,0.052207,0.122468,0.049468,0.007393,STANDING
-0.058159,0.032985,9.612503,-0.001331,-0.001152,0.011562,0.071080,0.055318,0.095930,0.005880,STANDING
0.155574,0.093467,9.748977,0.012065,0.004087,0.005416,0.059640,0.116855,0.090998,0.017145,STANDING
0.006242,0.031881,9.681684,0.013384,0.011669,0.018317,0.066295,0.126733,0.132280,0.019395,STANDING
-0.003939,0.063723,9.837865,-0.015932,-0.004382,-0.000683,0.057010,0.089167,0.142211,0.026679,STANDING
0.053600,0.127196,9.681542,0.018313,0.020226,0.005964,0.075975,0.077754,0.160507,0.034574,STANDING
-0.019181,-0.034615,9.613194,0.011193,0.020992,-0.001309,0.055412,0.049804,0.098713,0.015947,STANDING
-0.034384,-0.016396,9.726995,0.008241,-0.002121,0.015903,0.049977,0.036746,0.132861,0.005887,STANDING
0.047287,0.111275,9.639665,0.014652,0.006950,-0.007596,0.093547,0.101467,0.131604,0.027580,STANDING
0.078743,-0.046703,9.853528,-0.016685,0.006474,-0.010951,0.041139,0.119794,0.041202,0.026447,STANDING
-0.054524,0.089219,9.813622,0.008286,0.016787,0.002541,0.061418,0.087666,0.046487,0.031565,STANDING
0.052836,0.184276,9.769578,0.006292,-0.013943,0.010516,0.054540,0.076315,0.091942,0.018837,STANDING
0.062581,0.182474,9.802847,0.021941,0.034313,0.026319,0.075118,0.074491,0.136220,0.015711,STANDING
0.080271,0.076483,9.698274,-0.000658,0.009398,0.033208,0.073803,0.027124,0.078618,0.026741,STANDING
0.030265,-0.042439,9.717078,0.025170,0.018443,0.015038,0.066853,0.095667,0.171506,0.022053,STANDING
0.056948,0.116654,9.761181,0.014202,0.010348,0.014202,0.076595,0.094913,0.103416,0.010839,STANDING
0.135073,0.028404,9.853791,-0.007322,0.011122,0.010437,0.074954,0.068061,0.117066,0.036746,STANDING
0.007636,0.005116,9.691494,0.017222,0.025214,0.019969,0.083662,0.106488,0.104900,0.022446,STANDING
0.071922,0.059816,9.887026,0.014828,0.014510,0.011215,0.152609,0.081028,0.103507,0.011024,STANDING
0.045541,0.057827,9.507458,0.013947,0.011504,0.004729,0.037292,0.051786,0.114067,0.019568,STANDING
0.094956,-0.030984,9.661772,0.010447,-0.005750,0.001253,0.010711,0.103018,0.125245,0.017188,STANDING
-0.010208,0.036727,9.562041,0.011648,0.007607,-0.000147,0.039043,0.054498,0.157513,-0.000528,STANDING
0.052924,0.031868,9.775031,0.016482,0.043588,0.010207,0.069590,0.074079,0.094717,0.025288,STANDING
0.018642,0.024673,9.799404,-0.008272,0.023947,-0.006822,0.101452,0.088917,0.060279,0.033201,STANDING
0.081982,0.061860,9.659263,0.012112,0.024597,0.009193,0.092896,0.054840,0.108295,0.035988,STANDING
0.039924,0.031162,9.750558,0.017473,0.009939,0.028187,0.118689,0.070771,0.083266,0.036276,STANDING
0.193508,0.095764,9.532428,-0.009481,0.010314,0.025888,0.120636,0.092933,0.103157,0.016735,STANDING
0.060143,0.078257,9.814016,0.004260,0.028070,0.009804,0.068213,0.083284,0.092332,0.021103,STANDING
0.133992,0.086249,9.595357,0.013346,0.008478,0.011265,0.096220,0.062289,0.052248,0.016419,STANDING
0.312840,0.179776,9.633176,-0.018025,0.033868,0.133240,0.517120,0.235326,0.578709,0.074275,WALKING
0.088124,0.104094,9.686954,0.048328,0.043130,0.035555,0.321764,0.423280,0.484057,0.078716,WALKING
0.281671,0.614544,9.162650,0.043991,0.061274,0.065483,0.379445,0.384727,0.494625,0.084968,WALKING
0.539860,0.509442,9.583887,0.037642,0.101221,0.064145,0.355145,0.407924,0.511525,0.073255,WALKING
0.433002,0.234477,9.685194,0.018980,0.078380,0.109814,0.428682,0.291844,0.657699,0.118831,WALKING
0.333351,0.174812,9.304618,0.046172,0.037477,0.090802,0.446703,0.373741,0.499503,0.074872,WALKING
0.758943,0.228485,9.739348,0.068088,0.030599,0.062215,0.340546,0.562646,0.761135,0.058715,WALKING
0.368515,0.472041,9.524722,0.022260,0.055767,0.094016,0.440603,0.430123,0.431952,0.126521,WALKING
0.310505,0.269701,9.364966,0.025464,0.022552,0.009076,0.439036,0.435110,0.287341,0.096476,WALKING
0.366866,0.114919,9.237438,0.042480,0.095293,0.063111,0.400801,0.486298,0.559221,0.118502,WALKING
0.458894,0.263620,9.664038,0.131304,0.071742,0.050268,0.294185,0.450522,0.929835,0.115405,WALKING
0.879035,0.067281,9.311961,0.041126,0.019649,0.077993,0.388041,0.254886,0.563286,0.113822,WALKING
0.714638,0.468071,8.959703,0.085558,0.036854,0.067319,0.305470,0.451010,0.310318,0.068702,WALKING
0.316137,0.135321,9.626737,0.040899,0.034659,0.086991,0.385713,0.347900,0.382552,0.112403,WALKING
0.200822,0.453431,9.629845,0.035816,0.062128,0.031091,0.507019,0.325840,0.719078,0.078855,WALKING
0.874160,0.182837,8.929178,0.097026,-0.004629,0.081584,0.100397,0.322274,0.471957,0.070829,WALKING
0.435449,0.196533,9.328681,0.056833,-0.004096,0.139474,0.561192,0.313988,0.343883,0.130225,WALKING
0.567478,0.342402,9.554565,0.048817,0.053226,0.130833,0.439639,0.535028,0.370376,0.116536,WALKING
0.531328,0.391895,9.577141,0.032874,0.049077,0.024275,0.428028,0.370743,0.598234,0.087672,WALKING
-0.010545,0.480557,9.543846,0.051234,0.052262,0.139177,0.410619,0.354556,0.524676,0.069244,WALKING
0.295565,0.045878,9.422039,0.063754,0.046482,0.049276,0.461862,0.402334,0.632194,0.119253,WALKING
0.436749,0.247764,9.416293,0.045654,0.063287,0.103635,0.197913,0.283312,0.652820,0.106101,WALKING
0.201510,0.471671,9.134197,0.088387,0.070934,0.029987,0.463609,0.489407,0.548682,0.117606,WALKING
0.620387,0.661453,9.937692,0.062464,0.078150,0.068109,0.429202,0.242470,0.502644,0.125741,WALKING
0.165891,0.225614,9.526260,0.027661,0.095207,0.088594,0.451562,0.604458,0.701033,0.104450,WALKING
0.706053,0.591104,9.694502,0.031619,0.078391,0.097570,0.385767,0.369402,0.608921,0.138719,WALKING
0.596900,0.537463,9.023108,0.032752,0.041639,0.135244,0.305723,0.458280,0.408421,0.095431,WALKING
0.504795,0.051282,9.405487,0.035796,0.083457,0.088748,0.380030,0.486495,0.501273,0.088348,WALKING
0.765889,0.257575,9.676455,0.065582,0.053756,0.088271,0.319734,0.423217,0.629061,0.105170,WALKING
0.110831,0.301287,9.228620,0.018831,0.035568,0.100879,0.504629,0.324658,0.466967,0.142155,WALKING
0.136131,0.323811,8.779861,0.047874,0.061320,0.085248,0.238507,0.358580,0.682483,0.112029,WALKING
0.981940,0.467675,9.272054,0.045468,0.065614,0.082198,0.161563,0.376185,0.270385,0.146396,WALKING
0.923350,0.357093,9.142585,0.021091,0.102036,0.090223,0.390252,0.594744,0.777059,0.114201,WALKING
0.478112,0.716801,9.762465,0.034040,0.075066,0.114272,0.301240,0.423344,0.490116,0.121046,WALKING
0.159303,0.115903,9.591895,0.012444,0.051045,0.052501,0.391072,0.374414,0.600036,0.101046,WALKING
0.249401,0.443396,9.529437,0.048198,0.033494,0.083716,0.323090,0.365092,0.465053,0.062426,WALKING
0.670622,0.035482,9.403629,0.028162,0.096093,0.091056,0.543233,0.375047,0.754676,0.092718,WALKING
0.606463,0.051688,9.777932,-0.004081,0.084134,0.083813,0.465064,0.387156,0.482404,0.101684,WALKING
0.848123,0.252447,9.299788,0.026486,0.013525,0.071202,0.373557,0.510225,0.433023,0.139014,WALKING
0.955329,0.299715,9.239076,-0.004791,0.037203,0.135721,0.457943,0.381958,0.539456,0.031987,WALKING
0.343255,0.312630,9.513265,0.053396,0.090442,0.097172,0.119047,0.567854,0.323866,0.090504,WALKING
0.760291,0.119851,9.894834,0.060825,0.075488,0.087739,0.255785,0.310645,0.519323,0.088515,WALKING
-0.013929,0.308206,9.183174,0.064872,-0.003698,0.123476,0.383713,0.474912,0.518599,0.111763,WALKING
0.957785,0.214381,9.720263,0.050050,0.022769,0.088546,0.340260,0.327741,0.500997,0.107612,WALKING
0.413785,0.576355,9.147696,0.138188,0.035171,0.096983,0.468853,0.356902,0.644553,0.099498,WALKING
0.350947,0.213866,9.760950,0.075730,0.111380,0.060097,0.263505,0.440603,0.662110,0.106600,WALKING
0.458935,0.347261,9.547503,0.045788,0.055049,0.139209,0.390770,0.548441,0.622674,0.086339,WALKING
0.385083,-0.145867,9.944003,0.045710,0.029872,0.018009,0.285679,0.478577,0.514089,0.054056,WALKING
0.270351,-0.061916,9.390880,0.104063,0.083154,0.113632,0.358699,0.383400,0.488778,0.108849,WALKING
0.643972,0.407674,9.391687,0.078610,0.016264,0.044795,0.452803,0.423238,0.259416,0.067290,WALKING
0.639601,0.622041,9.127451,0.021251,0.017241,0.059659,0.404586,0.464213,0.498046,0.069767,WALKING
0.714727,0.078660,9.595735,0.052255,0.054627,0.040437,0.359816,0.554881,0.598275,0.121132,WALKING
0.385297,-0.233686,9.965450,-0.001730,0.049411,0.072074,0.346088,0.286504,0.477151,0.071410,WALKING
0.812734,0.334518,9.637546,0.038998,0.076433,0.088055,0.389877,0.548670,0.616571,0.114927,WALKING
0.518130,0.524725,9.987457,0.108909,0.047593,0.061282,0.352478,0.359543,0.580898,0.085332,WALKING
0.494478,-0.120817,9.653034,0.073568,0.032560,0.051027,0.307006,0.467487,0.476801,0.133844,WALKING
0.287530,0.040876,9.390085,0.070748,0.018121,0.019307,0.445783,0.486317,0.528111,0.091602,WALKING
0.188775,0.174716,9.335729,0.039452,0.060917,0.114240,0.447530,0.373143,0.669218,0.118053,WALKING
0.696395,0.213041,9.176646,0.044656,0.030102,0.105320,0.229429,0.310762,0.715289,0.097403,WALKING
0.354792,0.539990,9.541854,0.085964,0.074920,0.091333,0.234590,0.260339,0.748494,0.190790,WALKING
0.337778,0.301089,9.216370,0.063998,0.063861,0.109443,0.226352,0.495136,0.608002,0.118232,WALKING
0.668618,0.020618,9.425010,0.079301,0.048993,0.108339,0.409562,0.216064,0.210102,0.059022,WALKING
0.572149,0.235326,9.043524,0.079948,0.019704,0.002452,0.435422,0.389820,0.279010,0.087879,WALKING
0.645177,0.597857,9.292320,0.033199,0.038322,0.060818,0.323411,0.263650,0.635707,0.065759,WALKING
0.440955,0.436582,9.394409,0.071176,0.053452,0.098488,0.321138,0.359042,0.396807,0.087789,WALKING
0.640858,0.083181,9.401502,0.009253,0.073928,0.105748,0.385873,0.412313,0.607811,0.121323,WALKING
0.471507,0.512139,9.603804,0.051010,0.050559,0.126741,0.461514,0.323393,0.649583,0.075073,WALKING
0.377299,0.353223,9.243772,0.022768,0.053410,0.039539,0.729437,0.486852,0.484493,0.106352,WALKING
0.253000,0.287400,9.541430,0.030319,0.065867,0.037904,0.318887,0.403734,0.547534,0.059486,WALKING
0.451689,0.131867,9.104296,0.041675,0.043651,0.073461,0.227501,0.402567,0.706371,0.042086,WALKING
0.434250,0.411798,9.729390,0.071444,0.062469,0.097591,0.486651,0.392018,0.361823,0.137566,WALKING
0.399787,-0.026631,9.600629,0.085471,0.100226,0.127105,0.249686,0.441048,0.397009,0.142018,WALKING
0.311509,-0.001594,9.082870,0.054377,0.029755,0.101625,0.566113,0.300155,0.413101,0.112197,WALKING
0.268727,0.237555,9.353253,0.109851,0.036947,0.064538,0.346994,0.397411,0.487450,0.090582,WALKING
0.079616,0.330231,9.861987,0.110904,0.051076,0.107152,0.448610,0.416895,0.342813,0.095173,WALKING
0.530341,0.213987,9.802631,0.074313,0.025916,0.110003,0.287249,0.428844,0.657451,0.118181,WALKING
0.581397,0.604660,9.787081,0.093722,0.026556,0.050681,0.359667,0.674835,0.544288,0.119919,WALKING
0.649986,0.210737,9.140069,0.004166,0.011977,0.078754,0.425467,0.480731,0.535358,0.098903,WALKING
0.376898,0.441333,9.769685,0.073785,0.085690,0.113369,0.489468,0.294314,0.511647,0.098076,WALKING
0.594559,0.119011,9.174680,0.042577,0.052502,0.031841,0.320138,0.491386,0.806967,0.100715,WALKING
0.449201,0.106744,9.385339,0.057037,0.034769,0.043817,0.662184,0.442229,0.693975,0.108593,WALKING
0.715586,-0.106527,9.328992,0.082019,0.026602,0.071789,0.340864,0.417032,0.442256,0.053494,WALKING
0.703285,0.159147,9.956094,0.066476,0.089383,0.103597,0.587556,0.349298,0.508839,0.094218,WALKING
0.675822,0.670270,9.005768,0.019122,0.038781,0.075059,0.252280,0.391447,0.720192,0.071373,WALKING
0.705376,0.339335,9.894662,0.091303,0.043106,0.107445,0.286808,0.393326,0.427852,0.082571,WALKING
0.331470,0.444960,9.845207,0.089147,0.037322,0.079752,0.358559,0.399949,0.838974,0.085669,WALKING
0.591621,0.045177,9.495627,0.042951,0.062898,0.049240,0.410312,0.500726,0.453418,0.119702,WALKING
0.541391,0.291441,9.931539,0.049273,0.013823,0.083320,0.297279,0.486495,0.561584,0.145462,WALKING
0.612800,0.314816,9.491851,0.065572,0.049011,0.053038,0.340345,0.456471,0.669316,0.127856,WALKING
0.242655,0.037883,9.833775,0.028219,0.091839,0.123880,0.335651,0.464185,0.602368,0.067775,WALKING
0.700548,0.702343,9.303258,0.073248,0.026869,0.052206,0.362696,0.426523,0.427411,0.136615,WALKING
0.170562,0.428557,9.317039,0.044829,0.059609,0.086462,0.502192,0.405656,0.747311,0.114934,WALKING
0.349818,0.674381,9.701735,0.061387,0.061678,0.084811,0.543851,0.393068,0.727315,0.098266,WALKING
0.533246,0.306338,9.635477,0.055788,0.062072,0.037832,0.360261,0.345619,0.390070,0.150124,WALKING
0.432779,0.494276,8.969278,0.064069,0.084780,0.057038,0.511223,0.229293,0.392109,0.134181,WALKING
0.761401,0.689073,9.584788,0.056935,0.064015,0.058999,0.398051,0.432164,0.279866,0.100179,WALKING
0.721517,0.500382,9.387695,0.102734,0.111542,0.064909,0.345810,0.403900,0.607713,0.070531,WALKING
0.475997,0.375306,9.346412,0.091352,0.005924,0.092712,0.282203,0.355567,0.071778,0.100125,WALKING
0.311183,0.342214,9.633012,0.061160,0.009885,0.113228,0.267697,0.374559,0.360357,0.123268,WALKING
0.521271,0.218397,9.525551,0.037694,-0.000201,0.055118,0.444101,0.526218,0.453637,0.097783,WALKING
0.779859,0.293045,8.854658,0.055038,0.045380,0.063685,0.420358,0.399624,0.479309,0.039798,WALKING
0.422656,0.394556,9.396624,0.077953,0.027415,0.047075,0.388938,0.592344,0.556632,0.064960,WALKING
0.774053,0.452713,9.405478,0.051840,0.085348,0.053528,0.437734,0.448002,0.537086,0.082597,WALKING
0.024064,0.125359,9.372901,0.067739,0.044764,0.088633,0.404175,0.318549,0.492030,0.097751,WALKING
-0.100126,0.111237,9.620555,0.066293,0.052234,0.051569,0.473990,0.453773,0.667431,0.051360,WALKING
0.586163,0.392840,9.814627,0.043166,0.065178,0.015658,0.289712,0.454713,0.449764,0.122241,WALKING
0.121610,0.057619,9.381474,0.069075,-0.001479,0.082191,0.322290,0.384600,0.689294,0.082538,WALKING
0.746350,0.529032,9.150235,0.044537,0.063737,0.113059,0.274556,0.302093,0.864307,0.172389,WALKING
0.609324,-0.173910,9.197450,0.056027,0.054238,0.097973,0.167620,0.254614,0.623224,0.085438,WALKING
0.538524,-0.108540,9.529928,0.058034,0.036150,0.095621,0.272870,0.433459,0.434670,0.097179,WALKING
0.731746,0.111916,9.534845,0.010735,0.011109,0.108158,0.178240,0.456188,0.467776,0.098070,WALKING
0.274517,0.317509,10.178539,0.048513,0.062775,0.071924,0.356727,0.284709,0.204493,0.091732,WALKING
0.689376,0.481279,9.791501,0.033024,0.012405,0.096070,0.363342,0.450192,0.590939,0.102884,WALKING
0.168122,0.563760,8.947568,0.095711,0.054248,0.028913,0.503634,0.353949,0.448742,0.137740,WALKING
0.811182,0.448433,9.326004,0.031766,0.040667,0.116618,0.409471,0.300237,0.323789,0.091726,WALKING
0.341105,0.251078,10.450657,0.038753,0.101439,0.103306,0.511984,0.472778,0.701224,0.086569,WALKING
0.566212,0.037350,9.467541,0.034058,0.036043,0.095459,0.572617,0.446771,0.572805,0.107013,WALKING
0.745218,0.291850,9.591688,0.019071,0.046263,0.045776,0.446709,0.458702,0.532988,0.092932,WALKING
0.614482,-0.228821,9.742701,0.085015,0.031228,0.121327,0.305482,0.505507,0.500884,0.079412,WALKING
0.684124,0.226560,9.739197,0.068829,0.029954,0.087268,0.361885,0.424087,0.475091,0.138953,WALKING
0.815885,0.151285,9.489246,0.043631,0.050129,0.100346,0.311413,0.495366,0.633046,0.000868,WALKING
0.604360,0.312476,9.432111,0.008146,-0.006769,0.121956,0.482475,0.286448,0.501281,0.117092,WALKING
0.556659,0.295305,9.341599,0.038166,0.006745,0.093541,0.449682,0.424342,0.656452,0.118920,WALKING
0.419054,0.391967,9.570908,0.048116,0.055442,0.065524,0.530731,0.388470,0.680481,0.087414,WALKING
0.594147,0.112499,9.173232,0.099353,0.101035,0.044240,0.423978,0.362597,0.549023,0.119304,WALKING
0.477183,-0.089157,9.088202,0.096596,0.114294,0.059204,0.464717,0.472217,0.329483,0.108230,WALKING
0.216212,0.374708,8.882753,0.100398,0.037140,0.086799,0.265480,0.468967,0.566284,0.112147,WALKING
0.476161,0.197622,9.582461,0.050118,0.003410,0.051158,0.441254,0.460528,0.659838,0.115862,WALKING
0.539384,0.287659,9.144269,0.012288,-0.023511,0.147938,0.425160,0.437357,0.459497,0.083829,WALKING
0.289352,0.142337,9.325894,0.018174,0.042493,0.060536,0.509678,0.481416,0.765946,0.173321,WALKING
0.263940,0.673059,9.337241,0.058910,0.038828,0.074385,0.392519,0.421606,0.538822,0.106326,WALKING
0.487046,0.183172,9.923606,0.047307,0.076506,0.064652,0.232181,0.416991,0.466747,0.119890,WALKING
0.716890,0.374664,9.808187,0.054760,0.071539,0.072182,0.122006,0.524642,0.688530,0.086464,WALKING
0.149641,0.490165,9.562344,0.031785,0.001584,0.096466,0.544628,0.415639,0.458467,0.148381,WALKING
0.112535,0.146695,8.960368,0.076315,0.035727,0.090343,0.268594,0.450866,0.468201,0.070839,WALKING
0.486001,0.232452,8.593951,0.053783,0.015419,0.115102,0.373133,0.380750,0.603019,0.107065,WALKING
0.534366,0.307400,9.622301,0.026704,-0.006794,0.101533,0.369532,0.352583,0.365461,0.127890,WALKING
0.285394,0.542060,9.373959,0.121422,0.042829,0.025581,0.552287,0.444447,0.452874,0.075985,WALKING
0.494797,0.192910,9.348295,0.051440,0.027756,0.092482,0.256020,0.456291,0.662478,0.105935,WALKING
0.493264,0.236772,8.656166,0.035980,0.037986,0.080376,0.492899,0.317719,0.518897,0.094899,WALKING
0.423160,0.537773,9.437695,0.063691,0.007402,0.107041,0.573442,0.407085,0.489815,0.111769,WALKING
0.253338,0.467844,9.407104,0.064030,0.058962,0.056582,0.395892,0.358588,0.297627,0.099614,WALKING
0.599430,0.169032,9.461861,0.042394,0.045295,0.089842,0.218144,0.409227,0.248791,0.140563,WALKING
0.268736,0.220702,9.379653,0.086888,0.014907,0.099875,0.557015,0.399638,0.587867,0.064172,WALKING
0.709765,0.463220,10.032663,0.096683,-0.000526,0.097845,0.290850,0.169948,0.311904,0.090430,WALKING
0.597466,0.307452,9.735593,0.085309,0.038080,0.035231,0.458051,0.283169,0.743150,0.072373,WALKING
0.554518,-0.050412,9.575164,0.046562,0.003571,0.092506,0.297010,0.407589,0.538917,0.105511,WALKING
0.741962,0.218895,9.789119,0.034570,0.000373,0.034909,0.373225,0.170997,0.665504,0.144148,WALKING
0.146233,0.299921,9.335993,0.066876,0.077515,0.073615,0.320929,0.399453,0.803547,0.099255,WALKING
0.554580,0.374667,9.578258,0.103888,0.049237,0.108994,0.495291,0.468791,0.453384,0.089514,WALKING
0.808733,0.306825,9.600894,0.071021,0.032916,0.102471,0.454573,0.556984,0.586177,0.096294,WALKING
0.819703,0.167336,8.979095,0.035545,0.026371,0.104359,0.214042,0.260640,0.663675,0.065976,WALKING
0.948811,0.413330,9.752059,0.054517,0.033505,0.099751,0.400601,0.422479,0.278825,0.118745,WALKING
0.220283,0.063372,9.496876,0.023234,0.076377,0.030277,0.562332,0.491626,0.588841,0.076373,WALKING
0.419236,0.457276,9.840132,0.083695,0.067139,0.071541,0.387670,0.286484,0.690574,0.081161,WALKING
0.547232,0.655489,9.210240,0.037857,0.081473,0.075381,0.214078,0.627766,0.591431,0.039819,WALKING
0.465272,0.737723,9.467926,0.076167,0.084153,0.104360,0.492980,0.400891,0.508407,0.099146,WALKING
0.396635,0.227731,9.446655,0.054741,0.065123,0.095952,0.546295,0.406226,0.573349,0.139848,WALKING
0.386117,0.340501,9.717064,0.040636,-0.006172,0.063635,0.327706,0.411366,0.626136,0.090419,WALKING
0.720344,0.120478,9.541129,0.042225,0.064120,0.021158,0.361429,0.384747,0.444754,0.139886,WALKING
0.587907,-0.042316,9.561584,0.090683,0.086354,0.071690,0.430754,0.368642,0.513035,0.108542,WALKING
0.624007,0.232752,9.748907,0.047570,0.058784,0.062490,0.367234,0.430667,0.431862,0.112873,WALKING
0.265461,0.354749,9.727950,0.063509,0.044666,0.071791,0.367809,0.401782,0.772240,0.113154,WALKING
0.527702,0.203585,9.433423,0.044768,0.089952,0.087056,0.496232,0.414410,0.702947,0.069624,WALKING
0.383321,0.503350,10.388962,0.079903,0.026646,0.122712,0.346233,0.418672,0.443895,0.087193,WALKING
0.796240,0.184524,9.562733,0.045485,0.020009,0.078378,0.161201,0.465114,0.379586,0.137363,WALKING
0.397602,0.196045,9.185589,0.087301,0.043913,0.066783,0.471818,0.504497,0.450345,0.102541,WALKING
0.572181,0.256041,9.659133,0.091410,0.027923,0.077103,0.543540,0.428100,0.358761,0.058119,WALKING
0.643475,0.215675,9.794003,0.061790,0.092837,0.079305,0.440904,0.341629,0.310537,0.067661,WALKING
0.249912,0.331190,9.227177,0.068493,0.028978,0.053261,0.170581,0.334176,0.664009,0.078606,WALKING
0.168630,0.475749,9.409153,0.008273,0.038337,0.092888,0.220755,0.292788,0.677594,0.068475,WALKING
0.462617,0.270242,9.626943,0.020330,0.013364,0.072810,0.524742,0.484958,0.619177,0.131199,WALKING
0.781197,0.179019,9.310574,0.079144,0.019890,0.068348,0.477324,0.437222,0.650478,0.137012,WALKING
0.459760,0.175893,9.958810,0.053061,0.102340,0.095467,0.520342,0.326046,0.425434,0.041496,WALKING
0.483384,0.121293,9.270068,0.061134,0.071614,0.089226,0.422955,0.396149,0.599757,0.149424,WALKING
0.561439,0.494570,9.405831,0.020682,0.093164,0.028046,0.403229,0.238193,0.400880,0.054017,WALKING
0.825456,0.225365,9.178177,0.068059,0.023383,0.083268,0.562367,0.549851,0.511212,0.098821,WALKING
0.658757,0.528386,9.416998,0.050950,0.029189,0.105328,0.527688,0.382845,0.395241,0.061640,WALKING
0.615347,-0.269301,9.407817,0.075116,0.032215,0.052503,0.361583,0.480306,0.692577,0.115485,WALKING
0.468782,0.183156,9.623537,0.015033,0.004980,0.031537,0.359602,0.359042,0.473869,0.120917,WALKING
0.347680,0.415749,9.186422,0.069394,0.085407,0.086600,0.286125,0.558052,0.619435,0.131429,WALKING
0.172724,0.354046,9.161635,0.030001,0.089619,0.057507,0.446280,0.593195,0.528819,0.083114,WALKING
0.396514,-0.124420,9.209865,0.080777,0.023266,0.043038,0.400699,0.507627,0.324914,0.117844,WALKING
0.583137,0.479240,9.722548,0.011729,0.060902,0.060446,0.519480,0.395700,0.595262,0.068831,WALKING
0.559217,0.307958,9.312522,0.076100,0.081661,0.043518,0.243145,0.376114,0.331908,0.125005,WALKING
0.593789,0.364146,9.473276,0.072556,0.027775,0.084431,0.486620,0.277919,0.464191,0.112108,WALKING
0.463061,0.405582,9.702481,0.053139,0.048695,0.041725,0.415888,0.399237,0.499730,0.081440,WALKING
0.484969,0.268244,9.302059,0.022108,0.068151,0.041645,0.457714,0.269331,0.485766,0.023946,WALKING
0.629842,0.626504,9.729724,0.058815,0.041991,0.066037,0.170453,0.473874,0.248371,0.091542,WALKING
0.452716,0.477524,9.570601,0.015426,0.063081,0.101445,0.259937,0.438140,0.499441,0.097683,WALKING
0.437551,0.612292,9.219652,0.062958,0.072994,0.095874,0.253029,0.408623,0.350158,0.109984,WALKING
0.358638,0.275102,9.684663,0.129491,0.069118,0.075032,0.296405,0.463634,0.587069,0.092289,WALKING
0.331957,0.048648,9.919877,0.032829,0.065316,0.028810,0.492259,0.538043,0.534909,0.120817,WALKING
0.317283,0.628203,9.733569,0.069301,0.016332,0.047951,0.289093,0.391156,0.567064,0.143224,WALKING
0.487813,0.292442,9.497577,0.024132,0.100531,0.046707,0.384795,0.315053,0.365720,0.114283,WALKING
0.472515,0.481910,9.609295,0.042154,0.030714,0.141516,0.347369,0.342016,0.504931,0.093966,WALKING
0.842641,0.016160,9.326579,0.009381,0.048120,0.048013,0.299069,0.278652,0.710750,0.052419,WALKING
0.278665,0.355192,9.356210,0.062082,0.041048,0.074503,0.427491,0.276149,0.651750,0.126654,WALKING
0.831429,-0.044357,9.691306,0.074601,0.028426,0.070630,0.454692,0.224652,0.213331,0.102079,WALKING
0.602932,0.098202,10.053905,0.054247,0.041921,0.040982,0.526618,0.376237,0.508846,0.130707,WALKING
0.752539,0.146031,9.590089,0.088374,0.065811,0.100885,0.376142,0.414474,0.387656,0.000399,WALKING
0.182459,0.302136,9.777093,0.043518,0.061917,0.056388,0.249489,0.455249,0.617413,0.114643,WALKING
0.552018,0.231833,9.380182,0.035376,0.058067,0.087292,0.516435,0.386450,0.468134,0.148301,WALKING
0.477724,0.179980,10.606382,0.047415,0.064938,0.034999,0.398062,0.365951,0.533441,0.131644,WALKING
0.548976,0.459206,9.275046,0.091532,0.042865,0.061702,0.359665,0.405028,0.318434,0.122072,WALKING
0.663584,0.296516,9.661682,-0.004759,0.027450,0.130179,0.444772,0.441886,0.678867,0.104243,WALKING
0.372116,0.170449,9.128891,0.081774,0.018062,0.138510,0.523308,0.406170,0.667716,0.109427,WALKING
0.329376,0.581877,9.769921,0.058653,0.093097,0.060754,0.337645,0.331405,0.499060,0.047504,WALKING
0.517299,0.183163,9.793205,0.072241,0.069470,0.050564,0.275315,0.233585,0.225886,0.095664,WALKING
0.610598,0.308499,9.143035,0.072892,0.052998,0.064287,0.326380,0.322366,0.464019,0.080236,WALKING
0.587507,0.388168,9.441237,0.062464,0.061021,0.084720,0.463516,0.399646,0.542804,0.098365,WALKING
0.375821,0.272750,9.156953,0.031476,0.090426,0.025709,0.392160,0.373148,0.593734,0.159728,WALKING
0.722206,0.077139,9.276029,0.075736,0.086841,0.074037,0.435893,0.466367,0.405447,0.070544,WALKING
0.523047,0.589112,9.200045,0.064465,0.031859,0.059069,0.552494,0.296238,0.785571,0.118920,WALKING
0.576092,0.156566,10.010676,0.043861,0.098714,0.093626,0.383173,0.301930,0.346946,0.100215,WALKING
0.558813,0.308978,9.439217,0.066162,0.027225,0.076161,0.286192,0.317365,0.423984,0.076113,WALKING
0.207436,0.369075,9.380429,0.109210,0.007588,0.072995,0.253595,0.262002,0.535444,0.107162,WALKING
0.320801,0.447546,10.158183,0.024828,0.115966,0.088988,0.492838,0.381766,0.389373,0.068411,WALKING
0.064377,0.111571,9.189782,0.046453,0.038606,0.024195,0.403036,0.466071,0.744340,0.110374,WALKING
0.431477,0.428353,9.339830,0.050533,0.052100,0.057401,0.258049,0.270393,0.298185,0.148986,WALKING
0.440096,0.516200,9.467591,0.022521,0.100374,0.052685,0.369234,0.447245,0.583534,0.123138,WALKING
0.700658,0.526610,9.406957,0.026980,0.053744,0.099393,0.403379,0.293538,0.315050,0.078855,WALKING
0.437180,0.704657,9.766279,0.065884,-0.018505,0.081678,0.324970,0.190733,0.641786,0.125028,WALKING
0.345563,0.250846,9.896472,0.044269,0.027803,0.068688,0.435829,0.605803,0.423507,0.077123,WALKING
0.592597,-0.002507,9.339852,0.066101,0.094156,0.085531,0.508297,0.493080,0.388512,0.107103,WALKING
0.517587,0.353762,8.792173,0.024833,0.061116,0.049758,0.343520,0.302389,0.772953,0.078420,WALKING
1.153124,0.012551,9.457929,0.071803,0.099331,0.049871,0.545567,0.546819,0.568554,0.154787,WALKING
0.315738,-0.044399,9.528876,0.067493,0.028821,0.079476,0.420905,0.398160,0.564843,0.095660,WALKING
0.531061,0.318103,9.551908,0.042341,0.025215,0.084048,0.324544,0.345178,0.533648,0.125251,WALKING
0.625288,0.426806,9.459499,0.081845,0.067016,0.103742,0.262336,0.301655,0.283012,0.037297,WALKING
0.212388,0.029453,9.375425,-0.006198,0.035916,0.038599,0.388632,0.411278,0.534200,0.092127,WALKING
0.491928,-0.358523,9.337054,0.031271,0.068659,0.133812,0.312392,0.249626,0.540462,0.056770,WALKING
0.482605,0.173127,9.855490,0.020067,0.114370,0.052415,0.458773,0.544661,0.512132,0.104358,WALKING
0.524513,0.177056,9.718593,0.002575,0.049349,0.028519,0.404561,0.431104,0.695058,0.071660,WALKING
0.351444,0.300678,9.667678,0.057236,0.083242,0.046395,0.156272,0.479513,0.530951,0.088200,WALKING
0.544003,0.252514,9.547531,0.052752,0.081886,0.030504,0.424789,0.358597,0.514036,0.108444,WALKING
0.648048,0.223758,9.374719,0.048541,0.039687,0.079564,0.237019,0.371450,0.736029,0.106922,WALKING
-0.006795,0.556204,9.556027,0.054045,0.071069,0.007788,0.217549,0.233908,0.537786,0.092142,WALKING
-0.160162,0.623567,9.654002,0.012304,0.046558,0.089013,0.508094,0.464700,0.600613,0.076744,WALKING
0.491009,0.492589,9.785532,0.095398,0.045459,0.076297,0.472277,0.357711,0.451373,0.128210,WALKING
0.460085,0.482424,9.426386,-0.045530,0.098058,0.098856,0.264217,0.471948,0.187581,0.095707,WALKING
0.663042,0.392125,9.126878,-0.009155,0.030721,0.069875,0.233586,0.294061,0.642336,0.159980,WALKING
0.292773,0.407750,8.842107,0.043061,0.018939,0.011612,0.175935,0.408830,0.770656,0.095194,WALKING
0.442712,0.114140,9.094692,0.069509,0.035391,0.093562,0.503587,0.308612,0.496330,0.095936,WALKING
0.629269,0.078077,9.350285,0.051648,0.074966,0.098785,0.068370,0.543647,0.527970,0.124182,WALKING
0.606338,0.298048,9.105791,0.035790,0.058630,0.052040,0.444861,0.465017,0.660572,0.084543,WALKING
0.574573,0.324651,9.220886,0.007138,0.000232,0.041310,0.493516,0.323179,0.697568,0.114256,WALKING
0.465657,0.137539,9.092505,0.046495,0.006656,0.111165,0.290902,0.368746,0.504928,0.086686,WALKING
0.759915,0.558633,9.226289,0.038792,0.062428,0.044903,0.514518,0.416404,0.617521,0.111349,WALKING
0.862154,0.349291,9.516785,0.033846,0.023094,0.076370,0.419807,0.322558,0.376538,0.087208,WALKING
0.225239,-0.136387,9.800141,0.020158,0.052382,0.075194,0.310913,0.477734,0.347860,0.101661,WALKING
0.280707,0.214699,9.304173,0.044496,0.052578,0.110516,0.377976,0.392482,0.483485,0.103489,WALKING
0.264505,0.358344,9.704041,0.109834,0.030926,0.094059,0.355730,0.392888,0.264746,0.118030,WALKING
0.702415,0.576492,9.186765,0.012279,-0.000684,0.032743,0.348778,0.482625,0.333122,0.059025,WALKING
0.349133,0.589039,9.571585,0.051678,0.043167,0.066726,0.334560,0.210415,0.392959,0.127841,WALKING
0.409311,0.276958,9.438352,0.090885,0.081634,0.042175,0.361020,0.344248,0.503684,0.107111,WALKING
0.781636,-0.000228,9.834819,0.018778,0.006969,0.085950,0.284461,0.249321,0.606696,0.112215,WALKING
0.284667,0.093336,9.438968,0.029186,0.043265,0.087632,0.407008,0.277817,0.753254,0.081347,WALKING
0.578458,0.248271,9.593844,0.050366,0.023957,0.030413,0.368808,0.443129,0.485204,0.045648,WALKING
0.482583,0.555929,9.520268,0.053578,0.054097,0.077064,0.699893,0.489092,0.692235,0.088977,WALKING
0.586647,0.350230,9.310862,0.017486,0.050034,0.052032,0.421306,0.240358,0.357630,0.090468,WALKING
0.164921,0.358209,9.041120,0.057606,-0.008455,0.095716,0.389856,0.388342,0.429963,0.099656,WALKING
0.615909,0.270208,9.476145,0.039983,0.054238,0.090367,0.303169,0.328848,0.504631,0.136235,WALKING
0.602123,0.263132,9.258092,0.020052,0.046409,0.167225,0.352427,0.478945,0.403592,0.107737,WALKING
0.823270,0.344276,9.157218,0.066362,0.031793,0.131641,0.378036,0.358502,0.435106,0.085074,WALKING
0.203638,0.412083,9.379261,0.025849,0.055529,0.097534,0.436284,0.301921,0.430177,0.096527,WALKING
0.026747,0.219248,9.707823,0.075133,0.073597,0.094277,0.483072,0.514754,0.609905,0.093407,WALKING
0.381332,0.239910,9.058204,0.053589,0.038163,0.055180,0.357820,0.360632,0.578338,0.106467,WALKING
0.537802,0.625000,9.589681,0.038717,0.096716,0.110906,0.468721,0.419420,0.386016,0.066367,WALKING
0.664135,0.297657,9.294657,0.078292,0.006784,0.059160,0.546417,0.504883,0.434023,0.109990,WALKING
0.595277,-0.201868,9.359658,0.037498,0.015542,0.076494,0.440170,0.298015,0.448545,0.111770,WALKING
0.495007,0.288549,9.052872,0.022107,0.043425,0.106705,0.361798,0.347320,0.220630,0.124333,WALKING
0.261157,0.514319,9.833162,0.022990,0.011275,0.050993,0.261337,0.506359,0.677528,0.094707,WALKING
0.626436,0.230929,9.867346,0.121136,0.075475,0.063220,0.310290,0.378159,0.650448,0.077726,WALKING
0.185039,0.431815,10.129862,0.025305,0.027428,0.049043,0.470670,0.349651,0.278623,0.100920,WALKING
0.560661,0.135733,9.012788,0.097485,0.068272,0.035375,0.382785,0.237014,0.247842,0.068013,WALKING
0.869519,0.509384,9.700900,0.064731,0.025026,0.136240,0.327461,0.322195,0.457963,0.139237,WALKING
0.430568,0.636022,9.977739,0.052334,-0.020166,0.113683,0.471295,0.450613,0.504812,0.035080,WALKING
0.465903,0.328529,9.784305,0.057658,0.058417,0.083117,0.397850,0.351085,0.685968,0.106361,WALKING
0.758738,0.065988,9.942087,0.040724,0.082507,0.149884,0.395215,0.581813,0.459626,0.105601,WALKING
0.394711,0.399539,9.670373,0.020830,0.080668,0.056400,0.290447,0.338555,0.542067,0.104934,WALKING
0.411124,0.242136,9.829060,0.083984,0.050903,0.041801,0.411714,0.471216,0.804029,0.067313,WALKING
0.546415,0.157947,9.613687,0.009462,0.088877,0.080650,0.405019,0.458615,0.641427,0.112705,WALKING
0.435308,-0.223699,9.654479,0.059983,0.070160,0.055882,0.404308,0.434673,0.605596,0.079034,WALKING
0.417241,0.442413,10.016509,0.018646,0.089942,0.046922,0.318690,0.399645,0.716807,0.147941,WALKING
0.278175,0.042889,9.199626,0.008870,0.058518,0.125181,0.222306,0.309099,0.265320,0.093450,WALKING
0.198884,0.561215,9.613340,0.016140,0.035867,0.093321,0.433237,0.454794,0.750551,0.099655,WALKING
0.415761,0.202901,9.726035,0.070260,0.069149,0.033387,0.477618,0.513681,0.505741,0.149639,WALKING
0.601362,0.431808,9.959845,0.000912,0.079691,0.025230,0.364434,0.351987,0.398532,0.138126,WALKING
0.179459,0.045298,9.748946,0.014875,0.030198,0.102819,0.305953,0.456786,0.438816,0.102439,WALKING
0.605228,0.126892,9.757082,-0.015716,0.044904,0.160480,0.195868,0.358067,0.518001,0.087458,WALKING
0.754842,0.156530,9.331931,0.075126,0.056817,0.064770,0.362420,0.335712,0.350877,0.104359,WALKING
0.685353,0.267246,9.765690,0.019886,0.101342,0.023776,0.496208,0.265983,0.549795,0.124796,WALKING
0.408431,0.456773,9.512568,0.017881,0.060726,0.088101,0.327121,0.237452,0.450152,0.049612,WALKING
0.731421,0.356006,9.767947,0.041178,0.026023,0.087504,0.448977,0.488209,0.772779,0.104004,WALKING
0.595881,0.085801,9.389214,0.068002,0.021832,0.110443,0.501183,0.546534,0.415178,0.062035,WALKING
0.336036,0.360233,9.150378,0.062753,0.019654,0.093707,0.615696,0.430527,0.545726,0.092916,WALKING
0.412049,0.380057,9.496309,0.037725,0.039176,0.101812,0.311569,0.278373,0.409412,0.059410,WALKING
0.320372,0.623575,9.540918,0.125562,0.080411,0.067597,0.394147,0.445757,0.534351,0.122332,WALKING
-0.025283,0.378728,9.451926,0.068622,0.051923,0.057082,0.345371,0.391164,0.410236,0.071459,WALKING
0.556631,0.494751,9.209153,0.045781,0.020346,0.052362,0.400053,0.385758,0.624400,0.119108,WALKING
0.504933,0.654797,9.346041,0.001723,0.038011,0.064146,0.404750,0.243393,0.349894,0.122943,WALKING
0.290278,0.245775,9.630854,0.023134,-0.001679,0.096641,0.284342,0.452804,0.434298,0.040088,WALKING
0.706620,0.154141,9.421050,0.026894,0.113730,0.082721,0.425418,0.360473,0.350342,0.167594,WALKING
0.515764,0.370012,9.419302,0.031114,0.036647,0.092165,0.404556,0.450225,0.559861,0.070906,WALKING
0.503168,0.372184,8.959761,0.089314,0.016165,0.126057,0.260379,0.393633,0.570101,0.145586,WALKING
0.496077,0.298366,9.408204,0.077630,0.051161,0.108067,0.500030,0.418900,0.751141,0.050157,WALKING
0.364736,0.075606,9.428364,0.047625,0.032354,0.084809,0.381869,0.244505,0.427678,0.104468,WALKING
0.279602,0.065064,9.377570,0.069574,0.057425,0.060014,0.312149,0.292733,0.506543,0.085218,WALKING
0.573759,0.253744,9.653545,0.035903,0.053961,0.109591,0.478281,0.375034,0.432722,0.124015,WALKING
0.667443,0.205485,9.590855,0.086859,0.029844,0.096970,0.368858,0.383345,0.619621,0.138182,WALKING
0.525847,0.117993,8.677715,0.037233,0.005202,0.060373,0.420723,0.411458,0.547045,0.134864,WALKING
0.708437,0.417931,9.686768,0.037019,0.055551,0.101432,0.355569,0.516768,0.360888,0.077532,WALKING
0.332866,0.388955,9.590872,0.055189,0.032507,0.025091,0.360898,0.249097,0.763747,0.042886,WALKING
0.557878,0.376042,9.577876,0.034252,0.021125,0.035043,0.455637,0.426548,0.456224,0.074982,WALKING
0.234212,0.566302,9.845735,0.041538,0.032203,0.076963,0.340598,0.425892,0.584149,0.111040,WALKING
0.150278,0.434230,8.791378,-0.002253,0.041609,0.095855,0.404474,0.424214,0.776612,0.073311,WALKING
0.472368,0.687223,9.290043,0.064145,0.050661,0.102863,0.317149,0.444546,0.429161,0.084813,WALKING
0.512165,0.202041,9.533333,0.076937,0.062080,0.059769,0.362051,0.575248,0.520951,0.143711,WALKING
0.013309,0.734293,9.524560,0.032140,0.050971,0.076037,0.516754,0.324942,0.520568,0.101808,WALKING
0.394650,0.545322,9.643400,0.079735,0.068653,0.081340,0.302351,0.346258,0.278508,0.068303,WALKING
0.281383,-0.025065,9.426585,0.041005,0.027648,0.093918,0.590119,0.419999,0.826350,0.115130,WALKING
0.442832,0.102469,9.126897,0.073081,0.084744,0.118757,0.387856,0.533341,0.670041,0.086698,WALKING
0.670970,0.298691,9.449189,0.044771,0.071430,0.096956,0.644688,0.472994,0.475178,0.057748,WALKING
0.613529,0.322043,9.366163,0.040571,0.030217,0.080888,0.370847,0.466304,0.649310,0.066915,WALKING
0.307878,0.153131,9.617716,0.077026,0.015932,0.091195,0.337573,0.237121,0.399141,0.099256,WALKING
0.451025,0.295902,9.481952,0.056737,-0.008966,0.049237,0.369463,0.529745,0.211958,0.128263,WALKING
0.633618,0.411010,9.210359,0.049449,0.116189,0.075143,0.462034,0.563742,0.461966,0.054035,WALKING
0.432843,0.577274,9.685011,0.085244,0.035194,0.104467,0.470840,0.525925,0.702021,0.163257,WALKING
0.388699,0.026382,9.471427,0.066039,0.023306,0.086073,0.363372,0.444225,0.456621,0.061791,WALKING
0.565346,0.463936,9.085836,0.054465,0.056107,0.074196,0.312638,0.384296,0.617420,0.115424,WALKING
0.599745,0.124896,10.156600,0.106379,0.041880,0.078391,0.424681,0.374503,0.354665,0.094276,WALKING
0.704635,0.355947,9.765895,0.013656,0.013080,0.092586,0.419094,0.451999,0.618132,0.120290,WALKING
0.269864,0.496456,9.212123,0.054558,0.038250,0.093265,0.324068,0.533456,0.479151,0.102179,WALKING
0.682303,0.387869,9.909451,0.039900,0.014659,0.093435,0.341508,0.370324,0.539932,0.098252,WALKING
0.777075,0.741749,8.781375,0.026317,0.061571,0.049489,0.261844,0.322194,0.465601,0.100039,WALKING
0.377324,0.160472,9.523909,0.054338,0.057048,0.052742,0.445450,0.230610,0.718740,0.058911,WALKING
0.291360,0.394341,9.792606,0.036521,0.064812,0.051060,0.523885,0.361890,0.436975,0.101730,WALKING
0.634818,0.454474,9.347173,0.001093,0.035726,0.097032,0.453775,0.492882,0.439612,0.105362,WALKING
0.467249,0.271249,9.303217,0.063931,0.053245,0.033431,0.381100,0.438940,0.588133,0.135243,WALKING
0.274657,0.117378,9.537460,0.040332,0.056362,0.060243,0.427333,0.354729,0.413945,0.066882,WALKING
0.423583,0.369926,9.039407,0.059826,0.077227,0.101036,0.241040,0.255911,0.350192,0.155921,WALKING
0.495309,0.199130,9.376442,0.060677,0.061634,0.087991,0.445742,0.170581,0.563287,0.108359,WALKING
0.557241,0.236355,9.807310,0.092626,0.075421,0.099916,0.448635,0.489349,0.469005,0.054854,WALKING
0.267086,0.084535,9.720601,0.011512,0.007421,0.094363,0.488553,0.405062,0.660131,0.096194,WALKING
0.274062,0.147450,9.549515,0.017021,0.081698,0.053560,0.507699,0.398573,0.685593,0.072876,WALKING
0.274713,0.492203,9.524682,0.049654,0.081963,0.119528,0.378983,0.549276,0.496838,0.125414,WALKING
0.142721,0.246627,9.388939,0.027491,0.098757,0.098893,0.338442,0.455898,0.583119,0.131193,WALKING
0.478569,-0.070351,9.951255,0.033217,0.044487,0.121848,0.194668,0.369386,0.527205,0.085330,WALKING
0.593755,0.622782,9.469354,0.037322,0.049619,0.048621,0.387374,0.355175,0.425649,0.088678,WALKING
0.618586,0.067530,9.503404,0.007742,0.049699,0.111384,0.392635,0.462061,0.450794,0.096440,WALKING
0.971365,0.029090,9.503813,0.080975,0.104281,0.056132,0.335473,0.144340,0.507494,0.090847,WALKING
0.906185,0.163576,8.588932,0.040153,0.046852,0.102873,0.484575,0.526945,0.355197,0.119443,WALKING
0.719762,0.448547,9.631368,0.045442,0.049692,0.067564,0.280993,0.426153,0.342993,0.098770,WALKING
0.490649,0.501574,9.994585,0.047532,0.050509,0.053807,0.238735,0.321608,0.410382,0.122569,WALKING
0.603500,0.129218,9.249534,0.065981,0.039138,0.078079,0.390629,0.432268,0.500498,0.104401,WALKING
0.538369,0.239267,8.815487,0.062530,0.019850,0.124153,0.266864,0.463316,0.277074,0.077811,WALKING
0.377217,0.526073,9.339555,0.052002,0.080303,0.098585,0.310810,0.544968,0.440353,0.079139,WALKING
0.682890,0.483176,9.726199,0.074128,0.037293,0.120242,0.443870,0.501819,0.279789,0.130367,WALKING
0.599037,0.719013,9.779844,-0.008003,0.065233,0.061748,0.628169,0.384508,0.309000,0.098714,WALKING
0.966137,0.540460,9.582365,0.013758,0.049914,0.085584,0.443453,0.405476,0.210202,0.114136,WALKING
0.696724,0.326884,9.069499,-0.016363,0.076770,0.045908,0.475297,0.394440,0.525243,0.166467,WALKING
0.221050,0.530164,9.263766,0.039488,0.056842,0.047861,0.435277,0.518356,0.481290,0.095497,WALKING
0.544329,0.617455,9.449649,0.032426,0.057545,0.085044,0.483422,0.313904,0.236593,0.123052,WALKING
0.488768,0.299968,9.195750,0.047889,0.069611,0.093517,0.541669,0.399720,0.367925,0.060780,WALKING
0.585872,0.098571,9.678844,0.020406,0.087436,0.078919,0.417944,0.380231,0.400649,0.108731,WALKING
0.316047,0.588968,10.233089,0.041899,0.040664,0.048843,0.414560,0.439203,0.539993,0.122551,WALKING
0.533292,0.665863,9.817588,0.097225,0.043391,0.079877,0.540741,0.492939,0.622906,0.096913,WALKING
0.842843,0.395599,9.513730,0.017292,0.048534,0.090279,0.168994,0.216302,0.568138,0.101678,WALKING
0.434805,0.139512,9.832047,0.064624,0.040794,0.125108,0.577868,0.328167,0.586520,0.096529,WALKING
0.462041,0.610043,9.638176,0.016734,0.040798,0.080539,0.297330,0.452968,0.429806,0.082769,WALKING
0.285864,0.131161,9.456676,0.021949,-0.001833,0.077775,0.354424,0.349286,0.414729,0.081073,WALKING
0.196781,-0.062450,9.130114,0.123073,0.112321,0.092256,0.384698,0.375457,0.511492,0.097177,WALKING
0.319369,0.678308,9.598355,0.043565,0.076066,0.081210,0.445276,0.504854,0.657090,0.097426,WALKING
0.219079,0.054443,9.713330,0.037879,0.042134,0.074686,0.521096,0.252515,0.535391,0.130084,WALKING
0.314515,0.077136,9.489083,0.017653,0.037501,0.043693,0.591781,0.421950,0.562187,0.102296,WALKING
0.579463,0.765583,10.091424,0.005823,0.087912,0.114431,0.425000,0.383755,0.727069,0.140849,WALKING
0.474062,0.651596,9.909909,0.008878,0.036980,0.084127,0.346240,0.344251,0.585182,0.140371,WALKING
0.524492,0.711364,9.242633,0.051526,0.070403,0.073674,0.462361,0.563889,0.707877,0.088984,WALKING
0.372555,0.029930,9.859196,0.102394,0.016352,0.129326,0.464350,0.160436,0.163120,0.121766,WALKING
0.501274,0.575406,9.248430,0.084964,0.026499,0.086324,0.340275,0.360686,0.567973,0.115324,WALKING
0.831423,0.471563,9.705967,0.086260,0.067847,0.090340,0.503445,0.354999,0.544733,0.120574,WALKING
0.453675,0.480354,9.308385,0.047678,0.011901,0.054297,0.465604,0.254997,0.358937,0.144834,WALKING
0.517044,0.321067,9.570743,0.026112,0.018944,0.103605,0.485160,0.274351,0.705619,0.068874,WALKING
0.270845,0.423523,9.522034,0.089071,0.047435,0.109889,0.253675,0.351701,0.461966,0.097404,WALKING
0.822716,0.085018,9.955047,0.112712,0.050356,0.115756,0.459781,0.331859,0.562009,0.138111,WALKING
0.726308,0.089552,9.406910,0.033811,0.038739,0.103748,0.554594,0.501755,0.470804,0.050626,WALKING
0.679862,0.157629,9.330974,0.072566,0.027743,0.110000,0.483660,0.358279,0.726093,0.087813,WALKING
0.196827,0.396872,8.941607,0.111812,0.003298,0.119605,0.326807,0.301393,0.615704,0.142369,WALKING
0.485130,0.658333,9.413125,0.025412,0.011312,0.104149,0.573284,0.440124,0.105261,0.084618,WALKING
0.233623,0.371734,9.172318,0.056143,0.035256,0.082160,0.297065,0.419021,0.485700,0.097904,WALKING
0.285628,0.197152,9.554382,0.024222,0.105960,0.131519,0.363284,0.408789,0.250319,0.185175,WALKING
0.084468,0.266095,9.447346,0.030104,0.032518,0.094140,0.417840,0.310306,0.330920,0.155749,WALKING
0.841264,0.586027,9.407609,0.073080,0.062058,0.045163,0.410791,0.408413,0.629178,0.105801,WALKING
0.338834,0.246374,9.530883,0.064695,0.046826,0.113715,0.388601,0.322050,0.537349,0.061308,WALKING
0.272312,0.036881,9.351577,0.052273,0.031873,0.123213,0.524423,0.421002,0.335618,0.072008,WALKING
0.374398,-0.180147,9.293267,0.070913,-0.001096,0.107568,0.266211,0.377916,0.552322,0.022248,WALKING
0.428716,0.103257,9.477693,0.029370,0.101352,0.043595,0.460060,0.238839,0.403383,0.131675,WALKING
0.759256,0.260012,9.670815,0.084517,0.048818,0.104741,0.329116,0.483533,0.590802,0.110696,WALKING
0.521373,0.294077,8.855434,0.030678,0.033106,0.096831,0.386222,0.435606,0.510129,0.077867,WALKING
0.523088,0.362578,9.222762,0.065914,0.052098,0.032682,0.443068,0.214211,0.472667,0.102200,WALKING
0.556522,0.152592,9.312216,0.082939,0.002703,0.109438,0.392694,0.373694,0.343679,0.128378,WALKING
0.519363,0.703760,9.356892,0.023300,-0.025966,0.107109,0.325060,0.396524,0.495480,0.137155,WALKING
0.944507,0.437437,9.518561,0.080558,0.030935,0.058632,0.481397,0.303782,0.674636,0.076453,WALKING
0.494336,0.278108,9.555847,0.078686,0.053220,0.088119,0.201112,0.303742,0.521645,0.095748,WALKING
0.814312,0.229441,9.872213,0.073357,0.033131,0.073619,0.463003,0.366980,0.462020,0.088955,WALKING
0.642241,0.373296,9.611528,0.097827,0.015091,0.075003,0.539608,0.436175,0.615727,0.051733,WALKING
0.444977,0.089600,9.256259,0.081603,0.061889,0.128132,0.500881,0.359082,0.475851,0.079185,WALKING
0.728455,-0.024475,9.770501,0.088972,0.006884,0.112355,0.410689,0.466008,0.628809,0.122227,WALKING
0.596021,0.574807,9.222274,0.119052,0.059329,0.055848,0.232407,0.433176,0.429468,0.113028,WALKING
0.691380,0.291950,10.085114,0.086460,0.069396,0.073936,0.308900,0.399278,0.573378,0.140998,WALKING
0.696391,0.222867,9.714254,0.049421,0.096664,0.085010,0.461832,0.354575,0.610757,0.048503,WALKING
0.798170,0.475272,10.395287,0.054481,0.076780,0.054009,0.556366,0.352940,0.603562,0.090142,WALKING
0.779875,0.297348,9.650938,0.090059,0.053086,0.077025,0.287709,0.410510,0.482578,0.088260,WALKING
0.368812,0.246077,9.530858,-0.007835,0.098012,0.092376,0.371742,0.338820,0.247162,0.085077,WALKING
0.571492,0.331427,9.681735,0.047289,-0.016708,0.110211,0.459498,0.521108,0.346644,0.127234,WALKING
0.538576,0.499193,9.586558,0.032574,0.062551,0.021885,0.372105,0.418171,0.627669,0.043273,WALKING
0.044069,0.301254,9.176499,0.049601,0.039735,0.093900,0.361392,0.460549,0.395793,0.066413,WALKING
0.434078,0.018044,9.393872,0.027735,0.106419,0.140041,0.295178,0.287464,0.253632,0.050997,WALKING
0.380215,0.237995,9.419699,0.087887,0.037502,0.099977,0.403067,0.466462,0.611622,0.076350,WALKING
0.454811,0.537165,9.930152,-0.013515,0.033736,0.108883,0.376435,0.479295,0.416129,0.155711,WALKING
0.852182,0.137823,9.365088,0.041213,-0.001537,0.074058,0.339014,0.573328,0.750176,0.121560,WALKING
0.589486,0.514618,9.053426,0.034676,0.005236,0.079546,0.338403,0.178351,0.248682,0.120862,WALKING
0.439972,0.167293,9.709007,0.048404,0.077430,0.036526,0.247808,0.324681,0.492512,0.074006,WALKING
0.341718,0.477481,9.528274,0.070664,0.061705,0.045434,0.201176,0.308249,0.800787,0.030954,WALKING
0.021796,0.260516,9.042460,0.042159,0.057541,0.073349,0.164982,0.406355,0.899742,0.104486,WALKING
0.380413,0.718144,9.861047,-0.005121,0.028837,0.053898,0.516904,0.296587,0.681859,0.105124,WALKING
0.470145,0.161225,9.646948,0.017062,0.070174,0.052034,0.396599,0.388287,0.603581,0.070984,WALKING
0.217887,0.216658,9.427132,0.019988,0.042644,0.139882,0.454857,0.454530,0.238099,0.103012,WALKING
0.386197,0.588459,9.762799,0.043295,0.055522,0.054600,0.481307,0.436470,0.358813,0.133358,WALKING
0.089582,0.215373,9.159134,0.037377,0.072978,0.092454,0.511683,0.291903,0.214443,0.107174,WALKING
0.282834,0.480259,9.323358,0.063469,0.064801,0.029275,0.317127,0.561992,0.554610,0.122478,WALKING
0.516740,0.515360,9.862391,0.053886,0.029740,0.139446,0.464217,0.176590,0.709682,0.145380,WALKING
0.646761,0.523348,9.448115,0.095368,0.000569,0.026009,0.466952,0.309476,0.347804,0.082150,WALKING
0.767562,0.383824,9.612256,0.067181,0.005382,0.073294,0.476485,0.321199,0.589467,0.060089,WALKING
0.508129,0.320464,9.559782,0.067296,0.021822,0.118038,0.435159,0.131124,0.500288,0.080859,WALKING
0.047357,0.124778,9.018298,0.078081,0.086374,0.069579,0.543084,0.493060,0.848512,0.106141,WALKING
0.345434,0.200425,9.998013,0.122561,0.063049,0.127293,0.491322,0.436617,0.699130,0.046265,WALKING
0.457439,0.320320,9.184839,0.046913,0.064723,0.029547,0.372359,0.537268,0.439250,0.133679,WALKING
0.866198,0.248190,9.640076,0.083210,0.071205,0.121365,0.400658,0.497292,0.333402,0.144569,WALKING
0.301494,0.409553,9.559353,0.020874,0.131813,0.111183,0.520358,0.369124,0.596751,0.145034,WALKING
0.395864,0.311403,9.617451,0.038542,0.097808,0.074813,0.594850,0.446030,0.538480,0.120399,WALKING
0.624741,0.043206,9.033929,0.016273,-0.000437,0.077034,0.556996,0.521164,0.374044,0.064185,WALKING
0.417332,0.483422,9.420612,0.063193,0.081470,0.037716,0.539935,0.283768,0.573644,0.125104,WALKING
0.243104,0.114472,9.328478,0.063989,0.071502,0.092716,0.241612,0.702457,0.548474,0.097745,WALKING
0.668846,0.607643,9.879906,0.073100,0.031100,0.113409,0.459536,0.415393,0.459785,0.122179,WALKING
0.517234,-0.174216,9.245985,0.060208,0.023407,0.043446,0.346936,0.323847,0.537049,0.120999,WALKING
0.495111,0.324453,9.911819,0.084777,0.057702,0.074511,0.332467,0.451395,0.568727,0.135461,WALKING
0.117730,0.514685,9.501555,0.051867,0.049267,0.083638,0.305953,0.428225,0.467385,0.132391,WALKING
0.240096,0.271645,9.405000,0.076736,0.051135,0.079018,0.370632,0.450302,0.718101,0.072572,WALKING
0.409993,0.275941,9.580823,0.026103,0.067255,0.075903,0.338924,0.628175,0.379452,0.097043,WALKING
0.556726,0.234038,10.081650,-0.022086,0.075544,0.168006,0.500962,0.402994,0.353009,0.090999,WALKING
0.543506,0.458843,9.789969,-0.005664,0.032218,0.070974,0.351374,0.474351,0.586614,0.096266,WALKING
0.854840,0.273581,9.995940,0.087193,0.039102,0.062678,0.494789,0.554741,0.415023,0.054650,WALKING
0.674501,0.014242,9.893414,0.147142,0.031064,0.066200,0.364665,0.345482,0.547658,0.118638,WALKING
0.349263,0.283184,9.666323,0.056293,0.050451,0.113581,0.296631,0.496076,0.271849,0.117146,WALKING
0.632721,0.164958,9.586624,0.080383,0.061742,0.125743,0.267623,0.494118,0.403675,0.145753,WALKING
0.679852,0.914374,9.842346,0.070086,0.048372,0.065951,0.319697,0.463358,0.327603,0.081062,WALKING
0.799983,0.069720,9.893600,0.021239,0.040015,0.054793,0.346377,0.482300,0.473789,0.099771,WALKING
0.670471,0.353470,9.332785,0.063101,0.061379,0.126556,0.282054,0.293830,0.477198,0.064169,WALKING
0.551752,0.198458,9.787612,-0.012074,0.038624,0.086476,0.439053,0.408140,0.559565,0.149735,WALKING
0.536380,0.320697,9.483171,0.010143,0.061421,0.036696,0.420483,0.567600,0.537340,0.127962,WALKING
0.374334,0.252258,9.274349,0.083678,0.058924,0.131831,0.526206,0.176926,0.646116,0.097240,WALKING
0.418995,0.229631,10.044247,0.076945,0.118674,0.050790,0.361625,0.378722,0.536134,0.081309,WALKING
0.720941,0.600347,9.528940,0.033719,0.029035,0.070962,0.452656,0.200022,0.554446,0.140884,WALKING
0.489046,0.135602,9.459236,0.068846,0.060602,0.119599,0.557920,0.511462,0.647221,0.108847,WALKING
0.536834,0.473651,9.667072,0.071141,0.038782,0.043757,0.403790,0.489246,0.729554,0.089663,WALKING
0.389245,0.150013,9.980680,0.095646,0.063388,0.089461,0.416897,0.477176,0.823104,0.092836,WALKING
0.419832,0.297278,9.423113,0.091252,0.099404,0.045467,0.239637,0.262050,0.456127,0.114909,WALKING
0.486246,0.474864,8.894542,0.055636,0.029598,0.104061,0.469770,0.414448,0.371520,0.085113,WALKING
0.783651,0.326076,9.576660,0.048609,0.053581,0.113124,0.479309,0.161881,0.447334,0.137724,WALKING
0.816875,0.240514,10.012306,0.081694,0.147403,0.140998,0.502449,0.165897,0.585069,0.080220,WALKING
0.730866,0.213587,9.507789,0.042578,0.056590,0.121289,0.196673,0.558746,0.510694,0.094151,WALKING
0.837949,0.298536,9.337056,0.043465,0.049947,0.119975,0.291908,0.315604,0.461815,0.026565,WALKING
0.589583,0.009328,8.939798,0.012441,0.065368,0.095172,0.472670,0.368103,0.578405,0.095373,WALKING
0.473799,0.054745,9.773455,0.062281,0.026573,0.077267,0.498920,0.526103,0.601567,0.075491,WALKING
0.288764,0.461863,9.809660,0.073801,0.039329,0.066435,0.417125,0.304720,0.641032,0.047745,WALKING
0.589595,0.392960,9.672564,0.036591,0.047409,0.042029,0.368722,0.402469,0.423140,0.106546,WALKING
0.986538,0.050042,9.455289,0.065048,0.016311,0.045207,0.423087,0.447297,0.600384,0.120599,WALKING
0.416547,0.600365,9.133859,0.030600,0.015119,0.032558,0.223895,0.432063,0.451956,0.104697,WALKING
0.715136,0.370174,9.286906,0.054529,0.065663,0.074419,0.343186,0.350376,0.239282,0.154488,WALKING
0.623826,0.132791,9.651082,0.035540,0.055341,0.030775,0.651554,0.484896,0.453308,0.044153,WALKING
0.510581,0.680425,10.310373,0.043874,0.117306,0.079591,0.719948,0.388144,0.274850,0.105570,WALKING
0.538783,0.139074,9.301342,0.057523,0.101580,0.071616,0.417554,0.340952,0.786990,0.082772,WALKING
0.429172,0.138240,9.706561,0.052160,0.060713,0.062740,0.442000,0.319266,0.341856,0.094647,WALKING
0.839925,0.125226,9.242391,0.031469,0.078497,0.038334,0.445776,0.336665,0.404845,0.103861,WALKING
0.314472,0.168543,9.571845,0.031589,0.056269,0.095477,0.316542,0.566714,0.642603,0.095350,WALKING
0.024175,0.025110,9.416814,-0.003680,-0.006099,0.051079,0.432606,0.363135,0.408813,0.132125,WALKING
0.502552,0.372609,9.513536,0.016233,0.071298,0.109333,0.467301,0.273028,0.486659,0.084194,WALKING
0.587658,-0.023989,9.223778,0.040238,0.080314,0.071150,0.612209,0.306687,0.692048,0.057387,WALKING
0.397363,-0.036149,10.048997,0.055640,0.018069,0.088726,0.509963,0.435209,0.335690,0.150226,WALKING
0.120155,0.123883,9.743850,0.029993,0.032139,0.089574,0.400372,0.443972,0.268150,0.062363,WALKING
0.501943,0.375205,9.862269,0.103786,0.049983,0.043513,0.294727,0.362568,0.563660,0.107506,WALKING
0.377463,0.240015,9.363437,0.074514,0.059605,0.093202,0.449138,0.349470,0.612044,0.149134,WALKING
0.922978,1.042657,9.154743,0.023455,0.059765,0.045197,0.477264,0.316552,0.449164,0.085824,WALKING
0.234550,0.149984,9.744967,0.055319,0.019024,0.074334,0.271926,0.367398,0.495859,0.077950,WALKING
0.529102,0.124241,9.430879,0.098828,0.078770,0.109607,0.478924,0.214872,0.394677,0.158668,WALKING
0.389626,0.232944,9.366239,0.032732,0.062356,0.106706,0.414029,0.381790,0.496950,0.045753,WALKING
0.189806,0.305610,9.937642,0.083973,0.062939,0.101847,0.441740,0.505122,0.577670,0.141665,WALKING
0.421699,0.160559,9.408937,0.089667,0.003867,0.091528,0.329153,0.321994,0.289929,0.119204,WALKING
0.708220,0.061015,9.016447,0.050921,0.028984,0.040537,0.394073,0.294008,0.342000,0.135108,WALKING
0.500312,0.641058,9.132068,0.010250,0.066671,0.058122,0.335277,0.237496,0.520117,0.160695,WALKING
0.345116,0.103057,9.590550,0.037705,0.054277,0.090100,0.342934,0.242320,0.741607,0.118249,WALKING
0.248929,-0.083643,9.357518,0.051606,-0.002738,0.095959,0.295826,0.300495,0.596086,0.104612,WALKING
0.541250,-0.022095,9.722119,0.090537,0.048638,0.078427,0.261130,0.292914,0.702924,0.052946,WALKING
0.469467,0.169626,9.762346,0.024955,0.019470,0.125045,0.203527,0.313405,0.331133,0.072565,WALKING
0.578266,0.230840,9.472480,0.064745,0.090476,0.100222,0.706360,0.491329,0.357809,0.087609,WALKING
0.425930,0.098123,9.244687,0.044951,0.064295,0.036188,0.412172,0.365941,0.491607,0.075431,WALKING
0.685942,0.537035,9.407645,0.009012,0.024738,0.121759,0.398368,0.359368,0.696663,0.128973,WALKING
0.698554,0.255246,9.476662,0.062537,0.094847,0.062646,0.378076,0.462490,0.579979,0.076164,WALKING
0.215230,0.172420,9.932118,0.049461,0.113404,0.053729,0.264386,0.366985,0.384627,0.099972,WALKING
0.841831,0.741863,9.458467,0.065381,0.022954,0.053935,0.355670,0.610983,0.574369,0.085846,WALKING
0.430256,0.286380,9.208541,0.051314,0.076048,0.077605,0.462844,0.481428,0.614264,0.096725,WALKING
0.849291,0.375910,9.823854,0.002420,0.001012,0.065089,0.318328,0.292971,0.513445,0.130847,WALKING
0.253032,0.649427,9.343377,0.077185,0.059433,0.098468,0.466672,0.433653,0.625499,0.055150,WALKING
0.736224,0.451052,9.081167,0.044947,0.060715,0.031415,0.463059,0.365426,0.381114,0.091728,WALKING
0.581754,0.297315,9.246481,0.023103,0.076172,0.071993,0.626427,0.359203,0.554557,0.123983,WALKING
0.722314,0.312681,9.118116,0.036372,0.136643,0.084783,0.333979,0.339143,0.661268,0.113555,WALKING
0.547245,0.263152,9.509924,0.054890,0.057963,0.007552,0.245771,0.391519,0.545090,0.118006,WALKING
0.392069,-0.058284,9.389307,0.014144,0.035083,0.122394,0.426217,0.468365,0.509539,0.152841,WALKING
0.565508,-0.051311,8.895056,0.060055,0.106568,0.071821,0.336539,0.291743,0.531624,0.073187,WALKING
0.616743,0.188785,9.938509,0.055905,-0.008267,0.078109,0.107164,0.334571,0.686820,0.044328,WALKING
0.306488,0.570381,9.450601,0.063523,0.041520,0.059134,0.580326,0.283002,0.511568,0.075066,WALKING
0.413580,0.188380,9.312267,0.085174,0.081774,0.062428,0.332427,0.328600,0.354614,0.109648,WALKING
0.681037,0.407984,9.839673,0.033360,0.043530,0.074661,0.485839,0.135723,0.675424,0.178598,WALKING
0.663025,-0.141109,9.301853,0.039732,0.016338,0.010962,0.282767,0.411662,0.562240,0.104127,WALKING
0.668807,0.440052,9.172571,0.017188,-0.017551,0.012287,0.474793,0.370025,0.413438,0.104527,WALKING
0.310538,0.522148,9.407862,0.040566,0.013419,0.076565,0.259508,0.422484,0.357449,0.113293,WALKING
0.576415,0.205858,9.332973,0.042231,0.062937,0.114564,0.415199,0.530819,0.428540,0.056189,WALKING
-0.078807,0.194950,9.627159,0.027460,0.041637,0.047754,0.543647,0.440063,0.260643,0.168443,WALKING
0.959076,0.468033,9.708781,0.086071,0.071062,0.021106,0.460656,0.436030,0.640762,0.128058,WALKING
0.325910,0.122031,9.705101,0.068942,0.021251,0.049851,0.512672,0.535523,0.626272,0.065385,WALKING
0.423627,0.101393,9.657352,0.105869,0.030927,0.077024,0.547474,0.431080,0.554249,0.121957,WALKING
0.540086,0.245089,9.531504,0.040059,0.071437,0.086468,0.582863,0.439816,0.636952,0.099502,WALKING
0.575132,-0.046903,9.591001,0.000167,0.020080,0.055110,0.548088,0.357097,0.492578,0.150316,WALKING
0.366783,0.052251,9.698108,0.035867,0.037828,0.086352,0.255604,0.596749,0.698089,0.111216,WALKING
0.565619,0.107672,9.772959,0.000807,0.017937,0.074135,0.386128,0.416546,0.614869,0.162054,WALKING
-0.073672,0.610726,9.714539,0.045787,0.032903,0.106126,0.392798,0.407417,0.559333,0.064329,WALKING
0.446864,0.109020,8.974284,0.063138,0.060772,0.098959,0.399305,0.426410,0.525484,0.097597,WALKING
0.237114,0.560459,9.334239,0.010999,0.090096,0.086172,0.311792,0.368710,0.493427,0.109429,WALKING
0.423941,0.544975,9.634504,0.016505,0.029884,0.082471,0.540714,0.573404,0.375795,0.105003,WALKING
0.493666,0.395452,9.374076,0.077556,0.070140,0.058267,0.434862,0.368254,0.191589,0.107006,WALKING
0.631184,0.276635,8.828521,0.002943,0.059470,0.054112,0.210918,0.474109,0.624262,0.072181,WALKING
0.562969,0.285402,9.339532,0.070501,0.057684,0.065491,0.472997,0.454458,0.454501,0.073237,WALKING
0.312249,0.676947,9.421139,0.048837,0.115491,0.052439,0.232457,0.349008,0.423850,0.048677,WALKING
0.432780,0.223600,9.470436,0.027327,0.031499,0.096283,0.330876,0.254573,0.193052,0.083965,WALKING
0.323999,0.388223,9.127950,0.080410,0.026317,0.130057,0.384789,0.441225,0.350648,0.071924,WALKING
0.178383,-0.051539,9.557557,0.031303,0.099103,0.050151,0.395818,0.405642,0.384006,0.120770,WALKING
0.482111,0.220870,9.787589,-0.002540,0.007935,0.052501,0.327404,0.422393,0.494471,0.063231,WALKING
0.539739,0.472098,9.263192,0.028338,0.034352,0.040908,0.428543,0.376695,0.358615,0.089032,WALKING
0.523680,0.279189,9.606095,0.026610,0.060480,0.100969,0.321121,0.528619,0.362518,0.133425,WALKING
0.212567,-0.034766,9.437009,0.029422,0.126535,0.079591,0.520946,0.412359,0.212573,0.076715,WALKING
0.534312,0.311822,9.560174,0.044889,0.003452,0.046768,0.486787,0.278411,0.562260,0.091586,WALKING
0.883902,0.276516,9.772252,0.040652,0.058850,0.082761,0.417671,0.689789,0.714760,0.089537,WALKING
0.390901,-0.049075,9.858773,0.085653,0.014566,0.096326,0.301521,0.456062,0.467565,0.061679,WALKING
0.608918,0.229232,9.438200,0.026422,0.046323,0.098384,0.285717,0.546242,0.669721,0.088016,WALKING
0.220669,0.487028,9.297043,0.041237,0.094363,0.080531,0.447227,0.438565,0.491637,0.106915,WALKING
0.689131,0.413355,9.633326,0.059814,0.054608,0.076277,0.454904,0.420011,0.398732,0.134278,WALKING
0.778664,0.352248,9.364018,0.074580,0.047108,0.042479,0.387350,0.485533,0.450864,0.049164,WALKING
0.590598,0.477409,9.349995,0.034186,0.005482,0.087525,0.550499,0.511317,0.199970,0.065523,WALKING
0.943624,0.006856,8.944498,0.116099,0.054245,0.065252,0.478598,0.259752,0.441525,0.113959,WALKING
0.581046,0.144130,9.094585,0.073152,0.077957,0.079643,0.530191,0.576189,0.607592,0.104880,WALKING
0.301762,0.151946,9.501726,0.015854,0.044862,0.074635,0.411369,0.233211,0.475453,0.149425,WALKING
0.257796,0.196738,9.731641,0.061135,0.034007,0.053494,0.428697,0.482734,0.658964,0.078646,WALKING
0.606880,0.532090,9.341055,-0.002028,0.048060,0.055962,0.326956,0.388741,0.866884,0.071034,WALKING
0.505636,0.304311,10.030489,0.059416,0.117881,0.093351,0.436264,0.421016,0.602317,0.103534,WALKING
0.410287,0.418083,9.316216,0.081914,0.060537,0.132812,0.348020,0.186075,0.196047,0.104460,WALKING
0.249748,0.200896,9.665797,0.028040,0.056340,0.095324,0.285514,0.372701,0.546404,0.086355,WALKING
0.578349,-0.141153,10.272202,0.055009,0.034929,0.145042,0.491459,0.301944,0.290874,0.114747,WALKING
0.364488,0.389771,9.863457,0.083090,0.077610,0.094382,0.395444,0.376549,0.809460,0.130052,WALKING
0.840226,0.385776,9.392648,0.033451,0.040729,0.110094,0.491737,0.536264,0.579652,0.117431,WALKING
0.361114,-0.041206,9.618927,0.050634,0.068575,0.089148,0.345195,0.275167,0.375594,0.068897,WALKING
0.792158,0.193050,9.102737,-0.020466,0.038912,0.074704,0.225355,0.306810,0.620835,0.089620,WALKING
0.838046,0.193681,9.685755,-0.012960,0.089694,0.078239,0.403350,0.314624,0.500834,0.079721,WALKING
0.490589,0.503283,9.408394,0.112832,0.065517,0.104894,0.353555,0.263074,0.581318,0.109350,WALKING
0.182656,0.011095,9.307318,-0.016739,0.039819,0.052611,0.467534,0.362280,0.854393,0.128202,WALKING
0.551804,-0.071831,9.137164,0.100511,0.079701,-0.010058,0.402496,0.368271,0.576509,0.121217,WALKING
0.546272,-0.015612,9.596108,0.062726,0.048125,0.088146,0.474589,0.574843,0.506857,0.084043,WALKING
0.472109,-0.117779,9.120422,0.051884,0.080465,0.148400,0.510978,0.521699,0.439372,0.092752,WALKING
0.539427,0.158504,9.936728,0.080409,0.046024,0.085022,0.401210,0.453933,0.564261,0.046192,WALKING
0.558731,0.393777,9.311061,0.039917,0.090837,0.073717,0.203307,0.612799,0.741857,0.116291,WALKING
0.561894,0.270695,9.751945,0.028075,0.039733,0.139706,0.443635,0.330897,0.486869,0.053158,WALKING
0.551659,0.216963,9.331738,0.043407,0.073388,0.107310,0.378681,0.533897,0.797438,0.098658,WALKING
0.644990,0.155030,9.163083,0.017410,0.034093,0.072119,0.569864,0.368617,0.516785,0.097524,WALKING
0.516852,0.009726,9.430947,0.037064,0.061545,0.090546,0.660790,0.381395,0.659315,0.119765,WALKING
0.495242,0.025668,9.389604,0.008999,0.047365,0.072982,0.568500,0.246295,0.290933,0.101071,WALKING
0.701769,0.200765,8.835614,0.065379,0.101705,0.057695,0.585227,0.221138,0.508765,0.065976,WALKING
0.498113,0.487737,9.377548,0.031496,0.053466,0.073005,0.370004,0.440188,0.619867,0.102747,WALKING
0.232321,0.282501,9.397493,0.022200,0.013574,0.068540,0.432934,0.429917,0.719803,0.064885,WALKING
0.436416,0.164721,8.875214,0.079070,0.049834,0.079263,0.431108,0.342143,0.440693,0.145645,WALKING
0.205112,0.412815,9.746764,0.111879,0.033232,0.039296,0.361560,0.496834,0.768836,0.085094,WALKING
0.425094,0.148587,9.385080,0.045499,0.070639,0.083707,0.422146,0.398712,0.286767,0.061042,WALKING
0.687042,0.590456,9.670759,0.077436,0.063866,0.059097,0.273774,0.379833,0.638725,0.010613,WALKING
0.747637,0.454589,9.492513,0.039905,-0.011598,0.105405,0.433683,0.316608,0.472702,0.112601,WALKING
0.314149,0.446939,9.534650,0.078891,0.042481,0.097035,0.357164,0.327648,0.426999,0.123323,WALKING
0.654302,0.485205,9.775055,0.026420,0.069921,0.141403,0.485945,0.357224,0.358548,0.084444,WALKING
0.866681,0.240172,9.281092,0.089794,0.054772,0.102180,0.243388,0.458335,0.497231,0.060814,WALKING
0.297879,0.547958,9.329453,0.062443,-0.004105,0.100502,0.350734,0.350290,0.720528,0.093806,WALKING
0.754065,0.146588,9.585018,0.054706,0.053766,0.076709,0.555383,0.368890,0.560395,0.129753,WALKING
0.291856,0.409503,9.741291,0.022326,0.088279,0.083317,0.453124,0.583038,0.502702,0.076005,WALKING
0.614326,0.223606,9.605156,0.033439,0.013632,0.030698,0.359925,0.405654,0.334506,0.074024,WALKING
0.384955,0.029544,10.130268,0.019735,0.020969,0.051305,0.431093,0.501811,0.335984,0.086901,WALKING
0.610399,0.545290,8.975217,0.021758,0.057138,0.077590,0.555419,0.321983,0.435839,0.095318,WALKING
0.377134,0.245563,9.618259,0.068006,0.090211,0.051712,0.240848,0.368786,0.571138,0.148736,WALKING
0.385344,0.369744,8.836401,0.062476,0.046723,0.049320,0.335047,0.375883,0.578570,0.084489,WALKING
0.311031,0.058072,9.321486,0.009062,0.062864,0.047363,0.243037,0.493035,0.396700,0.080619,WALKING
0.508296,-0.005733,9.151433,0.045793,0.047401,0.059350,0.282210,0.386727,0.561775,0.065375,WALKING
0.422648,0.367848,9.972993,0.034597,0.026724,0.040236,0.417989,0.437337,0.551061,0.116059,WALKING
0.518395,0.246429,9.485161,0.013515,0.028065,0.099603,0.662032,0.554029,0.462615,0.064545,WALKING
0.285941,0.317665,8.983621,0.031578,0.072509,0.070744,0.393919,0.452677,0.235487,0.089734,WALKING
0.666135,0.204931,9.469364,0.013146,0.074502,0.078061,0.500288,0.464032,0.420325,0.096616,WALKING
0.680021,0.289442,10.144683,0.029611,0.022269,0.111265,0.363548,0.525638,0.408736,0.117161,WALKING
0.478024,-0.001602,8.995079,0.032940,0.018748,0.060705,0.518470,0.370878,0.627042,0.081846,WALKING
0.560590,0.422808,9.368044,-0.004990,0.073182,0.074724,0.479979,0.489731,0.536124,0.105069,WALKING
0.338040,0.711527,9.284621,0.051471,0.063840,0.054158,0.407319,0.455765,0.287011,0.081439,WALKING
0.558696,0.012625,9.688918,0.035644,-0.031903,0.062871,0.420276,0.508907,0.434845,0.098755,WALKING
0.233406,0.425818,8.675330,0.038748,0.120404,0.097427,0.313855,0.493571,0.725819,0.104614,WALKING
0.547676,0.437698,9.345413,0.050076,0.057893,0.124429,0.442130,0.440138,0.512608,0.047700,WALKING
0.253512,0.126853,9.552250,0.068424,0.049242,0.040861,0.321105,0.453028,0.539231,0.089125,WALKING
0.531084,-0.007894,9.613743,0.044496,-0.031387,0.058818,0.461492,0.363276,0.341149,0.128657,WALKING
0.646154,0.481220,9.525900,0.046529,0.044840,0.008732,0.324464,0.390324,0.546471,0.147740,WALKING
0.323352,0.438851,8.990595,0.092199,0.025121,0.077787,0.665110,0.482087,0.572618,0.163832,WALKING
0.634982,0.298433,9.354729,0.047376,0.051456,0.097485,0.251490,0.395464,0.417505,0.124006,WALKING
-0.305327,0.092689,10.154428,0.062569,0.056984,0.061735,0.430014,0.289352,0.447078,0.073929,WALKING
0.686003,0.132161,9.114502,0.074533,0.000950,0.012318,0.392648,0.470615,0.628554,0.095529,WALKING
0.629242,-0.108989,9.341626,0.071337,0.030749,0.088977,0.559633,0.401126,0.647012,0.077602,WALKING
0.714293,-0.018568,9.044290,0.079047,0.053749,0.053110,0.570052,0.398349,0.568718,0.069446,WALKING
0.774950,0.336389,9.528423,0.063204,0.090593,0.101389,0.430537,0.091469,0.616106,0.069339,WALKING
0.100369,0.242805,9.294060,0.058452,0.012664,0.079764,0.421360,0.357944,0.688046,0.046344,WALKING
0.520137,0.636049,9.198991,0.053212,0.047508,0.098735,0.439604,0.306664,0.487350,0.066940,WALKING
0.205094,0.101903,9.073102,0.067793,0.020921,0.094977,0.468790,0.339206,0.491130,0.104497,WALKING
0.230734,0.471091,9.987418,0.101336,0.100044,0.083960,0.420701,0.397723,0.712309,0.109196,WALKING
0.280936,-0.097018,9.799516,0.041804,0.037375,0.082595,0.367959,0.296674,0.322514,0.136358,WALKING
0.590665,0.414976,9.216128,0.108327,0.044513,0.111956,0.227091,0.378645,0.862508,0.075645,WALKING
0.112885,0.312033,9.410820,0.054816,0.036004,0.087500,0.237247,0.482126,0.694313,0.104455,WALKING
0.378889,0.159172,9.579351,0.080202,0.040047,0.026466,0.424628,0.399663,0.650113,0.117321,WALKING
0.329241,0.369225,9.625231,0.052466,0.110981,0.117269,0.295407,0.380623,0.460345,0.099665,WALKING
0.586505,0.436484,9.488533,0.101596,0.055226,0.049445,0.455902,0.274119,0.480737,0.108375,WALKING
0.637800,0.421366,9.795471,0.049170,0.017256,0.050184,0.420132,0.343266,0.570939,0.078074,WALKING
0.341710,0.042209,9.990127,0.046561,0.066918,0.038923,0.493386,0.591452,0.564003,0.094590,WALKING
0.376867,0.511026,9.725967,0.079305,0.041296,0.049583,0.272509,0.254425,0.491330,0.098087,WALKING
0.583141,-0.041809,9.376739,0.025027,0.081288,0.087674,0.336627,0.419275,0.549350,0.034576,WALKING
0.345864,0.372310,9.890942,0.029422,0.005014,0.053201,0.297031,0.427444,0.462740,0.077520,WALKING
0.662172,0.481220,9.581773,0.077265,0.051899,0.002991,0.456831,0.488960,0.268829,0.075989,WALKING
0.446162,0.355682,9.690595,0.018165,0.082220,0.085026,0.311986,0.488310,0.535017,0.076040,WALKING
0.623307,0.405360,9.556399,0.079101,0.004069,0.048812,0.384740,0.495051,0.445804,0.132794,WALKING
0.703787,0.604430,9.646031,0.042765,0.051005,0.072492,0.455936,0.491979,0.355844,0.112070,WALKING
0.669211,0.265524,9.544713,0.082483,0.098916,0.126167,0.468615,0.487137,0.070034,0.096356,WALKING
0.496529,0.244947,9.875442,0.088316,0.047609,0.054172,0.561380,0.269770,0.707377,0.126754,WALKING
0.684309,0.536163,9.223878,0.051702,0.031612,0.043503,0.485131,0.354019,0.505413,0.134239,WALKING
0.563411,0.603882,9.175438,0.079354,0.062334,0.030026,0.431045,0.424246,0.381828,0.061713,WALKING
0.717284,0.225336,9.321114,0.052117,0.074517,0.111030,0.378004,0.285544,0.487894,0.048672,WALKING
0.834613,0.843418,9.532751,0.026927,0.005597,0.096430,0.543250,0.416053,0.651558,0.030224,WALKING
0.420226,0.604650,9.743772,0.016804,0.117342,0.018041,0.208294,0.349310,0.656787,0.100060,WALKING
0.165833,0.487200,9.561584,0.043151,0.037758,0.071013,0.422640,0.423552,0.564863,0.136786,WALKING
0.303752,0.351838,9.332979,0.057019,-0.008987,0.107640,0.388753,0.442564,0.464625,0.075627,WALKING
0.131597,0.230886,9.520265,0.043401,0.019611,0.082544,0.430077,0.304695,0.483564,0.125938,WALKING
0.788697,0.244218,9.834487,0.022484,0.027183,0.049845,0.458879,0.485111,0.430081,0.094638,WALKING
0.561183,0.307124,9.194423,0.058432,0.037530,0.126712,0.450827,0.303033,0.425448,0.122960,WALKING
0.508777,0.534128,9.689699,0.103381,0.025382,0.078511,0.498001,0.454934,0.424247,0.074899,WALKING
0.393808,0.088189,9.637207,0.104244,0.080881,0.117280,0.354363,0.278407,0.578361,0.132987,WALKING
0.168567,0.457601,9.165490,0.010224,0.069038,0.156778,0.516874,0.439543,0.570625,0.057815,WALKING
0.861245,0.262466,9.500490,0.054888,0.064742,0.116809,0.293154,0.498743,0.436057,0.097309,WALKING
0.639559,0.448301,9.649817,0.059663,0.057366,0.038099,0.282151,0.308794,0.532805,0.079414,WALKING
0.309799,0.488032,9.041945,0.088155,0.062201,0.074644,0.400068,0.250829,0.468036,0.151681,WALKING
0.555826,0.137903,9.449019,0.027393,0.050740,0.087890,0.418901,0.354469,0.773370,0.060925,WALKING
0.523739,0.317610,9.252067,0.039384,0.017954,0.050959,0.438637,0.395817,0.710870,0.040988,WALKING
0.412788,0.393900,8.930701,0.050174,0.044627,0.099049,0.421309,0.333102,0.487616,0.085807,WALKING
0.282948,0.289390,9.260839,0.052890,0.055269,0.122286,0.422969,0.529165,0.610964,0.103953,WALKING
0.429370,0.147217,9.291103,0.042799,0.064929,0.076926,0.500007,0.403788,0.433200,0.101084,WALKING
0.444915,0.208728,9.712399,0.032777,0.055910,0.071015,0.380917,0.306062,0.457999,0.082572,WALKING
0.319657,0.173273,10.001832,0.019291,0.034339,0.097473,0.429362,0.374402,0.820408,0.116710,WALKING
0.684049,-0.014551,9.712635,0.005882,0.092018,0.109312,0.169523,0.465213,0.579607,0.085090,WALKING
0.748817,0.550891,9.603975,-0.011884,0.061287,0.108249,0.318721,0.450279,0.338029,0.068293,WALKING
0.739123,0.364065,9.342651,0.056716,0.035119,0.058120,0.427484,0.479630,0.528987,0.088765,WALKING
0.257239,0.429806,9.205259,0.008740,0.043230,0.065767,0.391398,0.367074,0.515960,0.070032,WALKING
0.690534,0.177577,9.308612,0.095379,0.044823,0.062492,0.555469,0.473729,0.525382,0.054425,WALKING
0.461427,0.336726,9.672279,0.041066,0.055697,0.100626,0.461365,0.416128,0.353000,0.113444,WALKING
0.234843,-0.080883,9.275431,0.138280,0.059091,0.101727,0.570321,0.381951,0.650876,0.092539,WALKING
0.347300,0.208979,10.135386,0.045105,0.026482,0.099937,0.342658,0.433019,0.439888,0.098339,WALKING
0.668578,0.192548,9.464436,0.030706,0.039338,0.051051,0.411059,0.529712,0.411564,0.078864,WALKING
0.693848,0.426636,9.743669,0.070095,0.066337,0.141987,0.382387,0.383617,0.469484,0.100057,WALKING
0.465911,0.595085,9.659749,-0.029625,0.011935,0.104186,0.342836,0.524666,0.390548,0.136474,WALKING
0.246835,0.380390,9.439367,0.014883,0.072354,0.103838,0.445851,0.410306,0.362086,0.121102,WALKING
0.517251,0.453806,9.526361,0.042643,0.053361,0.094057,0.365595,0.252274,0.503269,0.067110,WALKING
0.450974,0.125539,9.495615,0.014914,0.071362,0.111563,0.569037,0.504030,0.588074,0.090883,WALKING
0.463514,0.354233,9.313362,0.020456,0.059080,0.098729,0.507183,0.285754,0.198242,0.109245,WALKING
0.455821,0.282060,9.583037,0.065265,0.105476,0.054926,0.520877,0.245787,0.258930,0.060306,WALKING
0.572637,0.091085,9.234382,-0.010809,0.048963,0.090829,0.359671,0.294243,0.452473,0.090837,WALKING
0.698327,-0.006937,9.894944,0.035202,0.066326,0.053127,0.465341,0.338789,0.448189,0.115092,WALKING
0.407252,0.030050,10.196148,0.079704,0.042555,0.090717,0.446276,0.450895,0.579357,0.145005,WALKING
0.776129,0.306200,9.554620,0.085801,0.002832,0.027575,0.521382,0.516854,0.599255,0.130463,WALKING
0.815788,0.373364,9.685282,0.022143,0.035353,0.093451,0.400138,0.344406,0.472553,0.096613,WALKING
0.269621,0.296729,9.515084,0.032365,0.065551,0.082175,0.313407,0.371563,0.530032,0.117784,WALKING
0.491755,0.218674,9.601518,0.033204,-0.001880,0.077488,0.372829,0.453946,0.129021,0.131640,WALKING
0.711471,0.328203,9.615853,0.020488,-0.019571,0.084994,0.163288,0.354555,0.573674,0.099794,WALKING
0.453377,0.343354,9.712329,0.031728,-0.024130,0.110959,0.394368,0.365574,0.521597,0.140469,WALKING
0.693157,0.167067,9.557778,0.043969,0.017417,0.116074,0.582466,0.365839,0.205569,0.116701,WALKING
0.514766,0.382379,9.851959,0.058196,0.033744,0.048072,0.354344,0.369514,0.314068,0.129682,WALKING
0.459813,0.351167,9.635334,0.046524,0.073867,0.066107,0.382317,0.268210,0.648771,0.147362,WALKING
0.389958,0.151968,9.730957,0.030300,0.087554,0.059733,0.386164,0.356028,0.542969,0.059723,WALKING
0.458502,0.394856,9.896437,0.014961,0.065093,0.077377,0.389450,0.518641,0.301039,0.086441,WALKING
0.656668,0.286912,10.056712,-0.000437,0.037939,0.035265,0.431406,0.298850,0.710200,0.134583,WALKING
0.614970,-0.031608,9.605842,0.043195,0.054977,0.062118,0.370070,0.292014,0.620336,0.162726,WALKING
0.430303,0.170971,9.260501,0.015402,0.082505,0.068299,0.468668,0.305299,0.387473,0.051727,WALKING
0.123388,0.399559,9.333364,0.044548,0.058564,0.051280,0.426740,0.254781,0.402387,0.083562,WALKING
0.272180,0.184493,9.381560,0.035223,0.071359,0.106267,0.344929,0.504932,0.371263,0.142151,WALKING
0.900193,0.030777,9.334760,0.073359,0.035315,0.113438,0.339834,0.299034,0.687973,0.097195,WALKING
-0.046351,0.505448,9.203502,0.075836,0.061376,0.052517,0.396687,0.314602,0.777633,0.148045,WALKING
0.259183,-0.058934,9.145805,-0.002103,0.032279,0.068975,0.265627,0.414880,0.492550,0.055158,WALKING
0.256924,0.248217,10.170959,0.090499,0.078557,0.098189,0.433371,0.264932,0.491565,0.086208,WALKING
0.322145,0.152951,9.376196,0.019080,0.064585,0.082737,0.337626,0.284569,0.372840,0.104797,WALKING
0.493123,0.540961,9.370685,0.049458,0.035197,0.038380,0.473562,0.374325,0.307756,0.097516,WALKING
0.543533,0.444751,9.693645,0.078506,0.025414,0.096183,0.407218,0.379467,0.246969,0.137874,WALKING
0.719599,0.295536,10.243720,0.032444,0.083791,0.102230,0.635712,0.408946,0.445970,0.113015,WALKING
0.304013,0.043435,10.014104,0.073132,0.018068,0.107574,0.544825,0.402974,0.440142,0.026683,WALKING
0.726808,0.147357,8.981993,0.021452,0.001394,0.113316,0.343345,0.340937,0.326186,0.147641,WALKING
0.472032,0.500021,9.169015,0.059257,0.039685,0.073705,0.531074,0.374875,0.499852,0.097155,WALKING
-0.129462,0.146490,9.638132,0.098925,0.086144,0.067117,0.269912,0.407403,0.533257,0.052165,WALKING
0.676879,-0.014292,9.137133,0.084485,0.082981,0.068456,0.327330,0.268561,0.449497,0.088529,WALKING
0.619931,0.363860,9.832505,0.131883,0.008104,0.075550,0.331046,0.378777,0.214620,0.113622,WALKING
0.680556,-0.018402,9.627497,0.071669,0.049025,0.126328,0.442886,0.500603,0.519164,0.042408,WALKING
0.308871,0.333379,9.284986,0.080842,0.095881,0.067308,0.304195,0.284952,0.555986,0.115795,WALKING
0.487032,0.229497,9.548951,0.054575,0.032482,0.126455,0.410600,0.365804,0.706384,0.105683,WALKING
0.233853,0.371395,9.611076,0.060838,0.080928,0.112486,0.447784,0.248728,0.280983,0.144905,WALKING
0.548895,0.427740,9.580512,0.025430,-0.001503,0.098677,0.448804,0.401190,0.782398,0.092344,WALKING
0.514990,0.492335,10.167826,0.023130,0.059060,0.096609,0.387308,0.517396,0.574886,0.109048,WALKING
0.926442,0.318383,9.282187,0.027755,0.016493,0.056007,0.511044,0.393776,0.519198,0.186947,WALKING
0.480187,0.921296,9.175480,0.097302,0.070507,0.094318,0.250931,0.304570,0.632006,0.137943,WALKING
0.413682,0.726991,9.252627,0.081025,0.062301,0.091621,0.348281,0.359487,0.582098,0.134024,WALKING
0.206978,0.485593,9.340530,0.031317,0.083310,0.069901,0.296009,0.446742,0.303751,0.095358,WALKING
0.868455,0.319355,9.060647,0.061881,0.064119,0.106986,0.291119,0.474469,0.428632,0.075545,WALKING
0.356593,0.505161,9.696180,0.084821,0.014089,0.089699,0.345774,0.529203,0.433414,0.090853,WALKING
0.689679,0.156297,9.955839,0.053331,0.032300,0.120155,0.425899,0.156419,0.798433,0.111511,WALKING
0.638330,0.271299,9.780119,0.085428,0.016614,0.105089,0.509436,0.305412,0.578714,0.113765,WALKING
0.368064,0.481730,9.846334,0.059829,0.040414,0.138288,0.529737,0.368622,0.503847,0.131700,WALKING
0.591109,-0.128631,9.332274,0.017063,-0.016931,0.070006,0.371629,0.374874,0.239792,0.113519,WALKING
0.352303,0.418779,9.663691,0.015733,0.053336,0.134806,0.412248,0.450388,0.403333,0.121193,WALKING
0.672571,0.412260,9.540685,0.050870,0.080653,0.093520,0.333016,0.520788,0.752012,0.076045,WALKING
0.475485,0.212905,9.482847,0.057145,0.038164,0.067656,0.408626,0.531656,0.294846,0.153737,WALKING
0.161454,0.459645,9.107963,0.068527,0.067311,0.100265,0.308662,0.308483,0.610916,0.121396,WALKING
0.553895,0.377966,9.631959,0.117546,0.074012,0.093586,0.211975,0.134062,0.362653,0.081310,WALKING
0.526395,0.119256,9.497830,0.068727,0.037878,0.105094,0.359173,0.240181,0.504361,0.069987,WALKING
0.518314,-0.275806,9.264092,0.042564,-0.004076,0.053856,0.501785,0.354765,0.219939,0.161768,WALKING
0.959320,0.356679,9.075574,0.019030,0.066250,0.068985,0.312083,0.489537,0.598773,0.094645,WALKING
0.586727,0.262882,9.640313,-0.009504,0.072626,0.063532,0.303412,0.301789,0.609432,0.121193,WALKING
0.366391,0.060877,9.045227,0.028136,0.084179,0.083279,0.419520,0.425681,0.565790,0.091401,WALKING
0.600423,0.407521,8.775561,0.063713,0.078819,0.079529,0.410111,0.602033,0.255043,0.098185,WALKING
0.660093,0.052574,9.513026,0.056261,0.018741,0.066491,0.569614,0.279007,0.345573,0.062658,WALKING
0.755789,0.335294,9.557232,0.063361,0.098998,0.092848,0.401190,0.455590,0.725219,0.018974,WALKING
0.747924,0.514894,9.720487,0.040896,0.087533,0.094693,0.319407,0.425513,0.395196,0.095686,WALKING
0.334561,0.058260,8.770811,0.086839,0.035366,0.060552,0.403437,0.358495,0.413403,0.048433,WALKING
0.654728,0.270070,9.996658,0.020811,0.035851,0.061334,0.384511,0.453459,0.540837,0.110098,WALKING
0.353732,0.515700,9.720131,0.017120,0.057764,0.061121,0.423015,0.442114,0.525572,0.065938,WALKING
0.494676,0.157659,9.275680,0.077437,0.021754,0.113491,0.406464,0.527374,0.251152,0.091492,WALKING
0.757952,0.533360,9.595025,0.070769,0.035355,0.098191,0.508739,0.436526,0.531181,0.167675,WALKING
0.442792,0.011460,9.357192,0.054500,0.083081,0.069356,0.558740,0.239824,0.656028,0.105249,WALKING
0.784897,0.318653,9.769113,0.069121,0.076466,0.048445,0.461643,0.450017,0.573438,0.120114,WALKING
0.386659,0.130481,9.305978,0.052198,0.074741,0.035850,0.357891,0.388791,0.637377,0.090487,WALKING
0.471834,0.445346,8.599585,0.056062,0.069571,0.106284,0.386992,0.294484,0.363139,0.143152,WALKING
0.318492,0.429877,9.865585,0.109851,0.039277,0.069125,0.569805,0.248818,0.365683,0.118417,WALKING
0.651027,0.626354,9.332832,0.011478,0.087546,0.062849,0.193919,0.480152,0.505161,0.101496,WALKING
0.342477,0.272205,9.845092,0.075851,-0.003945,0.069211,0.538773,0.270312,0.368921,0.100433,WALKING
0.584342,0.520877,9.586302,0.048859,0.071167,0.027670,0.275436,0.359671,0.479910,0.141956,WALKING
0.805684,0.450704,8.683167,0.059973,0.057406,0.113753,0.466956,0.300997,0.491689,0.073699,WALKING
0.670351,0.199783,10.427553,0.020621,0.065078,0.060936,0.397198,0.420055,0.478988,0.141385,WALKING
0.229770,0.270652,9.520673,0.119592,0.129497,0.057821,0.294228,0.299650,0.654574,0.074343,WALKING
0.948286,0.269456,9.290569,0.094091,0.050723,0.074403,0.331807,0.349824,0.135377,0.123673,WALKING
0.298351,0.091418,9.763748,0.009164,0.031094,0.051946,0.444958,0.521332,0.245036,0.123899,WALKING
0.576025,0.361011,9.670867,0.079838,0.004616,0.057890,0.306277,0.351779,0.617275,0.109013,WALKING
0.331003,0.418132,9.748811,0.047378,0.050451,0.094305,0.415862,0.443179,0.648952,0.146604,WALKING
0.213776,0.265080,9.517669,0.076041,0.002620,0.089845,0.311606,0.370309,0.555230,0.083801,WALKING
0.624890,0.327755,9.664382,0.068885,0.025255,0.062352,0.401450,0.495409,0.518224,0.098078,WALKING
0.808350,0.594315,9.561040,0.067959,-0.004951,0.093318,0.316814,0.349686,0.698461,0.091895,WALKING
0.296428,0.356634,9.534172,0.065361,0.002999,0.065005,0.492513,0.388624,0.515813,0.096863,WALKING
0.379906,0.168494,9.540849,0.085347,0.042432,0.054034,0.396568,0.214261,0.261008,0.173503,WALKING
0.873705,0.263942,9.027979,0.113140,0.071900,0.069719,0.338733,0.493884,0.669552,0.122838,WALKING
0.481540,0.360059,9.360627,0.009736,0.008928,0.094819,0.437999,0.349573,0.709586,0.068772,WALKING
0.223362,0.131310,9.557652,0.095470,0.046095,0.062694,0.352530,0.550562,0.360127,0.109611,WALKING
0.637449,0.069378,9.209630,0.009466,0.060920,0.053833,0.433646,0.481614,0.494350,0.100737,WALKING
0.584798,0.420480,9.644359,0.050823,0.042288,0.077440,0.334026,0.233979,0.520839,0.159334,WALKING
0.602045,0.401237,9.568326,0.055757,0.080805,0.064790,0.444225,0.469075,0.379478,0.138440,WALKING
0.303882,0.340443,9.434667,0.042982,0.041305,0.008039,0.200228,0.567024,0.519215,0.083556,WALKING
0.363181,0.627606,9.645869,0.075186,0.069309,0.099769,0.571068,0.445797,0.538716,0.109251,WALKING
0.564083,0.566816,9.416022,0.050329,0.067984,0.144275,0.318693,0.377199,0.490030,0.101253,WALKING
0.379182,0.181990,9.562568,0.033172,0.049127,0.127334,0.374337,0.512026,0.325727,0.124265,WALKING
0.384909,0.061881,9.102841,0.007027,0.064946,0.040950,0.192535,0.375431,0.389865,0.111964,WALKING
0.738407,0.279762,9.564469,0.088734,0.011931,0.119682,0.488349,0.405542,0.565270,0.102657,WALKING
0.525761,0.438890,9.608004,0.038021,0.042278,0.109489,0.243164,0.360024,0.347511,0.095743,WALKING
0.660652,0.554597,9.947536,0.064988,0.060181,0.077466,0.480634,0.330487,0.563929,0.124711,WALKING
0.660475,0.044190,9.835319,0.070248,0.022357,0.096588,0.468626,0.285131,0.470180,0.100886,WALKING
0.605717,0.277063,9.654318,0.066179,0.084616,0.067140,0.267192,0.361513,0.594288,0.103126,WALKING
0.416948,0.576285,9.355815,0.060376,0.076205,0.125840,0.348762,0.480523,0.685923,0.049426,WALKING
0.321248,0.232864,9.410406,0.012497,0.070732,0.087228,0.393195,0.402734,0.448064,0.122511,WALKING
0.554684,0.529571,9.851086,0.077555,0.093667,0.047462,0.368052,0.330228,0.702250,0.054733,WALKING
0.503560,0.481764,9.015213,0.048177,0.024400,0.076285,0.445657,0.533825,0.561558,0.065590,WALKING
0.511606,0.549096,9.348394,0.036289,0.085719,0.085932,0.526191,0.505762,0.333436,0.108739,WALKING
0.221522,0.408155,9.902703,0.067726,0.100570,0.063133,0.225646,0.242337,0.531605,0.065051,WALKING
0.737084,0.059907,9.340465,0.053489,0.054734,0.104974,0.132055,0.364938,0.587288,0.063785,WALKING
0.615293,0.611489,9.018472,0.012753,0.047030,0.079329,0.572063,0.357473,0.542050,0.048342,WALKING
0.645894,0.250383,9.678020,0.059126,0.070418,0.086246,0.396725,0.563698,0.467540,0.094356,WALKING
0.747649,0.275177,9.813812,0.028960,0.098419,0.077132,0.467342,0.316023,0.500139,0.145679,WALKING
0.209265,0.167064,9.440543,0.021292,0.063633,0.130306,0.569311,0.479076,0.683541,0.091769,WALKING
0.258280,0.504610,9.078156,0.070163,0.027109,0.054980,0.377816,0.324151,0.308278,0.106995,WALKING
0.663913,0.273326,10.254662,0.065224,0.064454,0.041865,0.470302,0.436328,0.425190,0.128409,WALKING
0.481565,0.520556,9.413651,0.096274,0.105200,0.121505,0.646260,0.345740,0.429671,0.086991,WALKING
0.392550,0.324604,9.763470,0.011267,-0.013889,0.083022,0.517110,0.332209,0.307522,0.085688,WALKING
0.565211,0.155906,9.608274,0.043194,0.044244,0.094922,0.400559,0.426761,0.425755,0.124448,WALKING
0.561907,0.403006,9.833343,0.099580,0.043808,0.095171,0.377005,0.375217,0.446248,0.177982,WALKING
0.317394,-0.097308,9.640347,0.115118,0.057803,0.069233,0.415379,0.470338,0.482361,0.157119,WALKING
0.136831,0.483267,9.571614,0.044457,0.050102,0.120413,0.313157,0.402608,0.339633,0.052687,WALKING
0.425538,0.259419,9.147022,0.038748,0.028893,0.098075,0.346987,0.638484,0.355573,0.112717,WALKING
0.491835,0.586890,9.818135,0.080222,0.047966,0.053660,0.349821,0.445756,0.492074,0.088299,WALKING
0.624200,0.350746,9.629933,0.049566,0.009908,0.086730,0.371011,0.286230,0.461678,0.123416,WALKING
0.449133,0.292366,9.548412,0.013349,0.045725,0.081411,0.364013,0.383285,0.337738,0.067333,WALKING
0.544430,0.457842,9.514681,-0.011431,0.033447,0.099287,0.420841,0.298595,0.421021,0.060375,WALKING
0.241161,0.460383,9.826091,0.022758,0.063128,0.009713,0.379881,0.425686,0.599537,0.108486,WALKING
0.379560,0.373546,9.213335,0.085470,0.063309,0.072271,0.201940,0.323779,0.357703,0.045035,WALKING
0.332087,0.409562,8.792421,0.089390,0.061570,0.054854,0.322305,0.530529,0.489521,0.066062,WALKING
0.540682,0.306934,9.367937,0.074468,0.064302,0.061133,0.167224,0.443668,0.746827,0.125827,WALKING
0.281964,0.592810,9.828717,0.138731,0.082825,0.084487,0.336082,0.265941,0.532302,0.108669,WALKING
0.487247,-0.006705,8.917553,0.079494,0.075617,0.064175,0.459071,0.470008,0.671276,0.075359,WALKING
0.323464,0.256336,9.659661,0.097844,0.064885,0.080288,0.437974,0.467508,0.501678,0.041423,WALKING
0.878002,0.376275,9.444352,0.016773,0.002192,0.086720,0.213597,0.328648,0.405552,0.118003,WALKING
0.747942,0.515259,9.793900,0.055561,0.046556,0.119079,0.541614,0.391067,0.531759,0.057904,WALKING
0.452701,0.331875,9.487740,0.030435,0.089280,0.052432,0.515866,0.523071,0.218304,0.054204,WALKING
0.567925,0.316932,9.968569,-0.000437,0.055012,0.067482,0.238556,0.361584,0.612603,0.132704,WALKING
0.378783,0.114193,9.832767,0.070439,0.072202,0.069539,0.447077,0.515907,0.686663,0.128695,WALKING
0.412449,0.337773,10.002099,0.056515,0.050863,0.053049,0.366359,0.571763,0.274071,0.107786,WALKING
0.485475,0.081825,8.895723,0.059259,0.068274,0.092222,0.427213,0.432900,0.588036,0.116571,WALKING
0.417325,0.376558,9.580814,0.059680,0.006348,0.117322,0.393261,0.367307,0.274613,0.063409,WALKING
0.396024,0.639065,9.498548,0.039317,0.075839,0.096945,0.394228,0.245742,0.172813,0.129700,WALKING
0.445132,0.498698,10.099376,0.042712,0.049853,0.106506,0.462512,0.330875,0.500619,0.108289,WALKING
0.561609,0.676672,9.057558,0.056080,0.044849,0.055253,0.461002,0.413114,0.445966,0.103235,WALKING
0.526350,0.160446,9.491636,0.024538,0.033747,0.168684,0.505050,0.594476,0.552462,0.096623,WALKING
0.696560,0.269926,9.348182,0.018018,0.055682,0.056989,0.242322,0.364329,0.499650,0.138952,WALKING
0.236519,0.470775,8.749417,0.030653,0.022121,0.059264,0.466587,0.253489,0.498414,0.082032,WALKING
0.665822,0.342794,8.859766,0.098871,0.080929,-0.048779,0.380763,0.542093,0.676021,0.090888,WALKING
0.655963,0.117181,9.556968,0.038171,0.054934,0.013720,0.289841,0.442382,0.439543,0.121635,WALKING
0.656130,0.471110,9.506663,0.030348,0.049689,0.097907,0.413442,0.350329,0.466134,0.086768,WALKING
0.694955,0.093844,9.510706,0.059402,0.034627,0.108003,0.330356,0.307636,0.613230,0.088700,WALKING
0.505020,0.327519,9.742407,-0.019550,0.031601,0.110091,0.375380,0.296970,0.404269,0.068781,WALKING
0.531552,0.528321,9.362922,0.070631,0.025501,0.080527,0.405978,0.268759,0.758494,0.135457,WALKING
0.634876,0.218040,9.909060,0.034238,0.077236,0.067566,0.494676,0.505186,0.490216,0.095625,WALKING
0.385890,0.384806,9.423242,0.054218,0.015774,0.083237,0.455754,0.355959,0.592245,0.076558,WALKING
0.665431,0.419446,8.873220,0.060067,0.049745,0.099341,0.475781,0.251927,0.321232,0.069748,WALKING
0.809358,0.108721,9.132565,0.049058,0.052406,0.075336,0.426830,0.339315,0.534783,0.096363,WALKING
0.812549,0.348639,9.188077,0.042153,-0.000077,0.123674,0.343262,0.408239,0.622885,0.155178,WALKING
0.460119,0.186921,9.396352,0.014035,0.000347,0.079378,0.526268,0.253546,0.341301,0.081882,WALKING
-0.145324,0.410507,9.353324,0.030394,0.097761,0.056267,0.471274,0.313527,0.633123,0.100213,WALKING
0.688056,0.188942,10.040048,0.002209,0.108539,0.092061,0.386213,0.217897,0.423575,0.045210,WALKING
0.618824,0.206039,9.652513,0.021629,0.047833,0.049955,0.516789,0.367018,0.765279,0.094906,WALKING
0.563588,0.561309,9.490173,0.031261,-0.010810,0.030844,0.315365,0.407712,0.686041,0.173297,WALKING
0.575832,0.198929,9.419328,0.047882,0.015300,0.103450,0.307677,0.365090,0.488031,0.104520,WALKING
0.920300,0.299343,8.809898,0.082972,0.037031,0.105364,0.294032,0.454560,0.623862,0.099096,WALKING
0.961729,0.558922,9.760373,0.003989,0.019859,0.103638,0.430436,0.493991,0.387306,0.123498,WALKING
0.360027,0.423866,9.874299,0.048634,0.029745,0.130386,0.203457,0.417119,0.274532,0.097715,WALKING
0.657344,0.220296,9.781760,0.060541,0.030194,0.075554,0.319542,0.278028,0.389001,0.088456,WALKING
0.621450,0.448841,9.284124,0.020971,0.085624,0.075007,0.443744,0.494269,0.360297,0.080730,WALKING
0.597158,0.371580,9.194585,0.041434,0.057995,0.038120,0.510584,0.488807,0.566724,0.168148,WALKING
0.540699,0.549652,9.185539,0.007524,0.064538,0.064956,0.408919,0.276559,0.231282,0.035962,WALKING
0.460058,0.362470,9.819725,0.106870,0.045673,0.034422,0.326991,0.360624,0.379031,0.044498,WALKING
0.507643,0.599697,9.746961,0.099604,0.034570,0.049219,0.525501,0.331649,0.442956,0.075480,WALKING
0.534599,0.027693,10.103269,0.039875,0.042993,0.101621,0.371237,0.548386,0.343732,0.117097,WALKING
0.265993,0.269137,9.264988,0.061286,0.039932,0.072947,0.443570,0.329103,0.412433,0.121375,WALKING
0.376672,0.370680,9.171742,0.033274,0.056157,0.015423,0.295880,0.480293,0.420001,0.081676,WALKING
0.550667,0.602583,9.032502,0.002366,0.040739,0.084862,0.261872,0.347421,0.404641,0.055226,WALKING
0.515306,0.298141,9.309420,0.057062,-0.004506,0.062713,0.407228,0.326392,0.367340,0.106370,WALKING
0.540429,0.435773,9.220653,0.039511,0.079830,0.038479,0.335915,0.346629,0.224719,0.086762,WALKING
0.245626,0.251163,9.476346,-0.000854,0.040366,0.114181,0.319729,0.282644,0.374131,0.095078,WALKING
0.418292,0.384523,9.350818,0.007036,0.074231,0.065085,0.370259,0.341410,0.630055,0.086434,WALKING
0.582987,0.114762,9.399998,0.071113,0.066966,0.085871,0.573753,0.209280,0.449699,0.149876,WALKING
0.415616,0.282029,8.789259,0.080615,0.061625,0.082250,0.289256,0.347214,0.297210,0.116834,WALKING
0.683182,0.444490,9.683751,0.020629,0.109693,0.064593,0.461596,0.542595,0.910402,0.086642,WALKING
0.364210,0.138570,9.150870,0.077837,0.041853,0.081189,0.603529,0.508413,0.574059,0.091884,WALKING
0.243919,0.034671,9.423162,0.027383,0.053387,0.103654,0.559018,0.466451,0.560496,0.046611,WALKING
0.686515,0.828917,9.612826,0.055716,0.049202,0.024947,0.426314,0.480055,0.472507,0.082747,WALKING
0.671240,0.548563,9.740003,0.003485,0.064248,0.067744,0.418802,0.511443,0.388185,0.091833,WALKING
0.578504,0.285234,9.561525,0.031059,0.071008,0.078201,0.434283,0.416863,0.233543,0.096044,WALKING
0.683381,0.429896,9.386506,0.036055,0.020437,0.056143,0.346603,0.290892,1.000592,0.095785,WALKING
0.687347,0.294318,9.522081,0.040035,0.075743,0.007868,0.356265,0.328955,0.520040,0.134676,WALKING
0.396029,0.035525,9.416062,0.068568,0.052439,0.077072,0.511989,0.482772,0.610087,0.133040,WALKING
0.356308,0.839127,9.030267,-0.002939,0.020685,0.104007,0.333761,0.358162,0.612001,0.123594,WALKING
0.162583,0.018396,8.900074,0.079870,0.026329,0.118392,0.584163,0.480455,0.603227,0.054129,WALKING
0.685550,0.350520,9.263204,0.011202,0.053341,0.096045,0.459926,0.194267,0.319010,0.130357,WALKING
0.510398,0.372110,9.693137,0.071915,0.090027,0.081399,0.368791,0.422312,0.454439,0.154196,WALKING
0.482727,0.523246,9.637325,0.086427,0.074302,0.154113,0.458286,0.352427,0.456293,0.106489,WALKING
0.760001,0.123698,9.797967,0.035565,0.056238,0.048523,0.493871,0.285020,0.716911,0.147053,WALKING
0.265345,0.677355,9.072051,0.110469,0.112811,0.085017,0.375598,0.414756,0.599453,0.085553,WALKING
0.469220,0.153847,9.632846,0.034959,0.086138,0.089330,0.550762,0.443074,0.458821,0.119886,WALKING
0.332153,0.327787,9.486869,0.075025,-0.001215,0.091468,0.620251,0.529793,0.376420,0.061747,WALKING
0.452569,0.223464,8.775410,0.084292,0.054819,0.059953,0.433547,0.463909,0.565312,0.117120,WALKING
0.606075,0.673531,8.879293,0.082182,0.052316,0.074038,0.315184,0.296644,0.408582,0.110980,WALKING
0.468361,0.132237,9.445971,-0.022668,0.059382,0.064982,0.389291,0.400473,0.441246,0.128518,WALKING
0.433745,0.334651,9.409830,-0.000372,0.025030,0.073916,0.227134,0.483751,0.495514,0.141953,WALKING
0.552143,0.096694,9.843812,0.029645,0.041074,0.045146,0.322907,0.449014,0.364464,0.111757,WALKING
0.783105,0.230023,9.569236,0.096541,0.015183,0.102546,0.417130,0.347029,0.398738,0.113414,WALKING
0.548819,0.216829,9.615251,0.062184,-0.018039,0.056060,0.506649,0.410908,0.469296,0.115921,WALKING
0.599046,0.674533,9.606245,0.006847,0.003336,0.001833,0.373128,0.440962,0.361376,0.097858,WALKING
0.490011,0.484706,9.276737,0.043339,0.056442,0.077195,0.373815,0.561600,0.318906,0.098732,WALKING
0.749704,0.348176,9.455223,0.019671,0.082412,0.085039,0.414433,0.326860,0.367551,0.097211,WALKING
0.521570,0.388917,9.770921,0.011999,0.063039,0.074111,0.493950,0.241524,0.621823,0.087061,WALKING
0.529525,0.274530,9.608097,-0.006558,-0.005122,0.097130,0.425743,0.512851,0.498161,0.098446,WALKING
0.466704,0.418744,9.536992,0.085243,0.066156,0.051723,0.384095,0.589881,0.546053,0.120741,WALKING
0.771954,0.533814,9.852463,0.070798,0.055047,0.077736,0.205335,0.100635,0.736577,0.081133,WALKING
0.505147,0.138374,9.193292,0.050132,0.079195,0.073557,0.478593,0.240614,0.481125,0.120415,WALKING
0.267254,0.346382,9.089856,-0.008520,0.076336,0.114875,0.285580,0.255263,0.554742,0.111477,WALKING
0.364642,0.416783,9.519189,0.060142,0.035603,0.045204,0.519559,0.523029,0.419865,0.137641,WALKING
0.660053,0.099242,9.458447,0.074750,0.087278,0.130652,0.462752,0.374299,0.522139,0.097476,WALKING
0.160542,0.228943,10.144341,0.056219,0.035165,0.051334,0.540266,0.294759,0.746483,0.055966,WALKING
0.230208,0.233817,9.444510,0.087136,0.005956,0.133316,0.513728,0.351195,0.256459,0.124378,WALKING
0.600020,0.094991,9.247468,0.047003,0.002300,0.099173,0.366094,0.460029,0.278785,0.053737,WALKING
0.399405,0.427304,9.501526,0.080674,0.067229,0.061414,0.380174,0.386723,0.566111,0.080842,WALKING
0.402382,0.200354,9.581181,0.076174,0.077971,0.046960,0.354460,0.268307,0.421266,0.087776,WALKING
0.168223,0.048186,9.757760,0.065153,0.057974,0.099530,0.557208,0.187694,0.567422,0.081812,WALKING
0.608954,0.219688,10.134078,0.006444,0.072453,0.085670,0.289302,0.421008,0.496635,0.080817,WALKING
0.524225,0.292269,9.680270,0.023316,0.043755,0.101529,0.399528,0.389089,0.646577,0.083779,WALKING
0.556104,0.710004,9.697166,0.072209,0.081293,0.084934,0.474295,0.500971,0.424455,0.109251,WALKING
0.225679,0.366336,9.833779,0.082306,0.079849,0.081977,0.497045,0.411751,0.513202,0.122204,WALKING
0.818805,0.514903,9.586637,0.025166,-0.000388,0.113003,0.329603,0.467788,0.633910,0.051553,WALKING
0.721974,0.121053,9.548696,0.069820,0.031519,0.101916,0.479058,0.432698,0.668450,0.069637,WALKING
0.890937,-0.159439,9.365648,0.037165,0.025504,0.075763,0.380053,0.213248,0.694717,0.130356,WALKING
0.601294,0.116924,9.695087,0.033367,0.077350,0.078426,0.328610,0.434912,0.519862,0.084785,WALKING
0.360781,0.130336,9.623782,0.050338,0.014277,0.080098,0.430228,0.377896,0.409041,0.121372,WALKING
0.085023,0.223849,9.243763,0.060317,0.100159,0.110838,0.484955,0.320898,0.542669,0.079259,WALKING
0.356109,0.285086,9.599038,0.083652,0.040267,0.044367,0.617461,0.497737,0.366524,0.078344,WALKING
0.314356,0.547863,9.899087,0.072108,0.043941,0.062784,0.498803,0.309127,0.409696,0.081422,WALKING
0.600417,0.573354,9.491333,0.069802,0.057807,0.083077,0.386812,0.266587,0.266177,0.033947,WALKING
0.629222,0.410448,9.696313,0.013905,0.021796,0.099770,0.396142,0.161274,0.496406,0.103625,WALKING
0.524865,-0.088911,9.345126,0.083880,0.014889,0.090516,0.495257,0.200835,0.422226,0.058597,WALKING
0.689518,0.303604,9.114691,0.025368,0.056335,0.101054,0.436624,0.344966,0.609988,0.073359,WALKING
0.534725,0.274508,9.365273,0.074531,0.100996,0.033044,0.461260,0.401881,0.479855,0.095204,WALKING
0.219818,0.181776,9.614279,0.068364,0.049698,0.080680,0.428601,0.325245,0.344587,0.105367,WALKING
0.869218,0.653977,9.185066,0.024257,0.052901,0.080515,0.469066,0.326964,0.695321,0.118269,WALKING
0.535214,0.363351,10.365831,0.097946,0.027311,0.085370,0.337816,0.337901,0.502656,0.095959,WALKING
0.467059,0.388298,9.627394,0.077330,0.018075,0.092614,0.452354,0.472207,0.495426,0.156932,WALKING
0.590743,0.374589,9.191627,0.063820,-0.026347,0.078512,0.423024,0.381715,0.480711,0.078895,WALKING
0.253020,-0.063536,8.981594,0.034592,0.067366,0.078723,0.192765,0.457099,0.405469,0.103800,WALKING
0.609948,0.169886,9.624713,0.043861,0.047350,0.033671,0.397044,0.308677,0.422128,0.093236,WALKING
0.523663,0.641221,9.708959,0.042651,0.018666,0.061007,0.377267,0.409809,0.469120,0.142403,WALKING
0.732612,0.285849,9.393746,0.057408,0.034861,0.067920,0.442789,0.300583,0.486485,0.135087,WALKING
0.687453,0.681002,9.448268,0.050751,0.065510,0.061779,0.330912,0.488970,0.246749,0.069623,WALKING
0.448062,0.243536,9.993777,0.038416,0.042470,0.089806,0.361406,0.386776,0.723507,0.091862,WALKING
0.482941,0.310917,9.679327,0.052357,0.046522,0.130848,0.287387,0.438312,0.378280,0.093107,WALKING
0.791396,0.609571,9.436420,0.108102,0.021242,0.083813,0.461910,0.473452,0.683140,0.060917,WALKING
0.885609,0.297525,8.938274,0.048963,0.053169,0.100288,0.347168,0.357148,0.778936,0.095859,WALKING
0.232700,0.509506,10.192197,0.011556,0.029518,0.049631,0.304561,0.461733,0.384436,0.113747,WALKING
0.499974,0.685883,9.784692,0.026077,0.010631,0.110998,0.420326,0.447838,0.345930,0.140274,WALKING
0.628045,0.175871,9.427140,0.111232,0.027018,0.035424,0.480855,0.317185,0.235946,0.105498,WALKING
0.685365,0.413631,9.606024,0.052690,0.092687,0.112204,0.393638,0.275490,0.508089,0.081882,WALKING
0.296036,0.209482,9.421831,0.033364,0.046036,0.093047,0.424835,0.363959,0.546181,0.060963,WALKING
0.147316,0.464490,9.596219,-0.004052,0.076350,0.052648,0.370229,0.496334,0.709617,0.106307,WALKING
0.552515,0.117677,9.133112,0.017826,0.019835,0.070928,0.529724,0.419653,0.569721,0.095220,WALKING
0.438979,0.019472,9.175729,0.026443,0.065209,0.107121,0.558589,0.496629,0.500915,0.060441,WALKING
0.736488,0.509492,9.179190,0.065575,0.073110,0.111874,0.270627,0.478350,0.389952,0.116144,WALKING
0.250492,0.341303,9.589782,-0.004225,0.069263,0.119022,0.411593,0.452925,0.659476,0.129375,WALKING
0.350688,0.314956,9.251900,0.020293,0.018706,0.092170,0.255706,0.643905,0.456248,0.072908,WALKING
0.258617,0.362762,9.343019,0.044283,0.047738,0.072878,0.438748,0.466945,0.715126,0.123821,WALKING
0.597651,0.274207,9.160567,0.076969,0.047020,0.141192,0.392267,0.385719,0.444640,0.119097,WALKING
0.603696,0.609907,9.596877,0.025753,0.004905,0.100382,0.455916,0.236862,0.379331,0.133124,WALKING
0.488244,0.259283,9.305621,0.029333,0.015407,0.046804,0.483482,0.337591,0.250945,0.063935,WALKING
0.713916,0.557586,9.747067,0.088325,0.013008,0.127337,0.308396,0.482584,0.618300,0.118746,WALKING
0.182235,0.597895,9.271709,0.080747,0.099518,0.122350,0.332759,0.405731,0.332064,0.109423,WALKING
1.028283,0.512969,9.427697,0.002202,-0.022274,0.059609,0.387199,0.451623,0.470306,0.135068,WALKING
0.525560,0.162649,8.983300,0.116591,0.094696,0.075963,0.372958,0.309598,0.528586,0.079256,WALKING
0.467555,0.581544,9.475123,0.011971,0.075566,0.043256,0.347172,0.274029,0.232101,0.111560,WALKING
0.527831,0.424920,9.824498,0.021997,0.002506,0.094967,0.357296,0.483989,0.596368,0.106775,WALKING
0.534666,0.693470,9.330339,0.059365,0.042037,0.058223,0.445338,0.504720,0.593394,0.061142,WALKING
0.555591,0.215282,9.849855,0.022146,-0.021758,0.102681,0.490995,0.297457,0.518150,0.062709,WALKING
0.488048,0.248500,9.435720,-0.013353,0.055352,0.037435,0.202099,0.422219,0.504165,0.143791,WALKING
0.302816,0.131700,9.983104,0.062284,0.034200,0.079771,0.329826,0.337568,0.473212,0.104827,WALKING
0.316446,0.362213,9.203568,0.060801,0.020359,0.110054,0.567385,0.383115,0.388607,0.064447,WALKING
0.700832,0.082779,9.539661,0.107103,0.039525,0.068607,0.354110,0.306809,0.462574,0.036872,WALKING
-0.128729,0.232352,9.969259,0.077837,0.061314,0.051853,0.383686,0.383197,0.587850,0.082638,WALKING
0.317648,0.255019,9.464865,0.053610,0.087018,0.040474,0.354492,0.372016,0.716319,0.063378,WALKING
0.439093,0.206980,9.395565,0.074926,0.057359,0.090090,0.387043,0.327930,0.769904,0.148204,WALKING
0.621575,0.381387,9.393627,0.007646,0.069129,0.035500,0.290664,0.474771,0.544970,0.044469,WALKING
0.723265,0.544746,9.449598,0.048086,0.056783,0.122010,0.208451,0.355666,0.347827,0.087211,WALKING
0.370377,0.215687,9.173777,0.086094,-0.010161,0.074404,0.336924,0.465232,0.453532,0.178215,WALKING
0.275441,0.916143,9.468845,0.081333,0.075683,0.089215,0.548238,0.285081,0.870140,0.124310,WALKING
0.388237,0.455348,8.997811,0.049038,0.030657,-0.009172,0.379574,0.505719,0.477987,0.109006,WALKING
0.483971,0.392855,9.556015,0.029691,0.073822,0.079659,0.441505,0.251755,0.894682,0.132553,WALKING
0.528086,0.278952,9.767547,0.025768,0.080582,0.047010,0.220701,0.331998,0.407818,0.113060,WALKING
0.756729,0.191119,9.314168,0.075366,0.085155,0.099264,0.347628,0.295156,0.542617,0.076361,WALKING
0.566549,0.213237,9.725700,0.031639,0.001863,0.128659,0.224162,0.370983,0.632883,0.055443,WALKING
0.390924,0.739608,9.048406,0.027189,0.099892,0.052369,0.531835,0.368551,0.583859,0.128100,WALKING
0.582372,-0.024816,9.513957,0.025948,0.086195,0.089657,0.397145,0.425623,0.531303,0.087704,WALKING
0.822241,0.087914,9.952372,-0.009112,0.035728,0.064065,0.540851,0.620724,0.484785,0.160632,WALKING
0.556591,0.690781,9.191178,0.000611,0.042882,-0.041306,0.592202,0.380909,0.273780,0.084953,WALKING
0.003400,-0.040662,9.194243,0.045040,0.027210,0.100028,0.231648,0.406805,0.415461,0.056364,WALKING
0.559987,0.307032,9.546964,0.044139,0.067111,0.104339,0.495339,0.301024,0.324448,0.116896,WALKING
0.440058,0.325567,8.925201,0.023113,0.046268,0.072293,0.483129,0.502236,0.485776,0.075802,WALKING
0.758512,0.689032,9.781163,0.093565,0.105409,0.084908,0.433608,0.308947,0.681104,0.122269,WALKING
0.359935,0.187604,9.339941,0.055359,0.066611,0.138560,0.364049,0.416547,0.210127,0.118284,WALKING
0.744122,0.097369,9.337165,0.061919,0.006435,0.094620,0.421971,0.370698,0.698753,0.106047,WALKING
0.563514,0.319961,9.958427,0.065084,0.043156,0.026974,0.341451,0.178579,0.647883,0.099655,WALKING
0.509826,0.375254,9.930243,0.039351,0.037627,0.076360,0.401196,0.416550,0.473662,0.137161,WALKING
0.562109,0.575391,9.253694,0.040472,0.083950,0.106852,0.377867,0.435427,0.577499,0.110292,WALKING
0.043146,0.398324,9.368842,-0.010117,0.065331,0.040902,0.418654,0.403264,0.428917,0.129275,WALKING
0.553139,0.637938,9.597419,0.034672,0.048603,0.085208,0.371979,0.337843,0.562058,0.096901,WALKING
0.202923,0.689253,9.608150,0.037742,0.153991,0.043695,0.315239,0.262596,0.282873,0.151317,WALKING
0.387080,0.038073,9.981571,0.053411,0.026599,0.038482,0.147958,0.152059,0.425254,0.121939,WALKING
0.328028,0.278265,9.285697,0.053633,0.074478,0.114365,0.241806,0.380883,0.370405,0.177475,WALKING
0.510670,0.345843,9.693777,0.066259,0.029421,0.081333,0.464982,0.296222,0.765915,0.105554,WALKING
0.293186,0.150852,9.484197,0.036667,0.081035,0.143718,0.327994,0.378210,0.511513,0.064519,WALKING
-0.020375,-0.094057,9.515408,0.055360,0.029351,0.109701,0.368005,0.313927,0.278331,0.098458,WALKING
0.368409,0.309952,9.257098,0.049974,0.057620,0.127038,0.381274,0.492378,0.695355,0.130617,WALKING
0.730136,0.115666,9.280071,0.028012,0.085666,0.101549,0.368018,0.453019,0.457314,0.094434,WALKING
0.644656,0.190184,9.710386,0.060121,0.092724,0.093809,0.488068,0.542725,0.534268,0.094611,WALKING
0.241603,0.645278,9.199352,0.041506,0.062017,0.079899,0.423746,0.631995,0.652996,0.094672,WALKING
0.467748,0.402071,9.795763,0.008181,0.097653,0.105536,0.273446,0.425743,0.624800,0.058710,WALKING
0.542105,0.422875,9.282587,0.008645,0.040233,0.058747,0.345202,0.386321,0.281699,0.111300,WALKING
0.583320,0.196082,9.534877,0.086138,0.062248,0.050351,0.379429,0.286731,0.540440,0.092999,WALKING
0.328539,0.336373,9.577444,0.063502,0.008471,0.096856,0.468038,0.276493,0.627297,0.103564,WALKING
0.489067,0.280188,9.288107,0.043644,0.063161,0.060403,0.369833,0.417561,0.775089,0.092257,WALKING
0.592405,0.495698,9.857842,-0.006758,0.006068,0.061786,0.315490,0.301785,0.548190,0.117756,WALKING
0.627134,0.178355,9.722673,0.069636,0.013057,0.131221,0.432039,0.437898,0.467689,0.090479,WALKING
0.579240,0.629694,9.132426,0.048144,0.040533,0.111866,0.546432,0.430188,0.381843,0.092479,WALKING
0.614795,0.432338,9.468620,0.061240,0.069381,0.081601,0.177770,0.257113,0.648170,0.104385,WALKING
0.314944,0.344165,9.787343,0.065776,0.070959,0.110855,0.413217,0.332189,0.745299,0.085087,WALKING
0.494949,0.616493,9.279013,0.044155,0.045593,0.085132,0.490629,0.255560,0.607618,0.080628,WALKING
0.622128,0.143728,9.620828,0.027033,-0.001074,0.071964,0.401737,0.343991,0.681540,0.082819,WALKING
0.423504,0.546167,9.441984,0.113635,0.036539,0.139132,0.275801,0.370774,0.670288,0.119544,WALKING
0.248839,0.331953,9.190395,0.085886,0.012318,0.076731,0.412826,0.244320,0.454427,0.098475,WALKING
0.572676,0.488138,9.420642,0.070768,0.033482,0.086231,0.193988,0.477235,0.721840,0.160404,WALKING
0.394684,0.491828,9.422451,-0.003016,0.023772,0.106437,0.292696,0.266810,0.486091,0.073039,WALKING
0.480714,0.059131,9.421140,0.030586,0.027152,0.037926,0.367451,0.471838,0.649120,0.118583,WALKING
0.436768,0.250672,9.639485,0.039801,0.041738,0.120496,0.303606,0.302806,0.261161,0.120206,WALKING
-0.000602,0.443189,9.345942,0.087236,0.032219,0.074733,0.241313,0.516928,0.711022,0.069889,WALKING
0.369871,0.254131,9.635560,0.025917,0.069076,0.074664,0.297690,0.438159,0.433152,0.138614,WALKING
0.591590,0.501221,9.379279,0.112633,0.095704,0.096153,0.366459,0.300588,0.826169,0.105824,WALKING
0.388766,0.309644,9.555087,0.061122,0.040657,0.047443,0.486260,0.521283,0.470847,0.114154,WALKING
0.191725,0.405705,9.669503,0.043372,0.063183,0.054001,0.212819,0.463935,0.478612,0.052873,WALKING
0.695970,0.301398,9.713174,0.050199,0.092535,0.058060,0.383244,0.257525,0.524274,0.118658,WALKING
0.633351,0.457593,9.425737,0.076182,0.047999,0.124033,0.631907,0.401399,0.451400,0.100356,WALKING
0.551367,0.129338,9.408126,-0.034995,0.014496,0.077278,0.479063,0.384173,0.194707,0.084969,WALKING
0.394213,0.404826,9.846573,0.030031,0.032032,0.103948,0.319049,0.368911,0.531603,0.126673,WALKING
0.495533,0.283141,9.680957,0.038992,0.069437,0.117984,0.304108,0.453010,0.391126,0.058575,WALKING
0.486446,0.380234,9.657573,0.003958,0.023496,0.082944,0.569719,0.513037,0.675388,0.104825,WALKING
0.405383,0.057228,9.605377,0.034922,0.089475,0.127442,0.514668,0.270700,0.578687,0.084435,WALKING
0.652262,0.358875,9.871129,0.052296,0.055006,0.051752,0.494270,0.247665,0.422793,0.097188,WALKING
0.671793,0.264599,9.167515,0.044892,0.114351,0.089448,0.379096,0.445555,0.558424,0.078981,WALKING
0.123969,0.434781,9.323078,0.087181,0.011384,0.095569,0.195694,0.493958,0.295377,0.097119,WALKING
0.463499,0.072929,9.780128,0.043454,0.066421,0.095885,0.412435,0.436323,0.590248,0.129576,WALKING
0.371864,0.058091,9.621880,0.066041,0.022041,0.126357,0.368650,0.244405,0.546977,0.048286,WALKING
0.725628,0.363792,9.873156,0.098241,0.063444,0.098936,0.411726,0.450089,0.687372,0.111008,WALKING
0.928162,0.279972,9.971313,0.072769,0.057231,0.123614,0.538793,0.360994,0.496146,0.083471,WALKING
0.542762,0.525977,9.929391,0.088887,0.039299,0.086794,0.356927,0.422908,0.583111,0.133752,WALKING
0.256958,0.394657,9.621035,0.054635,0.065216,0.065732,0.389388,0.328337,0.643305,0.101308,WALKING
0.962725,0.151642,9.885603,0.144589,0.066739,0.118248,0.364186,0.771066,0.588456,0.062513,WALKING
0.492919,0.046746,8.905015,-0.006515,0.081244,0.130848,0.470378,0.390342,0.524119,0.119798,WALKING
0.691099,0.553176,9.218761,0.006587,0.061994,0.054596,0.369213,0.392366,0.248318,0.085442,WALKING
0.238378,0.059110,9.537572,0.050325,0.071821,0.072840,0.418468,0.481750,0.642198,0.134628,WALKING
0.458228,0.567673,9.372489,0.101397,0.113721,0.101369,0.318676,0.437480,0.470359,0.127906,WALKING
0.611308,0.282645,9.177104,0.064421,0.038182,0.126643,0.535688,0.387146,0.462435,0.057656,WALKING
0.327765,0.636560,9.288808,0.116447,-0.003653,0.051863,0.540946,0.333411,0.739858,0.175437,WALKING
0.291917,0.214311,9.340707,0.033956,0.032108,0.041783,0.425762,0.392802,0.567793,0.129973,WALKING
0.484415,0.424355,9.391859,0.043891,0.071995,0.070303,0.506939,0.354565,0.646336,0.107524,WALKING
0.843025,0.108911,9.099029,0.040252,0.048830,0.084954,0.235574,0.357865,0.444489,0.110883,WALKING
0.339158,0.120378,9.201338,0.041074,0.083195,0.034036,0.248197,0.400909,0.812964,0.119058,WALKING
0.479642,0.464162,9.257885,0.023970,0.082361,0.107646,0.481678,0.341348,0.649141,0.115111,WALKING
0.367262,-0.127879,10.021207,0.060369,0.082885,0.080199,0.358796,0.514943,0.535770,0.120150,WALKING
0.593052,0.355494,9.606627,0.024508,0.048022,0.099067,0.299675,0.458442,0.748435,0.013567,WALKING
0.590256,-0.051517,9.337269,0.051567,0.038526,0.092900,0.356439,0.253168,0.493237,0.089253,WALKING
0.243676,0.409900,9.177406,0.037469,0.034681,0.072839,0.313632,0.425697,0.289144,0.118236,WALKING
0.725375,-0.060406,9.409930,0.002889,0.022614,0.072265,0.397640,0.339945,0.627503,0.133892,WALKING
0.291113,0.271119,9.115332,0.064376,0.056975,0.047944,0.437569,0.325707,0.771467,0.068256,WALKING
0.583297,0.078011,9.460976,0.042681,0.051718,0.089071,0.392977,0.593158,0.802435,0.126338,WALKING
0.269704,0.233065,9.430998,0.044423,0.016245,0.111785,0.520264,0.267772,0.189209,0.110929,WALKING
0.319072,0.100004,9.418964,0.041706,0.008052,0.064732,0.621877,0.456968,0.414304,0.120577,WALKING
0.367763,0.063818,9.569593,0.057027,0.044922,0.083226,0.469974,0.334354,0.472039,0.046130,WALKING
0.293681,0.472931,9.191727,0.022392,0.082071,0.072294,0.424270,0.329948,0.487540,0.115146,WALKING
0.563664,0.349214,9.642294,0.054889,0.058639,0.044569,0.432641,0.383044,0.498205,0.075120,WALKING
0.821190,0.234438,9.673995,0.068878,0.066980,0.068770,0.372136,0.373170,0.272932,0.083193,WALKING
0.483869,0.262540,10.146482,0.058959,0.006606,0.031996,0.395960,0.539378,0.634739,0.122654,WALKING
0.596967,0.242409,9.486450,0.032115,0.102045,0.091145,0.472782,0.392746,0.549496,0.035664,WALKING
0.298486,0.242922,9.886862,0.070861,0.017954,0.090060,0.507700,0.506917,0.531255,0.078254,WALKING
0.516575,0.269213,9.599536,0.085747,0.055105,0.129671,0.312762,0.592023,0.674592,0.161959,WALKING
0.597522,0.213036,9.055453,0.062724,0.035398,0.125764,0.227844,0.491824,0.702289,0.106611,WALKING
0.716681,0.125041,9.404537,0.008399,0.049355,0.069159,0.564787,0.372504,0.445788,0.155815,WALKING
0.372438,0.427292,9.613818,0.017531,0.024920,0.099520,0.299438,0.495888,0.427439,0.099571,WALKING
0.807498,0.394802,9.096056,0.019261,0.039884,0.091831,0.296428,0.346571,0.478855,0.074306,WALKING
0.837639,0.150596,9.584405,0.087436,0.082238,0.037210,0.533621,0.393528,0.347985,0.122104,WALKING
0.527480,0.596612,9.505816,0.016566,0.064759,0.070375,0.419481,0.480763,0.718593,0.159729,WALKING
0.576531,0.259048,9.975977,0.065522,0.057953,0.074412,0.397040,0.278991,0.632775,0.131439,WALKING
0.352292,0.304343,9.633943,0.065964,0.065677,0.057866,0.411868,0.309582,0.520641,0.054438,WALKING
0.400991,0.347160,9.148699,0.042845,0.072038,0.111552,0.438642,0.342432,0.571728,0.119339,WALKING
0.070002,0.633779,9.298377,0.051588,0.071763,0.084397,0.351001,0.286510,0.382342,0.079541,WALKING
0.004595,0.217266,9.575208,0.108656,0.028043,0.085275,0.270762,0.373807,0.322457,0.129399,WALKING
0.699559,0.209256,9.874563,-0.015898,0.018305,0.144380,0.415755,0.455908,0.636135,0.070997,WALKING
0.810983,0.122335,9.852951,0.091540,0.083779,0.092025,0.320652,0.428277,0.479737,0.105481,WALKING
0.398554,0.420698,9.671936,0.036265,0.099326,0.096905,0.289644,0.372651,0.587270,0.085472,WALKING
0.689056,0.566733,9.943513,0.004870,-0.006963,0.086867,0.327325,0.352579,0.451279,0.114217,WALKING
0.739076,0.209115,9.623293,0.069913,-0.001039,0.104876,0.330861,0.540124,0.407748,0.067362,WALKING
0.581514,0.389571,8.810204,0.038926,0.083321,0.043476,0.493294,0.479057,0.427862,0.125457,WALKING
0.322825,0.110536,9.761848,0.046993,0.080465,0.063775,0.363705,0.212148,0.491520,0.113206,WALKING
0.482778,0.175630,9.255923,0.125294,0.029484,0.129242,0.328899,0.152720,0.619278,0.068788,WALKING
0.651489,0.307343,9.016756,0.017876,0.033656,0.128137,0.396904,0.279735,0.493523,0.090552,WALKING
0.470958,0.337531,9.495451,0.070830,0.073906,0.083181,0.446259,0.340592,0.182532,0.087084,WALKING
0.809215,0.304657,9.301440,0.013027,0.065533,0.116042,0.501788,0.362459,0.634354,0.092317,WALKING
0.279017,0.216493,9.243523,0.101765,0.063729,0.081707,0.307135,0.494597,0.407052,0.130652,WALKING
0.181422,0.673923,9.592304,0.053557,0.015778,0.073420,0.369416,0.318015,0.624973,0.113583,WALKING
0.482973,0.237024,9.316011,0.072520,0.070184,0.076750,0.639172,0.427886,0.712820,0.086553,WALKING
0.648150,0.542799,9.465262,0.069576,0.069193,0.050421,0.628712,0.392286,0.745104,0.072850,WALKING
0.652339,0.457213,9.665478,0.021889,0.082817,0.039210,0.583057,0.455529,0.539569,0.112713,WALKING
-0.091236,0.315071,9.706174,0.023068,0.063559,0.076907,0.339214,0.635642,0.811515,0.074071,WALKING
0.596503,0.061533,9.774556,0.096394,0.024929,0.047375,0.603389,0.350614,0.391392,0.082253,WALKING
0.682348,0.367743,9.674622,0.000707,0.048068,0.090581,0.382226,0.227571,0.330632,0.040858,WALKING
0.354693,0.464373,9.546631,0.051662,0.060326,0.111894,0.500645,0.486521,0.500147,0.131166,WALKING
0.126608,0.344519,9.903135,0.086624,0.030935,0.050454,0.566520,0.390332,0.201979,0.135598,WALKING
0.461009,0.445120,9.256449,0.021645,0.075698,0.098695,0.361322,0.202908,0.756909,0.059299,WALKING
0.687595,0.394446,9.237099,0.040807,0.054922,0.095203,0.351012,0.380733,0.679848,0.040531,WALKING
0.597460,0.583153,9.327427,0.049694,0.025294,0.114272,0.284568,0.294431,0.384365,0.059545,WALKING
0.400622,0.181922,9.279044,0.016549,-0.002871,0.061227,0.368604,0.452956,0.514228,0.205914,WALKING
0.645766,0.157739,9.249763,0.055107,0.071351,0.052144,0.418931,0.358827,0.454201,0.084981,WALKING
0.741773,0.274610,9.573242,0.039239,0.059433,0.092769,0.392209,0.372819,0.639567,0.068043,WALKING
0.336337,0.627599,9.304725,0.038945,0.028534,0.067947,0.290179,0.513845,0.472766,0.120463,WALKING
0.269628,0.396654,9.215627,0.107413,0.055034,0.058424,0.290338,0.364069,0.565286,0.118589,WALKING
0.160160,0.382879,9.668590,0.048878,0.041444,0.062785,0.513044,0.367608,0.239545,0.103432,WALKING
0.505582,0.432951,9.319228,0.087925,0.032969,0.101532,0.427261,0.257790,0.609081,0.103298,WALKING
0.725685,0.191014,9.495540,0.050086,0.082533,0.021064,0.175421,0.490364,0.523361,0.140297,WALKING
0.691103,0.403210,9.570609,0.061071,0.017855,0.090073,0.265439,0.306765,0.594709,0.123108,WALKING
0.459344,0.397017,9.440470,0.044823,0.056107,0.082964,0.515750,0.547155,0.664511,0.099021,WALKING
0.345394,0.211102,8.830176,0.069192,-0.003670,0.064719,0.464816,0.211703,0.638096,0.103218,WALKING
0.680224,0.231910,9.759335,0.043332,0.060593,0.065443,0.456925,0.452430,0.626802,0.145690,WALKING
0.915439,0.444122,9.540792,-0.003854,0.046255,0.111308,0.499096,0.524370,0.286179,0.084690,WALKING
0.477407,0.274097,9.795105,0.051650,0.058633,0.078861,0.369452,0.298155,0.369635,0.134233,WALKING
0.655762,0.270564,9.934218,0.051699,0.052042,0.070114,0.254109,0.366903,0.509872,0.079115,WALKING
0.457532,0.227887,9.758767,0.018602,0.061834,0.077959,0.215608,0.442742,0.600888,0.102080,WALKING
0.982120,0.339354,9.417256,0.089406,0.134817,0.085943,0.413388,0.385360,0.544891,0.114411,WALKING
0.265506,0.318121,9.667548,0.094390,0.055713,0.097346,0.462890,0.440044,0.356129,0.083399,WALKING
0.490910,0.451755,9.455534,0.063779,0.048789,0.082056,0.360435,0.450226,0.441684,0.087197,WALKING
0.362568,0.421503,9.582480,0.032769,0.039126,0.032194,0.531940,0.405856,0.487187,0.103675,WALKING
0.536575,0.059481,9.768634,0.067817,0.005242,0.100745,0.346295,0.594052,0.645814,0.111809,WALKING
0.372649,0.057271,8.991361,0.079179,0.047588,0.102435,0.477779,0.514273,0.431209,0.099614,WALKING
0.542932,0.294819,9.222969,0.084721,0.070011,0.089671,0.298780,0.391613,0.574391,0.049925,WALKING
0.428597,-0.114884,9.665003,0.052950,0.060891,0.102157,0.553348,0.382043,0.661443,0.125219,WALKING
0.638165,0.222347,9.272572,0.067196,0.069886,0.077424,0.502150,0.296502,0.578614,0.088373,WALKING
0.314215,0.219601,9.265161,0.104783,0.039452,0.109649,0.322576,0.474419,0.465490,0.113363,WALKING
0.390515,0.413638,9.404051,0.062128,0.002607,0.009547,0.309800,0.407317,0.455188,0.036937,WALKING
0.623512,0.293191,8.772898,0.069713,0.086338,0.065379,0.449261,0.475520,0.639222,0.131326,WALKING
0.542299,0.556903,9.687547,0.050659,0.013963,0.041857,0.433695,0.488416,0.797454,0.125489,WALKING
0.390240,0.194419,9.511002,0.065018,0.062337,0.081056,0.308284,0.637403,0.512494,0.099410,WALKING
0.662099,-0.003009,9.177247,0.043890,0.003819,0.084188,0.455946,0.328106,0.470148,0.095595,WALKING
0.338499,0.538171,9.465675,0.066028,0.059674,0.081001,0.378713,0.477852,0.380889,0.112176,WALKING
0.478352,0.062014,8.829190,0.067081,0.022297,0.073700,0.369804,0.506432,0.683562,0.110208,WALKING
0.449235,0.442892,8.939514,0.065570,0.069546,0.022492,0.344585,0.474943,0.567303,0.159559,WALKING
0.461400,0.380289,8.794456,0.046965,0.024894,0.011418,0.373913,0.352148,0.757744,0.096072,WALKING
0.552073,0.520925,10.327680,0.046553,0.056608,0.030639,0.604207,0.664856,0.585452,0.153978,WALKING
0.308916,0.530641,9.605148,0.078656,0.088057,0.028726,0.466795,0.251939,0.468285,0.075589,WALKING
0.237105,0.296380,9.782844,0.023705,0.085794,0.098942,0.534483,0.462074,0.364286,0.156233,WALKING
0.351378,-0.027285,9.250601,0.080596,0.072068,0.135090,0.428095,0.339960,0.635157,0.106983,WALKING
0.467505,0.266449,9.240481,0.071541,0.085938,0.142829,0.591920,0.257475,0.651352,0.095953,WALKING
0.559226,0.261366,9.556198,0.050313,0.056756,0.146213,0.484798,0.571007,0.643066,0.107915,WALKING
0.674758,0.326612,9.964582,0.027369,0.050623,0.068374,0.445397,0.339701,0.407222,0.096516,WALKING
0.327744,0.398236,9.431357,0.105044,0.038378,0.113373,0.530552,0.154132,0.553004,0.152380,WALKING
0.697344,0.588621,9.606556,0.065405,0.069637,0.062105,0.293748,0.309063,0.574679,0.069696,WALKING
0.621585,0.274317,9.316798,0.021374,0.019067,0.110243,0.540991,0.301777,0.479375,0.113463,WALKING
0.534248,0.566729,9.417355,0.016666,0.034648,0.073911,0.371570,0.309074,0.514697,0.077723,WALKING
0.319891,0.673505,9.180367,0.026580,0.036295,0.110279,0.404627,0.361551,0.279715,0.107982,WALKING
0.434644,0.695841,9.907111,0.002941,0.058530,0.096722,0.397793,0.547343,0.645178,0.119638,WALKING
0.517386,0.228444,9.294811,0.088351,0.003476,0.089568,0.468248,0.172946,0.478260,0.088320,WALKING
0.522174,0.501885,9.498627,0.020140,0.064756,0.071167,0.453168,0.466309,0.603026,0.118429,WALKING
0.440393,0.007713,9.604325,0.054626,-0.002542,0.035533,0.441130,0.398107,0.325416,0.114040,WALKING
0.563695,0.235924,9.784704,0.017823,0.075661,0.106671,0.478234,0.423982,0.269034,0.139025,WALKING
0.449648,0.459021,10.019283,0.085625,0.056751,0.073285,0.274136,0.289160,0.907472,0.083603,WALKING
0.415634,0.616952,9.063047,0.007960,0.058986,0.128054,0.151482,0.512075,0.240716,0.103509,WALKING
0.637024,0.150689,9.043030,0.066959,0.062510,0.060940,0.335348,0.530608,0.655503,0.115844,WALKING
0.420500,0.188883,9.521008,0.057646,0.036381,0.101433,0.440893,0.452581,0.427773,0.101865,WALKING
0.725172,0.404217,9.415947,0.076397,0.058980,0.074170,0.348890,0.460471,0.542220,0.080830,WALKING
0.497276,0.405647,8.923884,0.005585,0.053373,0.097150,0.492046,0.241946,0.457285,0.075062,WALKING
0.570373,0.503402,9.388628,0.099086,0.069269,0.106884,0.402053,0.277201,0.539153,0.099538,WALKING
0.404473,0.287611,9.862804,0.087763,0.050996,0.072389,0.535546,0.506319,0.183709,0.088913,WALKING
0.628918,0.457651,9.578386,0.053763,0.048402,0.068437,0.441629,0.590809,0.677025,0.115274,WALKING
0.573659,0.366445,9.641918,0.070433,0.136784,0.065605,0.249469,0.353471,0.805304,0.064040,WALKING
0.416604,0.282952,9.006472,0.022750,0.084969,0.069947,0.464285,0.315372,0.458599,0.059883,WALKING
0.389367,0.560768,9.646101,0.056155,0.022943,0.074895,0.394136,0.325091,0.646136,0.061231,WALKING
0.364258,0.331667,9.611688,0.032114,0.015519,0.082275,0.501956,0.503844,0.544469,0.069543,WALKING
0.731832,0.381359,9.603729,0.036233,0.032399,0.109514,0.353789,0.326955,0.330985,0.124255,WALKING
0.427421,0.128937,9.643768,0.037427,0.037957,0.097241,0.176030,0.440028,0.300042,0.110686,WALKING
0.276271,0.290662,9.461383,0.049380,0.052610,0.095796,0.641608,0.311472,0.783084,0.091835,WALKING
0.506335,0.225066,9.896363,0.066308,0.035694,0.081324,0.375329,0.312780,0.471950,0.113478,WALKING
0.357456,0.065088,9.096802,-0.017584,0.013017,0.073405,0.415069,0.389942,0.101768,0.084263,WALKING
0.507141,0.443536,9.643136,0.030052,0.034038,0.094515,0.422683,0.327607,0.854550,0.063260,WALKING
0.341601,0.062290,9.510369,0.050747,0.028520,0.036651,0.356264,0.148303,0.665339,0.078773,WALKING
0.424492,0.215255,9.749087,0.054424,0.080445,0.110417,0.370212,0.359016,0.446979,0.076633,WALKING
0.251674,0.170427,9.492765,0.060342,0.062306,0.069478,0.430706,0.511625,0.459295,0.119501,WALKING
0.517155,0.553693,9.300245,0.094253,0.013267,0.067117,0.309564,0.246727,0.475483,0.115273,WALKING
0.573482,0.158077,9.308306,0.047449,0.084452,0.076160,0.523253,0.508242,0.630742,0.055286,WALKING
0.529952,0.027223,9.389775,0.130625,0.031262,0.131863,0.383817,0.466863,0.665084,0.143614,WALKING
0.526505,-0.056515,8.885951,0.020345,0.044904,0.099670,0.414295,0.267925,0.428569,0.068750,WALKING
0.615163,0.277462,9.395782,0.066838,-0.015354,0.050127,0.305044,0.386936,0.326799,0.064164,WALKING
0.424019,0.290964,9.678165,-0.000644,0.065271,0.059958,0.586214,0.310499,0.457209,0.141080,WALKING
0.479399,0.296665,9.663097,0.052640,0.044650,0.156620,0.258761,0.342501,0.869967,0.128223,WALKING
0.595540,0.224401,9.810311,0.025413,0.084789,0.029237,0.123841,0.344493,0.495036,0.104363,WALKING
0.250073,0.351936,10.232681,0.025247,0.036237,0.056083,0.383316,0.602695,0.378520,0.102043,WALKING
0.340491,0.363003,9.414128,0.052990,0.050095,0.060655,0.455297,0.297198,0.650493,0.067072,WALKING
0.680406,0.560680,9.726280,0.065664,0.017532,0.085878,0.438137,0.358874,0.645673,0.080348,WALKING
0.387402,0.097111,9.025482,-0.006559,0.048887,0.039045,0.412133,0.462427,0.698093,0.138817,WALKING
0.886939,0.116084,9.602187,0.031141,0.081035,0.095860,0.422839,0.341948,0.753724,0.107414,WALKING
0.297110,0.294020,9.883770,0.050830,0.020642,0.042146,0.389886,0.289271,0.520149,0.094198,WALKING
0.524964,0.395876,9.692794,0.029963,0.072898,0.052180,0.347253,0.480542,0.542975,0.137619,WALKING
0.557859,0.573820,9.125344,0.037817,-0.015403,0.064594,0.326745,0.243602,0.440257,0.069721,WALKING
0.542580,0.413167,9.174207,0.064407,0.108011,0.069646,0.450333,0.451789,0.664934,0.101283,WALKING
0.501240,0.362864,9.326372,0.037295,0.101808,0.107077,0.398091,0.397377,0.558091,0.163889,WALKING
0.699900,0.562006,9.671486,0.049696,0.080508,0.084652,0.441754,0.291640,0.495232,0.143576,WALKING
0.545181,0.354995,9.382692,0.041322,0.066675,-0.005177,0.322360,0.405551,0.548214,0.082145,WALKING
0.340889,-0.050296,9.093343,0.069212,0.027789,0.083843,0.314533,0.210991,0.246819,0.119437,WALKING
0.273284,0.235720,9.327608,0.074697,0.005692,0.086165,0.457634,0.433276,0.432389,0.070272,WALKING
0.352947,0.428091,9.890179,0.030374,0.041868,0.085975,0.240078,0.400770,0.393062,0.099190,WALKING
0.413105,0.623701,9.866528,0.036760,0.116913,0.116109,0.435202,0.338221,0.499513,0.112395,WALKING
0.407400,-0.102206,9.712297,0.047331,0.069491,0.100729,0.357448,0.041697,0.703987,0.157092,WALKING
0.177105,0.262795,9.117315,0.071090,0.050247,0.117668,0.248297,0.492932,0.505751,0.053157,WALKING
0.748233,0.277285,9.054502,0.074043,0.038434,0.072942,0.377537,0.538152,0.507457,0.151036,WALKING
0.636086,0.347697,9.828098,-0.015061,0.073891,0.064810,0.299618,0.375967,0.407518,0.141282,WALKING
0.549891,0.738621,9.866412,-0.041717,0.072416,0.106912,0.098010,0.424312,0.597972,0.099829,WALKING
0.277240,0.733874,9.977733,0.043772,0.045419,0.054607,0.583426,0.365503,0.748252,0.078679,WALKING
0.601971,0.357342,10.076130,0.034602,0.030260,0.052686,0.528550,0.216290,0.592092,0.145993,WALKING
0.487136,0.469841,9.749054,0.034821,0.078159,0.117816,0.395786,0.606834,0.566118,0.072559,WALKING
0.544287,0.004973,9.554739,-0.031288,0.043463,0.068654,0.343521,0.314105,0.408024,0.087081,WALKING
0.634779,0.295600,9.315804,-0.010096,0.025175,0.125067,0.516917,0.310883,0.538276,0.062977,WALKING
0.255118,0.083372,9.744121,0.044097,0.017403,0.053802,0.396514,0.238253,0.517721,0.142322,WALKING
0.352994,0.142943,9.551333,0.033588,0.058424,0.101290,0.357585,0.319596,0.486688,0.121341,WALKING
0.753570,0.409694,9.427297,0.071047,0.079468,0.123310,0.304414,0.303671,0.483123,0.143454,WALKING
0.843269,0.232830,9.910811,0.024876,0.021891,0.085334,0.543945,0.376643,0.376072,0.067891,WALKING
0.480312,0.233250,10.052500,0.046053,0.048638,0.090582,0.436781,0.355178,0.663787,0.053263,WALKING
0.189632,0.103754,9.627842,0.059268,0.074912,0.086093,0.553434,0.550442,0.250286,0.162118,WALKING
0.568907,0.266611,9.434343,0.014715,0.070084,0.094411,0.329081,0.448116,0.317027,0.076343,WALKING
0.412755,0.189326,8.693444,0.068564,0.050701,0.020732,0.666967,0.379542,0.308297,0.149307,WALKING
0.662294,-0.008234,9.621834,0.076546,0.041203,0.081474,0.286475,0.383403,0.602924,0.133043,WALKING
0.510333,0.207640,9.476260,0.051200,0.022109,0.121628,0.344090,0.389952,0.465251,0.071381,WALKING
0.433138,0.110155,9.491269,0.026710,0.070625,0.091768,0.415083,0.423933,0.465952,0.102695,WALKING
0.481276,0.133319,9.819464,0.114414,0.041708,0.093209,0.422914,0.322069,0.436591,0.079077,WALKING
0.434253,-0.076003,9.308611,0.045689,0.032246,0.087144,0.404352,0.408263,0.420806,0.102980,WALKING
0.682463,0.490883,9.009095,0.054387,0.057784,0.049382,0.485218,0.424671,0.708111,0.114171,WALKING
0.717494,0.521307,9.472224,0.066778,0.062693,0.072549,0.534397,0.431146,0.706023,0.095233,WALKING
0.568257,0.775030,9.277661,0.059441,0.031335,0.095433,0.331556,0.298428,0.224662,0.086091,WALKING
0.235271,0.263004,10.302625,0.012601,0.066755,0.058071,0.346981,0.388507,0.388992,0.078237,WALKING
0.299847,0.153864,9.560721,0.026503,0.104082,0.076840,0.426446,0.364104,0.465682,0.129525,WALKING
0.196467,0.449736,9.836992,0.065394,0.031675,0.056326,0.559715,0.277412,0.435831,0.065478,WALKING
0.264812,-0.020350,9.308862,0.075404,0.041676,0.105744,0.297316,0.470725,0.536420,0.121941,WALKING
0.394527,0.024666,9.691597,0.076489,0.048566,0.055938,0.384831,0.364120,0.251475,0.123931,WALKING
0.432875,0.795652,9.593083,0.034934,0.099333,0.145789,0.565758,0.365019,0.545143,0.081115,WALKING
0.601788,0.124999,9.062046,0.056730,0.031838,0.094088,0.358623,0.632204,0.744837,0.082715,WALKING
0.778351,0.065581,9.711987,0.019772,0.046537,0.112800,0.434061,0.389691,0.587413,0.121931,WALKING
0.602123,0.311524,9.353250,0.108736,0.041082,0.121076,0.326428,0.459745,0.756733,0.074772,WALKING
0.654235,0.319937,9.576949,0.067847,0.038526,0.123293,0.399317,0.435437,0.586560,0.078491,WALKING
0.118234,0.198020,9.447864,0.055189,0.041422,0.087923,0.505760,0.237098,0.460633,0.118756,WALKING
0.379848,0.442647,9.127813,0.071731,0.032564,0.065929,0.237537,0.574509,0.630308,0.128956,WALKING
0.484048,0.356108,9.612836,0.079910,0.023827,0.085851,0.399759,0.532765,0.782936,0.074340,WALKING
0.810930,0.258202,9.853395,0.082987,0.035582,0.099522,0.519153,0.471024,0.432133,0.112701,WALKING
0.345992,0.290949,9.339945,0.022172,-0.015544,0.030997,0.377725,0.462435,0.542979,0.110617,WALKING
0.330864,0.520050,9.605235,0.046768,0.063369,0.115751,0.345475,0.572068,0.473738,0.092791,WALKING
0.321022,0.489358,10.145238,0.073777,0.042248,0.068161,0.318712,0.411018,0.736107,0.069669,WALKING
0.545835,0.412645,9.022593,0.077498,0.025527,0.072816,0.462061,0.338492,0.468881,0.055635,WALKING
0.459039,0.271068,9.613960,0.072442,0.088821,0.056320,0.583820,0.583313,0.390341,0.047867,WALKING
0.487426,0.066823,9.467432,0.026015,0.028119,0.082686,0.380009,0.381728,0.887710,0.071335,WALKING
0.480007,0.748508,9.160743,0.027952,0.071320,0.031968,0.293503,0.426685,0.482858,0.110993,WALKING
0.416042,0.338170,9.673828,-0.012713,0.048262,0.100688,0.502061,0.448576,0.334880,0.111083,WALKING
0.921309,0.420195,9.488570,0.043283,0.055560,0.090495,0.236526,0.417743,0.476272,0.053705,WALKING
0.280692,0.275497,9.403843,0.019056,0.059087,0.138586,0.329217,0.416388,0.181882,0.071412,WALKING
0.810602,0.273128,9.287516,0.063514,0.058233,0.157769,0.420665,0.397951,0.333121,0.160901,WALKING
0.582448,0.586007,9.943540,0.066063,0.011264,0.110032,0.241822,0.408787,0.412806,0.145581,WALKING
0.298369,0.122221,9.505329,0.041287,0.040391,0.057263,0.374901,0.272387,0.639037,0.117460,WALKING
0.462979,0.270865,9.613502,0.100332,0.032606,0.067124,0.206542,0.465409,0.553214,0.109345,WALKING
0.572365,0.302318,9.954391,0.097214,-0.035989,0.068677,0.610758,0.487453,0.581375,0.097817,WALKING
0.493393,0.202174,9.277956,0.073612,0.049477,0.081970,0.465514,0.486767,0.362983,0.099868,WALKING
0.581240,0.339258,9.256458,0.058450,0.046008,0.068057,0.421550,0.457345,0.578407,0.098841,WALKING
0.303565,0.344274,9.335909,0.080888,0.010874,0.055029,0.290670,0.282888,0.541667,0.068965,WALKING
0.504382,0.245729,9.677078,0.028223,0.036529,0.059120,0.520139,0.432183,0.488346,0.058043,WALKING
0.666600,0.112723,9.951936,0.056391,0.039673,0.030908,0.344076,0.483467,0.657303,0.090145,WALKING
0.425159,0.112700,9.735136,0.031710,0.058189,0.087046,0.356929,0.301660,0.453333,0.095417,WALKING
1.385033,0.198333,9.677661,0.044063,0.023464,0.048419,0.294698,0.445913,0.367670,0.069023,WALKING
0.387271,0.340593,9.949739,0.100459,0.061280,0.065245,0.383641,0.476949,0.558727,0.058138,WALKING
0.524681,0.505824,9.418373,0.041635,0.021428,0.096114,0.311355,0.570001,0.509748,0.093851,WALKING
0.626910,0.390047,9.636464,0.024578,-0.016820,0.136081,0.329233,0.504097,0.667813,0.087477,WALKING
0.652424,-0.175012,9.386288,0.040617,0.033410,0.085999,0.376691,0.484309,0.446919,0.067253,WALKING
0.720006,0.310520,9.422424,0.046567,0.052322,0.102304,0.429521,0.360752,1.049806,0.089187,WALKING
0.471448,0.319178,10.015838,0.042259,0.049128,0.077586,0.206993,0.365429,0.604148,0.095067,WALKING
0.549489,0.125200,9.215555,0.024998,0.072527,0.070401,0.345790,0.495675,0.346966,0.053227,WALKING
0.310664,0.172737,9.217405,-0.008468,0.047422,0.091001,0.467689,0.553902,0.526498,0.088466,WALKING
0.728690,0.178562,9.631280,0.031595,0.055055,0.087850,0.347915,0.378635,0.465026,0.126867,WALKING
0.187362,0.664214,9.126827,0.006981,0.004520,0.090120,0.347082,0.446726,0.737808,0.068682,WALKING
-0.057334,0.232039,9.332028,0.085590,0.015084,0.048441,0.342490,0.376675,0.414983,0.079333,WALKING
0.431524,0.307377,9.619349,0.015815,0.012064,0.083685,0.416203,0.393508,0.619897,0.149490,WALKING
0.522162,0.134969,9.304239,0.036160,0.057564,0.112391,0.375768,0.488700,0.549087,0.114143,WALKING
0.443880,0.195722,9.801652,0.011863,0.092631,0.076944,0.700448,0.313475,0.275287,0.085285,WALKING
0.444176,0.465202,9.644080,0.041882,0.011544,0.089903,0.295470,0.397997,0.412693,0.101222,WALKING
0.408490,0.294582,9.747296,0.017943,0.095797,0.084148,0.412058,0.382489,0.628195,0.131941,WALKING
0.551319,-0.099441,9.376968,0.037991,0.005071,0.092736,0.499989,0.255673,0.492420,0.104334,WALKING
0.192453,0.121457,9.776513,0.063712,0.037019,0.066347,0.424030,0.304284,0.730393,0.141736,WALKING
0.250390,0.369445,9.253689,0.055246,0.114871,0.078991,0.462681,0.310427,0.422430,0.105782,WALKING
0.761810,0.813686,9.718501,0.018704,0.112509,0.083001,0.413986,0.439219,0.365598,0.085447,WALKING
0.579507,-0.097278,9.427628,0.038332,0.058034,0.082271,0.524420,0.518880,0.313624,0.104469,WALKING
0.476666,0.165583,9.459977,0.025007,0.062561,0.050817,0.378175,0.460766,0.416756,0.137006,WALKING
0.715736,0.392059,9.716417,0.029954,0.086668,0.070761,0.303128,0.456011,0.357037,0.149903,WALKING
0.350340,0.487840,9.390024,-0.000232,0.030474,0.065530,0.410032,0.430440,0.527585,0.070807,WALKING
0.516659,0.270275,9.307140,0.060645,0.029799,0.122630,0.291530,0.503113,0.658226,0.092657,WALKING
0.586221,-0.036186,9.907978,0.074303,0.037883,0.133934,0.397347,0.465079,0.442096,0.103075,WALKING
0.667642,0.136564,9.679508,0.068132,0.067272,0.029027,0.489624,0.618316,0.655208,0.092906,WALKING
0.565813,0.019768,9.155650,0.050032,0.012460,0.079817,0.639437,0.434119,0.600989,0.101961,WALKING
0.436925,0.431662,9.033814,0.123230,0.066443,0.074540,0.344785,0.346410,0.401850,0.046337,WALKING
0.217342,0.311160,9.975771,-0.013460,-0.008032,0.070247,0.458477,0.394798,0.368067,0.060237,WALKING
0.653790,-0.026571,9.580038,0.051892,0.063567,0.108746,0.338335,0.277016,0.501743,0.032219,WALKING
0.393437,0.305501,9.554772,0.053996,0.099236,0.116971,0.369116,0.669101,0.534550,0.078411,WALKING
0.427870,-0.185966,9.117334,0.029675,0.056220,0.073859,0.371317,0.392768,0.494525,0.104524,WALKING
0.069810,0.527227,9.723079,0.033192,0.033978,0.096487,0.389547,0.507570,0.537205,0.139478,WALKING
0.569040,0.473276,9.180270,0.042091,-0.002416,0.092893,0.371252,0.489529,0.334116,0.102888,WALKING
0.275304,0.095080,9.702228,0.023559,0.047296,0.065656,0.328332,0.550997,0.649166,0.081156,WALKING
0.374869,0.124390,9.810111,0.024629,0.043449,0.113429,0.332076,0.597588,0.359187,0.151268,WALKING
0.569075,0.562967,9.903626,0.086035,0.059724,0.053865,0.388418,0.458344,0.304697,0.158973,WALKING
0.610553,0.337613,9.210793,0.029970,0.089824,0.082870,0.394384,0.508023,0.418612,0.081601,WALKING
0.538121,0.124148,9.704020,0.067680,0.032796,0.136041,0.415991,0.188484,0.466538,0.114434,WALKING
0.476534,0.207408,9.588566,0.059640,0.097915,0.001647,0.256150,0.445960,0.565128,0.068206,WALKING
0.563270,0.045594,9.068355,0.051275,0.040115,0.060233,0.435196,0.351919,0.440732,0.083258,WALKING
0.756538,0.456611,9.456564,0.063791,-0.007407,0.118244,0.522469,0.334153,0.348181,0.046285,WALKING
0.375036,0.170033,9.328414,0.067772,0.055239,0.084872,0.248509,0.493704,0.263801,0.103360,WALKING
0.535177,0.388984,9.140684,0.042509,0.041330,0.028742,0.329921,0.441091,0.508557,0.093762,WALKING
0.287546,0.463335,9.735826,0.011495,0.072445,0.055896,0.483668,0.334914,0.493787,0.139050,WALKING
0.317886,0.307881,9.064049,0.058746,0.076840,0.051691,0.312210,0.245870,0.672775,0.114904,WALKING
0.611222,-0.152566,9.548071,0.019994,0.032650,0.093276,0.276162,0.363485,0.505613,0.077131,WALKING
0.535686,0.349266,9.567630,0.054063,0.068684,0.073655,0.414910,0.479686,0.436310,0.075577,WALKING
0.399267,0.459528,9.183717,0.055537,0.074554,0.116438,0.288040,0.497555,0.348689,0.125649,WALKING
0.386333,0.511561,9.653434,0.106642,0.036634,0.097997,0.454524,0.523440,0.831817,0.111750,WALKING
0.411380,0.436256,9.379252,0.039981,0.090714,0.089741,0.526351,0.588627,0.306080,0.079096,WALKING
0.659047,0.435242,9.063088,0.092742,0.045111,0.119816,0.212803,0.403792,0.376657,0.074439,WALKING
0.556166,-0.014703,9.371646,0.045895,0.077083,0.084606,0.450798,0.521438,0.504543,0.113615,WALKING
0.558544,0.571191,9.468481,0.045922,0.035538,0.085704,0.412644,0.331353,0.888790,0.124083,WALKING
0.464884,0.255564,9.276183,0.057021,0.002971,0.064277,0.514690,0.326372,0.350924,0.061557,WALKING
0.886789,-0.009701,9.502300,0.045395,0.045608,0.089072,0.383548,0.425367,0.477318,0.079611,WALKING
0.214063,0.321951,9.444001,0.073398,0.037792,0.072385,0.509360,0.462505,0.500769,0.078894,WALKING
0.697290,0.397974,9.742609,0.057166,0.021957,0.116138,0.573413,0.166314,0.573808,0.161851,WALKING
0.999349,0.216301,9.520957,0.022337,0.070077,0.094673,0.616570,0.279514,0.667670,0.109982,WALKING
0.714911,-0.088597,9.683387,0.069332,0.095934,0.056142,0.249896,0.206630,0.472148,0.065190,WALKING
0.710758,-0.001031,9.639177,-0.003955,0.074934,0.065183,0.384867,0.183552,0.611126,0.127818,WALKING
0.513312,0.227679,9.688139,0.062463,0.006649,0.058040,0.320991,0.376500,0.597868,0.129125,WALKING
0.529795,0.592827,9.288685,0.078405,0.050608,0.077106,0.210597,0.391645,0.481212,0.141521,WALKING
0.694155,0.157299,9.685317,0.054076,0.017726,0.080596,0.279050,0.330345,0.268985,0.090765,WALKING
0.640366,0.332973,9.882939,0.060099,0.064881,0.058152,0.520691,0.402705,0.371991,0.043588,WALKING
0.375407,0.164935,9.055997,0.076456,0.023661,0.093939,0.444743,0.473634,0.522018,0.087346,WALKING
0.389991,0.070602,9.645673,0.049831,0.032793,0.090053,0.161652,0.283708,0.760819,0.119024,WALKING
0.814150,0.375275,9.360170,0.053546,0.010129,0.106788,0.438408,0.611157,0.470351,0.112209,WALKING
0.548106,0.457203,8.957855,0.073776,0.091518,0.129332,0.193316,0.036722,0.497648,0.063588,WALKING
0.620700,0.565074,9.461555,0.029778,0.109220,0.067850,0.558044,0.294047,0.529521,0.030559,WALKING
0.556390,-0.019080,9.765668,0.018707,0.050522,0.076964,0.223223,0.249301,0.542274,0.101294,WALKING
0.675467,0.579139,9.582289,0.081908,0.100523,0.102327,0.201041,0.423515,0.377724,0.080327,WALKING
0.656439,0.134987,9.436918,0.032113,0.033293,0.078098,0.446844,0.267306,0.420451,0.075386,WALKING
0.748996,0.293599,10.142659,0.068180,0.005259,0.089418,0.239780,0.578371,0.448855,0.096333,WALKING
0.303087,0.178561,9.588655,0.086339,0.055068,0.079329,0.284885,0.426090,0.451635,0.094564,WALKING
0.222725,0.134067,9.406974,0.068210,0.030309,0.073873,0.280427,0.364688,0.297531,0.131105,WALKING
0.682521,0.251308,9.174823,0.055702,0.015525,0.068686,0.355987,0.383243,0.686603,0.077682,WALKING
0.381777,0.295403,9.106960,0.020801,0.046078,0.074526,0.450506,0.304285,0.514677,0.119683,WALKING
0.533069,0.523844,9.755101,0.016674,-0.022684,0.150303,0.505271,0.458932,0.635749,0.066001,WALKING
0.655026,0.205415,9.318011,-0.010477,0.056314,0.070560,0.356493,0.221531,0.591322,0.092719,WALKING
0.379020,0.361433,9.910805,0.021220,0.060335,0.106446,0.363297,0.243225,0.573262,0.069662,WALKING
0.219782,0.372079,9.829541,0.042598,0.012170,0.062700,0.395435,0.540413,0.123935,0.128935,WALKING
0.185658,0.771452,9.569547,0.060089,0.065721,0.021131,0.383268,0.362590,0.517193,0.127920,WALKING
0.537309,0.414876,9.356874,0.052257,0.103293,0.101494,0.381818,0.481051,0.499865,0.068052,WALKING
0.624304,0.278124,9.799518,0.073060,0.065258,0.069430,0.329184,0.528989,0.725480,0.082744,WALKING
0.386238,0.437043,8.901697,0.057328,0.127594,0.066987,0.430674,0.305704,0.756137,0.088158,WALKING
0.449815,0.269006,9.195602,0.019873,0.060878,0.075681,0.395021,0.374401,0.428956,0.087866,WALKING
0.751429,0.689050,10.032608,0.002055,0.095979,0.082600,0.536898,0.433875,0.381831,0.065496,WALKING
0.795412,0.264198,9.868822,-0.019070,0.012106,0.049133,0.355408,0.235724,0.804502,0.057563,WALKING
0.625624,0.260094,8.929960,0.041329,0.108997,0.079507,0.143726,0.451623,0.584171,0.095323,WALKING
0.644599,0.375942,8.895639,-0.015541,0.049802,0.099340,0.506081,0.354636,0.254411,0.068726,WALKING
0.381287,0.294861,9.430861,-0.013043,0.053416,0.080766,0.506113,0.600525,0.341444,0.126256,WALKING
0.493262,0.606618,9.579118,0.056717,0.045938,0.100032,0.494272,0.357910,0.544918,0.117563,WALKING
0.307975,0.321069,9.807496,0.031152,0.043567,0.131607,0.486978,0.300754,0.519124,0.134086,WALKING
0.530149,0.301546,9.605949,0.096469,0.071604,0.052957,0.451027,0.352605,0.533236,0.139549,WALKING
0.368475,0.483867,9.860400,0.055616,0.034821,0.076999,0.302254,0.555672,0.673665,0.099927,WALKING
0.416714,0.286211,9.213181,0.071691,0.098017,0.094459,0.297374,0.360511,0.276017,0.166025,WALKING
0.599396,0.273471,9.269104,-0.005246,0.060554,0.077279,0.294200,0.548699,0.513188,0.146128,WALKING
0.507875,0.239443,9.462149,0.021391,0.037745,0.027596,0.246571,0.632770,0.335907,0.088490,WALKING
0.466020,0.479689,9.348447,0.015995,-0.002312,0.049704,0.458847,0.342524,0.632097,0.091555,WALKING
0.648155,0.390591,9.354060,0.027907,0.083570,0.117910,0.367449,0.214432,0.737878,0.072814,WALKING
0.500457,0.051980,9.563688,0.028833,0.087737,0.059743,0.377434,0.463630,0.231377,0.078351,WALKING
0.499016,0.092741,9.215420,0.115918,0.099991,0.024505,0.530782,0.431179,0.617136,0.077307,WALKING
0.508056,0.307528,9.345985,0.023928,0.029688,0.090720,0.518368,0.346540,0.416962,0.085104,WALKING
0.547298,0.816502,9.585220,0.049021,0.041074,0.074114,0.291226,0.360318,0.507180,0.065282,WALKING
0.595584,0.248815,9.842703,0.085980,0.030863,0.092146,0.555542,0.203936,0.611948,0.087390,WALKING
0.398009,0.166866,9.533645,-0.004577,0.068303,0.063232,0.436612,0.347095,0.318476,0.124522,WALKING
0.352989,0.158974,9.606136,0.057377,0.051701,0.130093,0.427721,0.396205,0.757666,0.082663,WALKING
0.466867,0.217752,9.134319,0.105867,0.057487,0.079988,0.534306,0.403275,0.463731,0.120499,WALKING
0.812764,0.502316,9.324298,0.064588,-0.002762,0.053476,0.474195,0.404452,0.473510,0.078880,WALKING
0.293187,0.957841,9.324581,0.064515,-0.022231,0.078064,0.448856,0.425558,0.554307,0.127804,WALKING
0.818669,0.185343,9.645451,0.091616,0.057859,0.143640,0.232971,0.479343,0.305081,0.039724,WALKING
0.499628,-0.027976,9.102548,0.082297,-0.004368,0.059717,0.382248,0.393433,0.270384,0.113406,WALKING
0.556005,-0.153176,9.207630,0.089407,-0.016926,0.075341,0.490752,0.431418,0.447170,0.062900,WALKING
0.540506,0.501451,9.319703,0.057659,0.116825,0.023107,0.446596,0.268711,0.165448,0.085892,WALKING
0.382936,0.140398,8.990302,0.067433,0.105548,0.165350,0.410748,0.518148,0.460615,0.114532,WALKING
0.536901,0.242833,9.585308,-0.015706,0.100166,0.031089,0.524121,0.325383,0.502276,0.150824,WALKING
0.583861,0.154676,9.393769,0.009453,0.057138,0.077615,0.452962,0.404269,0.719473,0.146853,WALKING
0.418444,0.367077,9.419208,0.028347,0.040684,0.060205,0.503058,0.136239,0.468246,0.124542,WALKING
0.810531,0.021151,9.725277,0.059684,0.055098,0.051141,0.447933,0.328572,0.425269,0.105603,WALKING
1.152220,0.141391,9.850367,0.072488,0.122004,0.117504,0.495542,0.260484,0.804169,0.066930,WALKING
0.292079,0.253006,9.089923,0.059054,0.071526,0.090661,0.599480,0.368442,0.404188,0.106690,WALKING
0.274657,0.367182,9.901756,0.038520,0.018768,0.108424,0.200024,0.504940,0.477428,0.095795,WALKING
0.456256,0.200546,9.152405,0.048536,0.043292,0.061151,0.538207,0.429259,0.653316,0.104797,WALKING
0.521499,0.143907,9.736155,0.054920,0.067349,-0.012323,0.383541,0.395557,0.219864,0.107252,WALKING
0.485212,0.596140,9.845713,0.018735,0.074561,0.114491,0.278672,0.348651,0.445177,0.108871,WALKING
0.656617,0.030219,9.433585,0.041398,0.038209,0.043948,0.534140,0.378568,0.347608,0.124001,WALKING
0.489601,0.068425,9.930920,0.042393,0.067803,0.055424,0.340302,0.226028,0.508800,0.072965,WALKING
0.586463,0.145162,10.243907,0.054755,0.076917,0.048244,0.292093,0.530764,0.366596,0.078896,WALKING
0.863206,0.382584,9.231439,0.045441,0.042320,0.104562,0.297573,0.333982,0.594932,0.143260,WALKING
0.456942,0.347814,10.150169,0.017107,0.064137,0.013659,0.463976,0.376638,0.682015,0.068025,WALKING
0.528403,0.242096,9.265406,-0.005125,0.008735,0.102501,0.581231,0.503340,0.564717,0.068682,WALKING
0.444414,0.132659,9.747711,0.048909,-0.030455,0.042922,0.476700,0.410380,0.474326,0.045498,WALKING
0.302912,0.358389,9.911106,0.089494,0.042224,0.090993,0.494833,0.431610,0.651429,0.119990,WALKING
0.306460,0.321630,9.683749,0.092392,0.019840,0.025171,0.502144,0.333630,0.412327,0.115722,WALKING
0.631928,0.247007,9.472952,0.094732,0.039223,0.144237,0.208737,0.430251,0.463441,0.047684,WALKING
0.317496,0.507211,9.991607,0.043264,0.028895,0.074522,0.460927,0.324680,0.590216,0.087008,WALKING
0.517863,-0.127234,9.135584,0.107696,0.031786,0.130527,0.439191,0.238698,0.624597,0.125987,WALKING
0.662127,0.027522,9.771671,0.038322,0.079410,0.079198,0.369443,0.307388,0.439683,0.066898,WALKING
0.644573,0.552206,9.731861,0.092529,-0.014749,0.065892,0.495920,0.348061,0.404579,0.104674,WALKING
0.673772,0.637696,9.701590,0.004734,0.007773,0.061766,0.526197,0.317706,0.239683,0.090294,WALKING
0.276224,0.239467,9.538458,0.065418,0.069888,0.062438,0.432910,0.397076,0.621676,0.047239,WALKING
0.310150,0.297481,9.885946,0.070553,0.032788,0.070090,0.407804,0.549334,0.504968,0.145772,WALKING
0.258358,-0.000059,8.771437,0.118057,0.038226,0.056040,0.494432,0.346632,0.701058,0.068113,WALKING
0.531211,0.252711,9.306300,0.017320,0.040689,0.063802,0.482905,0.199121,0.626694,0.071545,WALKING
0.300085,0.206968,9.115962,0.036296,0.038794,0.042559,0.465427,0.437133,0.761295,0.135402,WALKING
0.760056,0.215234,9.691001,0.054345,0.074431,0.110808,0.557140,0.285089,0.663824,0.109763,WALKING
0.462822,0.033565,10.213575,0.075501,0.052896,0.043512,0.385247,0.443429,0.475506,0.086175,WALKING
0.183845,0.740499,10.167434,0.027352,0.046472,0.072842,0.272294,0.395553,0.342347,0.091792,WALKING
0.750459,0.159897,9.335728,0.042065,0.080820,0.125694,0.456777,0.538497,0.823314,0.085643,WALKING
0.149933,0.042143,9.469289,0.017446,0.049814,0.086980,0.421276,0.470616,0.349492,0.052490,WALKING
0.328257,0.168101,9.168015,0.066783,0.022731,0.034753,0.475564,0.355964,0.534068,0.126971,WALKING
0.338123,0.422926,9.680495,0.062077,-0.003279,0.057684,0.381368,0.249123,0.903159,0.097840,WALKING
0.607949,-0.013404,10.064782,0.061211,0.080964,0.097523,0.299602,0.430807,0.285864,0.093306,WALKING
0.334609,0.245940,9.562718,0.052104,0.127907,0.064151,0.415783,0.544049,0.516876,0.138842,WALKING
0.413177,0.626112,9.569906,0.029532,0.024801,0.100606,0.554632,0.313585,0.536283,0.045583,WALKING
0.749166,0.005992,9.502802,0.071474,0.035254,0.123445,0.364857,0.313828,0.478637,0.124110,WALKING
0.508807,0.197621,9.643966,0.076946,0.029141,0.089820,0.434927,0.500193,0.453714,0.115667,WALKING
0.605016,0.403509,8.847604,0.008247,0.017190,0.029609,0.598825,0.303006,0.697563,0.111888,WALKING
0.284462,0.434757,9.700541,0.032653,0.090594,0.078641,0.336497,0.434465,0.560781,0.066025,WALKING
0.636269,0.567998,9.333094,0.080858,0.084408,0.095107,0.528937,0.367929,0.386431,0.156890,WALKING
0.462895,0.340537,8.674041,0.030305,0.088416,0.039163,0.565681,0.206213,0.758143,0.080122,WALKING
0.217509,0.052915,9.728480,0.068821,0.053713,0.054667,0.402892,0.540673,0.369761,0.133946,WALKING
0.369999,0.731879,9.817946,0.058351,0.009308,0.057441,0.359780,0.361804,0.029814,0.118112,WALKING
0.370459,0.124808,9.391514,0.074726,0.064022,0.098728,0.476575,0.460674,0.659569,0.061296,WALKING
0.332213,0.006586,9.611149,0.059559,0.017617,0.087415,0.301682,0.470380,0.694393,0.059665,WALKING
0.007749,0.204403,9.087567,-0.016644,0.102016,0.101785,0.536638,0.486804,0.594885,0.147181,WALKING
0.708565,0.326242,9.562089,0.047092,0.049725,0.108602,0.344970,0.313989,0.829805,0.074591,WALKING
0.235504,0.505714,9.386213,0.030283,0.039986,0.089944,0.496621,0.542264,0.716771,0.142508,WALKING
0.547126,0.332784,9.585135,0.068318,0.002776,0.045244,0.319265,0.222793,0.503320,0.058025,WALKING
0.217034,0.184379,9.671231,0.056479,0.012314,0.085792,0.501375,0.454015,0.537341,0.073902,WALKING
0.711913,0.443533,9.350184,0.043436,0.052332,0.052004,0.276302,0.368844,0.430364,0.063880,WALKING
0.515342,0.394263,9.690090,0.049611,0.075440,0.094347,0.386115,0.506959,0.456137,0.094706,WALKING
0.017296,0.105993,9.259605,0.055227,0.081024,0.059044,0.542517,0.389377,0.564089,0.068852,WALKING
0.360601,0.230139,9.904483,0.021875,0.080876,0.093422,0.357918,0.359667,0.410733,0.079694,WALKING
0.355544,0.321858,9.676683,0.017850,0.063732,0.084350,0.308077,0.167486,0.751137,0.142858,WALKING
0.483810,0.001575,9.505449,0.011655,0.028935,0.067760,0.571215,0.597294,0.412917,0.099285,WALKING
0.790580,0.047139,9.153179,0.023544,0.061244,0.073986,0.379009,0.249866,0.381161,0.135354,WALKING
0.249020,0.002811,9.245943,0.039914,0.052922,0.085111,0.492925,0.451556,0.674604,0.164272,WALKING
0.377949,0.180907,10.104351,0.060280,0.049132,0.005276,0.457503,0.370498,0.268468,0.045543,WALKING
0.307626,0.252216,9.109417,0.074479,0.078718,0.083353,0.521837,0.485005,0.546227,0.060737,WALKING
0.385477,0.209240,9.425568,0.127760,0.022510,0.042840,0.279681,0.292471,0.537492,0.148554,WALKING
0.024459,0.095560,9.393845,0.042080,-0.001885,0.042653,0.289938,0.576766,0.416259,0.124169,WALKING
0.444568,0.307484,9.324882,0.054311,0.072361,0.145583,0.378591,0.501273,0.803462,0.051049,WALKING
0.463125,0.082444,9.594223,0.090903,0.101369,0.058024,0.277882,0.327933,0.741349,0.115896,WALKING
0.686283,0.509348,8.930797,0.053542,0.073073,0.056331,0.391853,0.431957,0.464685,0.107656,WALKING
0.816130,0.392996,9.675762,0.076245,0.044107,0.081124,0.384341,0.451642,0.439244,0.147540,WALKING
0.612919,0.618849,9.576229,0.016854,0.013479,0.122226,0.147844,0.445825,0.741764,0.132280,WALKING
0.598516,0.378239,9.034998,0.064662,0.057103,0.074552,0.653859,0.401924,0.436902,0.141572,WALKING
0.395014,0.599609,9.451297,0.032239,0.072692,0.084781,0.288737,0.390100,0.518596,0.150455,WALKING
0.652773,0.137393,9.522313,0.074259,0.081406,0.029867,0.463592,0.441527,0.320519,0.040894,WALKING
0.336638,0.168190,9.859237,0.055442,0.000589,0.082584,0.251462,0.605838,0.525295,0.098034,WALKING
0.550878,0.356754,9.247691,0.031101,0.043796,0.130521,0.458379,0.491577,0.770960,0.040268,WALKING
0.702012,0.147717,9.288287,-0.000076,0.056718,0.076514,0.440871,0.326873,0.345255,0.147828,WALKING
0.237149,0.379399,9.356673,0.051563,0.027052,0.063612,0.375511,0.441921,0.538244,0.132903,WALKING
0.634868,0.275047,9.258570,0.093544,-0.022400,0.050002,0.407082,0.159412,0.647170,0.087764,WALKING
0.858429,0.229295,9.314480,0.081512,0.070629,0.077240,0.349693,0.372379,0.563245,0.097269,WALKING
0.665893,0.380353,9.798776,0.036614,-0.033067,0.048706,0.381781,0.274984,0.678551,0.144991,WALKING
0.448749,0.581689,9.216703,0.032558,0.005500,0.088027,0.322445,0.351978,0.719224,0.098548,WALKING
0.314198,0.103707,9.437749,0.068804,0.105810,0.097732,0.555500,0.397133,0.517558,0.020736,WALKING
0.465776,0.407677,9.541284,0.074522,0.019161,0.118672,0.250884,0.469323,0.380653,0.128035,WALKING
-0.032997,0.476220,9.428856,0.158749,0.047537,0.084289,0.411394,0.575854,0.566810,0.091432,WALKING
0.325247,0.196508,9.117151,0.082065,0.055359,0.083085,0.441282,0.370567,0.406209,0.113395,WALKING
0.341102,0.132704,9.367513,0.073092,0.008865,0.111837,0.341921,0.343219,0.345459,0.079593,WALKING
0.301150,0.300738,9.627997,0.033446,0.039885,0.121338,0.353727,0.378478,0.561569,0.077298,WALKING
0.465596,0.158462,9.475047,0.035846,0.038988,0.075066,0.421232,0.440525,0.486764,0.074735,WALKING
0.095379,0.565300,9.847729,0.058453,0.055603,0.109239,0.292359,0.472831,0.751953,0.057491,WALKING
0.698756,0.388758,9.645724,0.032222,0.081223,0.108604,0.433205,0.351549,0.682167,0.087217,WALKING
0.346128,0.314469,9.751038,0.041621,0.019319,0.067561,0.406879,0.427459,0.278145,0.080977,WALKING
0.805426,0.826124,9.915168,0.066464,0.028907,0.108227,0.453777,0.371396,0.469604,0.111887,WALKING
0.461032,0.229685,9.512926,0.042590,0.056064,0.050483,0.357013,0.492319,0.616433,0.089780,WALKING
0.859785,0.297404,10.270349,0.047912,0.029758,0.015731,0.473873,0.403955,0.761161,0.123685,WALKING
0.371917,0.204487,10.192358,0.010578,0.040952,0.048879,0.296036,0.469539,0.808124,0.080459,WALKING
0.314822,0.609453,9.995642,0.056313,-0.004773,0.072955,0.644965,0.401439,0.509669,0.117521,WALKING
0.534874,0.695587,9.054322,0.077332,0.022852,0.121951,0.272487,0.428646,0.328038,0.073420,WALKING
0.390544,0.232912,9.715384,0.043108,0.022996,0.097264,0.434517,0.250342,0.551317,0.124846,WALKING
0.045244,0.065036,9.882014,0.040744,0.087296,0.110302,0.458293,0.283580,0.600794,0.136531,WALKING
0.322213,0.019426,9.247884,0.065810,0.078719,0.057484,0.334611,0.192128,0.414685,0.101532,WALKING
0.679077,0.177876,9.862777,0.057576,0.082647,0.090568,0.363161,0.432793,0.635433,0.112210,WALKING
0.768618,0.425755,9.507551,0.049858,0.061339,0.119208,0.247100,0.549136,0.353064,0.051230,WALKING
0.484781,0.305324,9.380930,0.073644,0.026603,0.047788,0.393103,0.429034,0.662148,0.042733,WALKING
0.215677,0.065930,9.341671,0.088923,0.014817,0.051906,0.421238,0.338846,0.373859,0.135907,WALKING
0.566697,0.178496,9.120375,-0.002121,-0.001361,0.101821,0.606377,0.434751,0.442855,0.110752,WALKING
0.589269,0.420949,9.404152,0.079960,0.000893,0.073503,0.504383,0.291620,0.793672,0.173487,WALKING
0.376319,0.401188,9.672550,0.050717,0.120034,0.122069,0.440966,0.530676,0.451417,0.087646,WALKING
0.246661,0.731685,9.501312,0.024922,0.068326,0.085550,0.459581,0.379002,0.587676,0.145880,WALKING
0.329832,0.138576,9.240284,0.050066,0.062094,0.067216,0.440258,0.488937,0.427156,0.143875,WALKING
0.631701,0.379356,9.548681,0.061279,0.055489,0.054344,0.451795,0.293790,0.523453,0.051761,WALKING
0.294022,0.063813,9.393389,0.009802,0.060608,0.058698,0.377481,0.276129,0.486512,0.075100,WALKING
0.759161,0.129568,9.389981,0.053308,0.029768,0.072931,0.317220,0.414356,0.491600,0.089531,WALKING
0.552205,0.324092,9.159918,0.023158,0.002053,0.030901,0.477505,0.635006,0.622224,0.110356,WALKING
0.130693,0.510847,9.492393,-0.027197,0.051736,0.059009,0.515303,0.440630,0.564457,0.038720,WALKING
0.957877,0.370079,9.463792,0.066925,0.034140,0.068382,0.361580,0.469171,0.641788,0.110383,WALKING
0.487252,0.627120,9.306272,0.092988,0.033883,0.086173,0.496799,0.300730,0.653633,0.157807,WALKING
0.210639,0.549572,9.207519,0.110143,0.094423,0.093251,0.450814,0.349454,0.750402,0.062767,WALKING
0.467416,0.239244,9.418495,0.023337,0.050070,0.066932,0.469169,0.352644,0.420640,0.074698,WALKING
0.408087,0.160571,9.058813,0.074974,0.020519,0.133276,0.239468,0.214087,0.544765,0.098345,WALKING
0.334389,0.421627,9.672827,-0.008816,0.030133,0.037540,0.457318,0.424381,0.447360,0.134713,WALKING
0.652144,0.564244,9.149609,0.153729,0.031889,0.077125,0.523543,0.524055,0.585718,0.067083,WALKING
0.391068,-0.109333,9.088418,0.082655,0.054231,0.061733,0.484060,0.519456,0.616318,0.081221,WALKING
0.630330,0.397920,9.729079,0.041590,0.044299,0.099745,0.444863,0.395154,0.443258,0.129619,WALKING
0.680849,0.770204,9.418591,0.021801,0.030681,0.035169,0.321120,0.383907,0.487619,0.109739,WALKING
0.724210,0.130081,9.883363,0.032286,0.052240,0.069132,0.255133,0.390205,0.439525,0.144816,WALKING
0.260844,0.366511,9.591848,0.068820,0.040388,0.089731,0.177515,0.471108,0.194407,0.144688,WALKING
0.610069,0.181383,9.811794,0.140414,0.004260,0.064148,0.445377,0.394102,0.257847,0.076743,WALKING
0.291188,0.165327,9.896888,0.046464,0.123896,0.094938,0.467675,0.370037,0.272421,0.127427,WALKING
0.798596,0.011601,9.305029,0.034623,0.028827,0.082326,0.273455,0.188771,0.583324,0.101583,WALKING
0.376484,0.403761,9.509563,0.045152,0.095223,0.086940,0.392515,0.336766,0.388333,0.102034,WALKING
0.511352,0.462412,9.798752,0.028116,0.095745,0.054016,0.265585,0.435869,0.649271,0.104747,WALKING
0.406934,0.427530,9.722340,0.118574,0.100722,0.094649,0.407978,0.356776,0.249210,0.102480,WALKING
0.684780,0.477872,10.337025,0.087973,0.035475,0.034886,0.462590,0.395359,0.410533,0.124745,WALKING
0.315081,-0.078760,9.550784,0.043945,0.038633,0.081222,0.224894,0.380850,0.480130,0.114120,WALKING
0.519524,0.521489,9.848873,0.033861,0.072636,0.058307,0.315681,0.196052,0.680488,0.095830,WALKING
0.589431,0.329246,9.429650,0.033544,0.053478,0.108701,0.337408,0.240947,0.753819,0.068539,WALKING
0.728878,0.125862,9.557765,0.027852,0.075395,0.092372,0.527039,0.487533,0.285907,0.124069,WALKING
0.530772,0.363547,9.440433,0.062586,0.032866,0.074003,0.481937,0.600631,0.445705,0.082361,WALKING
0.435323,0.142425,8.962675,0.056452,0.037105,0.128781,0.393273,0.172226,0.595828,0.116356,WALKING
0.426363,0.410264,9.854139,0.083506,0.058514,0.115341,0.328207,0.491275,0.817900,0.071936,WALKING
0.787141,0.390125,9.428885,0.011059,0.044284,0.124368,0.399559,0.460483,0.436927,0.049741,WALKING
0.931906,0.187700,9.190849,-0.006023,0.020046,0.109727,0.222903,0.482527,0.536151,0.146451,WALKING
0.410009,0.861327,9.303568,-0.016127,0.039940,0.042361,0.451215,0.424773,0.641734,0.083938,WALKING
0.626707,0.311205,9.536627,0.092338,0.079664,0.042574,0.391791,0.342723,0.606290,0.108716,WALKING
0.724834,0.187399,9.312622,0.046756,0.088484,0.092074,0.574403,0.463665,0.218747,0.115832,WALKING
0.532074,0.255796,9.228765,0.018609,0.026592,0.082331,0.313821,0.419069,0.383573,0.049448,WALKING
0.623569,0.491632,10.073343,0.038226,0.045104,0.113118,0.414050,0.381733,0.678176,0.143144,WALKING
0.659392,0.291361,9.645537,0.061311,0.012791,0.077767,0.375873,0.344595,0.483134,0.126686,WALKING
0.471678,0.417782,9.926698,0.034778,0.016632,0.096948,0.344927,0.374066,0.625108,0.113064,WALKING
0.540442,0.373177,9.540707,0.074950,0.002717,0.052028,0.562401,0.407208,0.702921,0.066858,WALKING
0.603632,0.230397,9.793932,0.058081,0.055518,0.071742,0.342427,0.537322,0.630207,0.109237,WALKING
0.816428,0.250713,9.764086,0.048179,0.071545,0.108806,0.301059,0.267207,0.617649,0.043570,WALKING
0.379812,0.336462,9.332271,0.079659,0.109251,0.075111,0.476445,0.162073,0.548097,0.107127,WALKING
0.355586,0.226390,9.447450,0.053717,0.042033,0.030953,0.505030,0.242203,0.377250,0.114366,WALKING
1.040657,0.324591,9.237530,0.082040,0.057876,0.103561,0.443161,0.468001,0.452892,0.049585,WALKING
0.610988,0.354359,9.940010,0.063265,0.083054,0.096516,0.453955,0.343418,0.609071,0.061101,WALKING
0.336961,0.149229,9.753755,0.028162,0.037525,0.099812,0.407030,0.340140,0.320526,0.087540,WALKING
0.428397,0.351850,9.504305,0.079095,0.026182,0.092918,0.518495,0.335732,0.681048,0.087413,WALKING
0.705870,-0.028723,9.476874,0.025105,0.048331,0.065762,0.565565,0.261144,0.549751,0.120795,WALKING
0.735130,0.138882,9.208394,0.077001,0.031861,0.018073,0.265170,0.439333,0.460683,0.166861,WALKING
0.297767,0.401970,9.078355,0.069084,0.035288,0.026420,0.453683,0.335554,0.889133,0.115650,WALKING
0.304759,0.248777,10.026650,0.042070,0.054004,0.073732,0.472848,0.215328,0.204242,0.077655,WALKING
0.768978,0.407806,9.890127,0.051232,0.057045,0.061166,0.457429,0.416598,0.317032,0.088254,WALKING
0.125019,0.450464,9.806468,-0.025260,0.035190,0.076582,0.389937,0.185411,0.500016,0.114949,WALKING
0.065287,0.871916,9.607388,0.085286,0.079585,0.055732,0.419607,0.445430,0.615916,0.106784,WALKING
0.251168,0.485741,9.228476,0.024928,0.068472,0.067434,0.484593,0.530461,0.623030,0.107656,WALKING
-0.054791,0.555264,9.490360,0.057218,0.050358,0.090638,0.408366,0.400097,0.278810,0.120864,WALKING
0.727657,0.331312,9.670837,0.084826,0.069876,0.074224,0.367110,0.251440,0.462135,0.171684,WALKING
0.549258,0.375735,9.427972,0.033390,0.068286,0.098124,0.439221,0.343773,0.397044,0.143599,WALKING
0.597577,0.337704,9.894631,0.046633,0.042506,0.070910,0.440749,0.266973,0.258004,0.167395,WALKING
0.368490,0.352247,9.493923,0.029048,-0.016834,0.078944,0.480176,0.387411,0.372687,0.118459,WALKING
0.910721,0.352032,9.676152,0.028372,0.037814,0.076316,0.503406,0.452759,0.426356,0.088569,WALKING
0.244979,0.232744,9.123019,0.046464,-0.001285,0.045393,0.381217,0.495799,0.458289,0.077081,WALKING
0.741248,0.252190,9.909101,0.073133,0.030374,0.096195,0.293304,0.389644,0.624777,0.149586,WALKING
-0.014810,0.358745,9.703371,0.039417,0.058729,0.062994,0.482139,0.439148,0.393641,0.094755,WALKING
0.643977,0.289620,9.800220,0.045307,0.088402,-0.009169,0.523493,0.413130,0.227977,0.094435,WALKING
0.168966,0.520350,9.289600,0.069878,0.057239,0.063915,0.387265,0.294623,0.376265,0.091302,WALKING
0.444001,0.341015,9.732747,0.056038,0.026425,0.090060,0.461606,0.476494,0.527115,0.131410,WALKING
0.892426,0.197642,9.561628,0.055726,-0.000358,0.054108,0.314360,0.407495,0.446660,0.101167,WALKING
0.640341,0.468836,8.995927,0.046756,0.057374,0.023386,0.310272,0.381279,0.288215,0.059715,WALKING
0.417301,0.496675,9.187080,0.037164,0.016859,0.025945,0.591048,0.433356,0.535299,0.119999,WALKING
0.626590,0.268281,9.358885,0.028518,0.002693,0.099930,0.510553,0.319538,0.613206,0.100918,WALKING
0.569775,0.449492,9.573696,0.067525,0.019147,0.112443,0.454058,0.537665,0.636083,0.099491,WALKING
0.455565,0.522869,9.415956,-0.000704,0.053940,0.123669,0.345612,0.462094,0.434293,0.040069,WALKING
0.692990,0.417713,9.198599,0.087874,0.023719,0.037058,0.410373,0.254834,0.416273,0.111694,WALKING
0.374202,0.422124,9.930213,0.012194,0.034873,0.111299,0.204659,0.367109,0.421168,0.107640,WALKING
0.457464,-0.008165,9.801321,0.023989,-0.006096,0.102567,0.492208,0.543854,0.493880,0.160564,WALKING
0.316051,-0.030979,9.214294,0.079441,0.028484,0.055485,0.279911,0.515229,0.631935,0.074774,WALKING
0.468420,0.604145,9.524379,0.095840,0.032494,0.090976,0.330447,0.321224,0.588909,0.136280,WALKING
0.222686,0.099225,9.871044,0.120489,0.035034,0.115610,0.405811,0.440225,0.658640,0.083463,WALKING
0.416975,0.789438,9.530375,0.048895,0.039696,0.124415,0.230938,0.416976,0.322716,0.114017,WALKING
0.262743,0.350145,9.618978,0.039052,0.077485,0.069609,0.307498,0.491407,0.387267,0.048773,WALKING
0.714477,0.169869,8.871964,0.030653,0.060325,0.081499,0.359511,0.318629,0.316053,0.108202,WALKING
0.470041,0.587196,9.692448,0.006750,0.013953,0.062921,0.300791,0.500124,0.672253,0.106585,WALKING
0.848702,0.008482,9.602817,0.068192,0.029991,0.079348,0.494222,0.366988,0.258412,0.113416,WALKING
0.565966,0.315822,9.325376,0.034405,0.049358,0.063761,0.277515,0.516288,0.651933,0.078269,WALKING
0.412781,0.876115,9.419352,0.063142,0.103019,0.078952,0.416737,0.352149,0.590136,0.164363,WALKING
0.353524,0.479000,9.318004,0.034677,0.027949,0.034751,0.510168,0.393315,0.340720,0.122587,WALKING
0.488542,0.466083,9.281937,0.012095,0.092886,0.110152,0.287412,0.323336,0.376675,0.122630,WALKING
0.430784,0.065440,9.693206,0.083004,-0.007683,0.085603,0.442048,0.385462,0.464857,0.093905,WALKING
0.310463,0.360323,9.809080,0.012547,0.066453,0.036950,0.491048,0.402369,0.188209,0.099772,WALKING
0.532436,0.662662,10.076631,0.021225,0.038564,0.049268,0.303001,0.355847,0.355473,0.088215,WALKING
0.391720,0.778343,9.840262,0.064415,0.015965,0.096931,0.410732,0.436261,0.299665,0.102079,WALKING
0.599388,-0.142355,9.487150,0.078428,-0.001413,0.102489,0.466872,0.566312,0.572553,0.134553,WALKING
0.604318,0.632036,9.067275,0.032058,0.101043,0.074072,0.193437,0.382278,0.557986,0.093425,WALKING
0.622147,0.052221,9.011484,0.085145,0.042847,0.096881,0.441022,0.327691,0.419248,0.042157,WALKING
0.685725,0.097598,9.520675,0.039872,0.080420,0.090025,0.391120,0.395237,0.588408,0.081346,WALKING
0.545229,0.538397,9.941038,0.113888,0.016476,0.078874,0.347702,0.538263,0.407332,0.106874,WALKING
0.556543,0.038018,9.580600,0.021332,0.024124,0.081859,0.576854,0.479796,0.685297,0.116834,WALKING
0.349844,-0.222899,9.940787,0.096746,0.060926,0.147358,0.219153,0.298314,0.562286,0.086156,WALKING
0.503028,0.037789,9.907286,0.055184,0.047590,0.074474,0.436367,0.441745,0.358932,0.140966,WALKING
0.506242,0.410231,9.678388,0.048200,0.015742,0.106944,0.406410,0.539447,0.357866,0.097555,WALKING
0.723667,-0.002206,9.702650,0.020351,0.002307,0.064347,0.318787,0.373522,0.315839,0.057029,WALKING
0.465994,0.115584,9.667431,0.061286,0.049579,0.048428,0.505545,0.331991,0.418505,0.064878,WALKING
0.509893,0.182476,9.433578,0.060713,0.007826,0.100389,0.259376,0.320054,0.573363,0.108315,WALKING
0.673467,-0.076795,9.249362,0.050443,0.046693,0.069177,0.442646,0.180999,0.462401,0.114955,WALKING
0.442672,0.236463,9.165656,0.091619,0.033857,0.055403,0.521282,0.430430,0.435747,0.144097,WALKING
0.363782,0.414239,9.383772,0.052132,0.037383,0.093291,0.455719,0.149968,0.345060,0.145894,WALKING
0.581160,0.580627,9.399472,0.067435,0.046289,0.088396,0.315177,0.369110,0.547548,0.084622,WALKING
0.060947,0.144011,9.354217,0.076744,0.028058,0.061543,0.391861,0.492099,0.421088,0.111913,WALKING
0.498067,0.218593,9.153709,0.067072,0.000958,0.088191,0.483841,0.495329,0.284567,0.086351,WALKING
0.522291,0.203104,9.583635,0.049207,0.074248,0.057574,0.411637,0.280780,0.633603,0.096715,WALKING
0.592447,0.232137,9.588094,0.092189,0.052869,0.098340,0.224835,0.373437,0.610435,0.114436,WALKING
0.662174,0.629670,9.601464,0.075657,0.014734,0.099760,0.326644,0.286456,0.641954,0.075327,WALKING
0.840838,0.320240,9.676899,0.041695,0.084092,0.125701,0.454378,0.359697,0.319412,0.120903,WALKING
0.614564,0.224279,9.286971,0.021472,0.027393,0.097821,0.424261,0.431374,0.598010,0.118828,WALKING
0.157094,0.490858,9.523933,0.047323,0.041720,0.105067,0.299605,0.318396,0.458979,0.079154,WALKING
0.561462,0.402950,9.208573,0.052483,0.060945,0.105633,0.338268,0.526990,0.499255,0.123046,WALKING
0.642094,0.520699,9.259497,0.065006,-0.012459,0.068293,0.407792,0.481919,0.895023,0.091493,WALKING
0.279830,0.296592,9.379328,-0.011658,0.071528,0.070078,0.370196,0.275469,0.510012,0.115633,WALKING
0.893413,0.279854,9.897214,0.089626,0.034200,0.029667,0.447318,0.477900,0.793272,0.055696,WALKING
0.506588,0.670721,9.633785,0.006128,0.027418,0.096841,0.224088,0.481023,0.624370,0.071948,WALKING
0.527399,0.072512,9.487062,0.086054,0.046361,0.116237,0.485389,0.321950,0.631445,0.110407,WALKING
0.491422,0.161107,9.817196,0.057447,0.049583,0.134531,0.556806,0.329774,0.459208,0.074697,WALKING
0.103743,0.199182,9.507147,0.076647,-0.037722,0.106198,0.280681,0.466318,0.559897,0.091137,WALKING
0.741145,0.116183,9.519464,0.023711,0.066226,0.067784,0.194630,0.319668,0.346911,0.110386,WALKING
0.249101,0.351000,10.063057,0.036705,-0.000163,0.085809,0.356815,0.367443,0.476061,0.119751,WALKING
0.182371,0.453002,9.374349,0.075924,0.040047,0.080249,0.364049,0.390146,0.555476,0.077904,WALKING
0.699039,0.463298,9.646425,0.073210,0.040243,0.099445,0.511783,0.315091,0.453061,0.119618,WALKING
0.394435,0.289828,9.693941,0.064704,0.051494,0.084225,0.437184,0.455777,0.463632,0.133968,WALKING
0.351090,0.323401,9.559583,0.049008,0.060802,0.075231,0.519246,0.445825,0.493517,0.097119,WALKING
0.357857,0.568213,9.257168,-0.011000,0.027949,0.047174,0.450465,0.435305,0.718869,0.074003,WALKING
0.215514,0.237398,9.352708,0.027709,0.012490,0.103158,0.352215,0.184149,0.486715,0.117009,WALKING
0.369150,0.546781,9.178033,0.070295,0.050882,0.079456,0.438521,0.282270,0.426554,0.069675,WALKING
0.463460,0.198170,9.728632,0.054603,0.071307,0.117603,0.347177,0.263245,0.173644,0.064011,WALKING
0.620511,-0.013786,9.629210,0.036183,0.055945,0.108122,0.354200,0.322335,0.403688,0.061233,WALKING
0.156717,0.329022,9.614112,0.033608,-0.020575,0.054548,0.377135,0.380714,0.641171,0.054169,WALKING
0.368808,0.435878,9.496877,0.071299,0.058326,0.113759,0.370883,0.568994,0.485175,0.174634,WALKING
0.391348,0.553085,9.739495,0.062464,0.023836,0.052062,0.247244,0.265293,0.688998,0.140883,WALKING
0.333789,0.506518,9.507346,0.081955,0.004713,0.066575,0.324601,0.419534,0.345883,0.129779,WALKING
0.577314,-0.118572,9.073149,0.078613,0.053991,0.062995,0.282895,0.365340,0.642496,0.072530,WALKING
0.197238,0.448477,9.108693,0.016908,0.073978,0.098618,0.171704,0.537539,0.727784,0.095135,WALKING
0.339228,0.582163,9.479395,-0.022545,-0.015833,0.094255,0.496694,0.384669,0.307819,0.098323,WALKING
0.222953,-0.152573,9.584086,0.088168,0.049437,0.084201,0.475755,0.438426,0.641954,0.097682,WALKING
0.853822,0.331650,9.304533,0.062039,0.045516,0.089312,0.441077,0.660039,0.602138,0.107228,WALKING
0.231003,0.180811,9.242905,0.046527,0.020349,0.039750,0.325133,0.287143,0.716831,0.123605,WALKING
0.367699,0.594099,9.034344,0.068503,0.047829,0.116836,0.552387,0.453552,0.305856,0.123514,WALKING
0.388399,-0.176430,9.584810,0.036765,0.043190,0.114167,0.483118,0.322746,0.291941,0.142750,WALKING
0.407610,0.430759,9.183795,0.074809,0.055111,0.047021,0.385029,0.411447,0.480693,0.118521,WALKING
0.409538,0.216015,9.356289,0.023767,0.036230,0.064699,0.479262,0.446340,0.311748,0.088384,WALKING
0.543659,0.344620,9.589177,-0.002171,0.024372,0.020945,0.540737,0.516872,0.553610,0.124584,WALKING
0.472154,0.359792,9.980828,0.056622,0.051172,0.045911,0.351964,0.361404,0.288071,0.138314,WALKING
0.258158,-0.017605,9.464513,0.094356,0.071134,0.066835,0.244434,0.223227,0.309511,0.105504,WALKING
0.577902,0.071311,10.148360,0.042737,0.002429,0.071408,0.433683,0.329186,0.316065,0.101467,WALKING
0.170265,0.743003,9.245920,0.028565,0.048192,0.046738,0.484056,0.305342,0.538897,0.096239,WALKING
0.302435,0.347883,9.157962,0.076659,0.089414,0.144794,0.367168,0.492600,0.564131,0.121368,WALKING
0.031408,0.300512,9.946667,0.007948,0.019485,0.079347,0.490384,0.540586,0.505392,0.108715,WALKING
0.330695,0.671276,9.251593,0.019828,0.045427,0.161046,0.430731,0.340413,0.525226,0.091973,WALKING
0.564804,0.585684,9.374171,0.035755,0.061732,0.108023,0.279047,0.297382,0.570956,0.132859,WALKING
0.636671,0.237522,9.358301,0.075753,0.029425,0.143394,0.424224,0.451328,0.499779,0.137753,WALKING
0.590573,0.405289,8.939753,0.076925,0.053192,0.072531,0.479781,0.254598,0.402184,0.111729,WALKING
0.801508,0.448613,9.471233,0.062955,0.052483,0.100840,0.537989,0.599541,0.486096,0.073318,WALKING
0.590944,0.277837,9.769336,0.052835,0.018770,0.098582,0.327331,0.320856,0.672379,0.112185,WALKING
0.295929,0.329059,9.868983,0.048097,0.054946,0.059066,0.352446,0.443840,0.313369,0.102835,WALKING
0.336815,0.292073,9.108009,0.026024,0.075748,0.097009,0.351223,0.265232,0.501258,0.088659,WALKING
0.786928,0.390130,9.890574,0.065143,0.043418,0.097318,0.411625,0.312002,0.588096,0.139844,WALKING
0.628168,0.733468,10.066608,0.047292,0.040434,0.074173,0.499082,0.378864,0.582925,0.085770,WALKING
0.390322,0.146693,9.817234,0.001578,0.005512,0.078810,0.440172,0.474868,0.722650,0.090568,WALKING
0.359538,0.275827,9.568634,0.070468,0.009542,0.077867,0.572702,0.244802,0.345191,0.040002,WALKING
0.513460,0.580095,9.532946,0.078539,0.031147,0.119103,0.417787,0.366648,0.639508,0.111761,WALKING
0.660001,0.458828,9.631367,0.036850,0.087948,0.085448,0.435133,0.374077,0.613311,0.077372,WALKING
0.338787,0.486441,9.391474,0.055678,0.066818,0.098020,0.408548,0.559318,0.657427,0.098668,WALKING
0.439627,0.360741,9.175156,0.073448,0.075911,0.090840,0.416557,0.468990,0.431005,0.094229,WALKING
0.431799,0.013729,9.984053,0.046242,0.085667,0.081883,0.473520,0.465932,0.488204,0.117395,WALKING
-0.081776,0.807350,9.518630,0.047562,-0.001303,0.032252,0.436149,0.136484,0.716618,0.106324,WALKING
0.493860,0.374117,9.401463,0.098453,0.015429,0.084340,0.333446,0.420898,0.448676,0.092860,WALKING
0.312359,0.339464,10.027004,0.040128,0.075926,0.093634,0.472845,0.326220,0.274722,0.104590,WALKING
0.751338,0.516761,9.192559,0.069589,0.031570,0.044213,0.537930,0.332139,0.926455,0.131805,WALKING
0.717753,0.208971,9.874850,0.054243,0.066302,0.072953,0.543212,0.334405,0.603746,0.144090,WALKING
0.814085,0.510883,9.942249,0.065824,0.011928,0.074054,0.410406,0.438642,0.605445,0.109443,WALKING
0.652746,0.347275,9.196902,0.019292,0.088369,0.049134,0.519385,0.433309,0.440655,0.086316,WALKING
0.396860,0.405643,9.060811,0.060047,0.064070,0.090114,0.314875,0.332135,0.657715,0.140120,WALKING
0.666187,0.175672,9.560557,0.094455,0.059543,0.093820,0.313134,0.183366,0.547602,0.112626,WALKING
0.599732,0.428663,9.478105,0.012083,0.058735,0.046662,0.485682,0.334033,0.574934,0.175128,WALKING
0.838680,0.275772,9.696259,0.020958,0.065778,0.077856,0.615391,0.456666,0.514023,0.084158,WALKING
0.519081,0.353809,8.416522,0.043960,0.070672,0.116349,0.364145,0.444788,0.547242,0.096478,WALKING
0.104713,0.183455,9.358435,0.054789,0.063409,0.084895,0.469726,0.389488,0.499304,0.056392,WALKING
0.406821,0.373817,8.762568,0.012634,0.050308,0.070521,0.517213,0.486217,0.698845,0.053630,WALKING
-0.034227,0.481648,9.852030,0.040283,0.020534,0.059623,0.423954,0.353841,0.742236,0.104107,WALKING
0.795191,0.346314,8.916553,0.074386,0.082661,0.110394,0.344805,0.296663,0.302952,0.103430,WALKING
0.665936,0.186615,8.908194,0.049087,0.093187,0.087798,0.543806,0.618079,0.624893,0.102404,WALKING
0.442043,0.412958,10.008390,0.035419,0.051345,0.001455,0.336400,0.446140,0.510284,0.116388,WALKING
0.604041,0.309434,9.397296,0.076982,0.091098,0.075244,0.248670,0.320472,0.297295,0.104352,WALKING
0.519010,0.494564,9.035831,0.051566,-0.001676,0.080940,0.383534,0.404014,0.618550,0.050667,WALKING
0.360223,0.191267,9.277424,0.066518,0.021464,0.068200,0.307176,0.379645,0.410495,0.142025,WALKING
0.191520,0.071545,9.662069,0.075112,0.077210,0.044000,0.369058,0.563535,0.372739,0.143598,WALKING
0.228719,0.443628,9.289868,0.074794,0.029199,0.097859,0.495488,0.617211,0.514795,0.061338,WALKING
0.541536,0.147296,9.482015,0.018496,0.140382,0.075231,0.452410,0.403635,0.302871,0.125077,WALKING
0.691153,0.159959,9.666252,0.037981,0.039262,0.091823,0.408447,0.382346,0.463886,0.145311,WALKING
0.213543,0.231841,9.367237,0.019366,0.058904,0.140650,0.341200,0.414900,0.319689,0.113458,WALKING
0.401235,0.373219,9.366263,0.066925,0.110931,0.133841,0.429412,0.530851,0.441952,0.117991,WALKING
0.623551,0.516670,9.180202,0.064636,0.047162,0.051305,0.379763,0.338445,0.517288,0.096046,WALKING
0.198146,0.320881,9.920443,0.006196,0.092261,0.056419,0.539616,0.323710,0.493444,0.089098,WALKING
0.562533,0.452859,9.313367,0.058023,0.061034,0.112604,0.241680,0.374716,0.793354,0.083037,WALKING
0.411159,0.095003,9.524852,0.069325,0.076835,0.037229,0.406135,0.330533,0.555138,0.131148,WALKING
0.189934,0.227254,9.795897,0.074283,0.035689,0.064550,0.347542,0.444087,0.246999,0.067314,WALKING
0.712638,0.374011,9.618690,0.091106,0.034302,0.106456,0.268721,0.390646,0.441060,0.112322,WALKING
0.356476,0.425369,9.135716,0.046621,0.078528,0.100144,0.307469,0.354922,0.171599,0.074394,WALKING
0.289584,0.584383,10.157729,0.061154,0.065828,0.045403,0.368946,0.258333,0.239577,0.075808,WALKING
0.238393,0.159579,9.848898,0.096543,0.023885,0.053673,0.297531,0.388316,0.634017,0.115018,WALKING
0.238686,0.383755,9.846807,0.108836,0.045242,0.098211,0.339231,0.449438,0.546715,0.085243,WALKING
0.536504,0.015199,10.088220,0.040993,0.096479,0.060663,0.359612,0.567061,0.345620,0.107353,WALKING
0.597781,0.510947,9.274841,0.101576,0.033866,0.063609,0.283812,0.398115,0.284688,0.100108,WALKING
0.415948,0.232171,9.146350,0.099763,0.063003,0.110230,0.316350,0.409183,0.438726,0.122352,WALKING
0.458905,0.253812,9.688683,0.062339,0.014555,0.110835,0.590462,0.453147,0.550638,0.089173,WALKING
0.523019,-0.221482,9.527836,0.058809,0.049635,0.095612,0.264594,0.421402,0.430483,0.123611,WALKING
0.750461,0.422266,9.409380,0.084270,0.060205,0.065891,0.468796,0.462558,0.415622,0.060888,WALKING
0.382152,0.251370,9.859862,0.046598,0.065755,0.048218,0.470355,0.368086,0.665490,0.096693,WALKING
0.396955,0.457180,9.126511,0.003258,0.035761,0.062668,0.415953,0.399463,0.378321,0.101793,WALKING
0.208956,0.499685,9.179687,0.034375,0.062751,0.118639,0.130886,0.367910,0.319819,0.102664,WALKING
0.860806,0.518497,9.451361,0.024953,0.037136,0.068308,0.437267,0.336025,0.573915,0.146924,WALKING
0.428502,0.393707,9.106405,0.045628,0.092260,0.120158,0.362438,0.243488,0.223287,0.141530,WALKING
0.449860,0.573430,9.450265,0.081214,0.050158,0.013803,0.398397,0.467177,0.763228,0.094239,WALKING
0.825632,0.404959,9.252287,0.028027,0.076083,0.083054,0.312939,0.466433,0.519132,0.104369,WALKING
0.339088,0.455007,9.469741,0.050448,0.039707,0.146083,0.286319,0.500473,0.479435,0.063473,WALKING
0.202130,0.663543,9.503591,0.063313,0.025666,0.072055,0.400007,0.308729,0.746186,0.052539,WALKING
0.468249,0.642707,9.364435,0.042833,0.009056,0.070308,0.402512,0.319828,0.660759,0.093613,WALKING
0.599804,0.193316,10.229424,0.002230,0.104059,0.111160,0.250769,0.327460,0.537141,0.083132,WALKING
0.247243,0.469946,9.830360,0.034340,0.057069,0.087628,0.481837,0.331281,0.474695,0.111423,WALKING
0.587745,0.181655,9.721139,0.049140,0.036925,0.072602,0.485553,0.590999,0.246773,0.028010,WALKING
0.784144,0.278426,10.019885,0.021363,0.058057,0.092975,0.290728,0.495614,0.577887,0.089661,WALKING
0.410304,0.151008,9.432628,0.071482,0.011213,0.050979,0.480531,0.672224,0.305849,0.099795,WALKING
0.704507,0.513973,9.892182,0.062045,0.053799,0.087465,0.440239,0.312464,0.618450,0.105893,WALKING
0.628715,0.277170,9.656024,0.017735,0.028517,0.087565,0.507192,0.228822,0.386259,0.087322,WALKING
0.709849,0.203825,8.825586,0.108403,0.091961,0.071218,0.281366,0.379974,0.426285,0.073184,WALKING
0.596747,0.384644,9.801007,0.047598,0.064062,0.091672,0.393147,0.577832,0.387576,0.072124,WALKING
0.427812,0.342258,9.126386,0.031883,0.086884,0.036427,0.439557,0.316678,0.580106,0.047255,WALKING
0.671124,0.215864,9.178103,0.010113,0.011143,0.065048,0.395445,0.321660,0.303523,0.115073,WALKING
0.156165,0.443655,9.509035,0.084468,0.015859,0.085407,0.415015,0.305177,0.572606,0.089160,WALKING
0.374226,0.098001,9.725628,0.041857,0.022722,0.088477,0.383900,0.335100,0.709329,0.079215,WALKING
0.430321,0.326031,9.643758,0.064628,0.088739,0.116203,0.429940,0.430649,0.600821,0.132246,WALKING
0.584909,0.568779,9.379706,0.016343,0.063244,0.056213,0.441766,0.256540,0.696821,0.079133,WALKING
0.284699,0.403849,9.525386,0.028942,0.063460,0.061380,0.472515,0.431552,0.363602,0.077718,WALKING
0.388279,0.505731,9.540897,0.050590,0.062770,0.069870,0.333544,0.336877,0.451625,0.128527,WALKING
0.596521,0.329825,9.612170,0.051601,0.018851,0.081583,0.486593,0.674075,0.438206,0.137576,WALKING
0.792689,0.395992,9.336409,0.090027,0.041601,0.065857,0.410784,0.200894,0.540693,0.064966,WALKING
0.651442,-0.018373,9.231755,0.016475,0.073793,0.093956,0.433736,0.323366,0.674910,0.080663,WALKING
0.505091,0.068530,9.652279,0.038483,0.118237,0.116298,0.496489,0.374910,0.604502,0.106280,WALKING
0.596902,0.252739,9.222719,0.069753,0.079329,0.043254,0.373295,0.312597,0.538513,0.105458,WALKING
0.175954,0.382156,9.215487,0.032749,0.079772,0.084761,0.436574,0.515447,0.576775,0.116928,WALKING
0.469242,0.486162,9.551665,0.056700,0.070570,0.114758,0.511778,0.511867,0.172019,0.107217,WALKING
0.573045,0.222698,9.106653,0.061932,0.033449,0.071307,0.469051,0.289720,0.364353,0.104149,WALKING
0.540275,-0.090533,8.690199,0.052560,0.044458,0.076113,0.465232,0.403787,0.452345,0.091223,WALKING
0.316079,0.627663,9.366840,0.033148,0.062555,0.056505,0.219251,0.463810,0.722947,0.099591,WALKING
0.446441,-0.201024,9.520238,0.046507,0.058698,0.061318,0.419870,0.450266,0.629210,0.069637,WALKING
0.492443,0.094745,9.345777,0.060136,0.048597,0.094803,0.626816,0.577454,0.503971,0.082464,WALKING
0.641234,-0.112968,9.666028,0.101432,0.016720,0.143591,0.295816,0.338122,0.303632,0.125982,WALKING
0.533081,0.419267,9.325866,0.088436,0.031748,0.096132,0.560007,0.255552,0.576216,0.132540,WALKING
0.636291,0.494270,9.494026,0.058273,0.030125,0.041689,0.483059,0.362458,0.539287,0.096315,WALKING
0.612255,0.278300,10.100058,0.021149,0.119592,0.100024,0.497751,0.260749,0.440901,0.103664,WALKING
0.786415,0.189914,9.336295,0.104924,0.081217,0.135047,0.406868,0.416387,0.563720,0.114274,WALKING
0.155216,0.371869,9.569288,0.064959,0.056963,0.100737,0.476284,0.456675,0.505273,0.092375,WALKING
0.579000,0.291070,9.407339,0.022372,0.066601,0.098950,0.585145,0.390232,0.453621,0.117403,WALKING
0.683083,0.162217,9.490680,0.086395,0.072758,0.064991,0.383588,0.365188,0.298452,0.070728,WALKING
0.671548,0.508243,9.675792,0.073773,0.027649,0.100390,0.306139,0.427945,0.525932,0.078725,WALKING
0.575301,0.416013,9.261748,-0.009652,0.063121,0.080342,0.285760,0.419187,0.506341,0.137973,WALKING
0.633250,0.313484,9.514433,0.038555,0.004360,0.057018,0.395050,0.550023,0.493266,0.073764,WALKING
0.494770,0.114026,9.456729,0.092836,0.057186,0.109892,0.359248,0.640898,0.421058,0.069271,WALKING
0.525521,0.431065,8.734076,0.066401,0.056128,0.040968,0.306057,0.411345,0.304556,0.142637,WALKING
0.468707,0.314470,9.312098,0.021852,0.055520,0.051165,0.535098,0.495175,0.299046,0.111315,WALKING
0.436284,0.472493,10.381715,0.044551,0.030814,0.085213,0.372815,0.383331,0.301465,0.071378,WALKING
0.734802,0.307681,9.649517,0.057995,0.046564,0.109114,0.586165,0.387338,0.442873,0.047769,WALKING
0.616983,0.527609,9.836798,0.067330,0.092348,0.146770,0.240453,0.456089,0.532011,0.119709,WALKING
0.524119,-0.434951,9.739805,0.028728,0.078955,0.054656,0.272214,0.399740,0.551083,0.090770,WALKING
0.574649,0.182992,9.388923,0.082237,0.060913,0.068649,0.414971,0.341171,0.483148,0.092790,WALKING
0.700885,0.217612,9.377734,0.047137,0.064544,0.057049,0.415908,0.415518,0.604383,0.113750,WALKING
0.472716,0.665385,9.008290,0.078117,0.009684,0.036701,0.312987,0.487162,0.463771,0.087804,WALKING
0.642053,0.510969,9.564135,0.032471,0.066212,0.055501,0.450673,0.296981,0.564699,0.118245,WALKING
0.805148,0.156681,9.463603,0.047817,0.031926,0.055584,0.314131,0.512381,0.538577,0.046362,WALKING
0.550890,0.374259,9.823448,0.018794,0.067371,0.055403,0.555320,0.410019,0.493049,0.110657,WALKING
0.542903,0.371707,9.379210,0.070687,0.012074,0.106091,0.300128,0.429452,0.708210,0.100564,WALKING
0.730945,0.371444,10.199953,0.067882,0.010139,0.106458,0.435986,0.303214,0.519872,0.101703,WALKING
0.401132,0.243117,9.272427,0.012240,0.121058,0.060204,0.482151,0.403127,0.317069,0.096509,WALKING
0.720413,0.131013,10.026963,0.056780,0.056773,0.122080,0.496990,0.349483,0.432952,0.118016,WALKING
0.269395,0.156429,9.683354,0.053757,0.084425,0.110926,0.571379,0.342636,0.278846,0.104642,WALKING
0.448639,0.369568,8.997508,0.081889,0.032907,0.060291,0.304238,0.349300,0.528673,0.072461,WALKING
0.539667,0.377046,9.404617,0.091333,0.079236,0.098477,0.499151,0.484963,0.292970,0.083359,WALKING
0.314232,0.211990,9.146735,0.037931,0.031492,0.081290,0.326130,0.421809,0.505823,0.081324,WALKING
0.511320,0.645849,9.953863,0.090223,0.062609,0.090310,0.522009,0.437773,0.526961,0.120743,WALKING
0.600304,0.083209,9.399063,0.063996,0.004491,0.060078,0.358357,0.378073,0.482933,0.098977,WALKING
0.671418,0.194002,9.564548,0.017704,0.066920,0.077094,0.527742,0.327270,0.524770,0.070664,WALKING
0.607789,0.278650,9.479733,0.060224,-0.026792,0.007046,0.531033,0.541160,0.440202,0.113671,WALKING
0.028976,0.305601,9.558723,0.056627,0.079805,0.094315,0.466462,0.409330,0.423850,0.123646,WALKING
0.591133,0.243642,8.775278,0.014187,0.026330,0.068278,0.503613,0.356573,0.322525,0.146375,WALKING
0.424245,0.163579,9.069651,0.044075,0.089550,0.105241,0.516239,0.316402,0.426778,0.044060,WALKING
0.425803,0.028345,9.295715,0.006373,0.071984,0.083897,0.475195,0.409679,0.626167,0.103192,WALKING
0.491493,0.379151,9.066199,0.088905,0.059305,0.034962,0.288205,0.524203,0.469211,0.104059,WALKING
0.507005,0.177354,9.237700,0.075823,0.056058,0.085075,0.064465,0.492797,0.430809,0.120870,WALKING
0.191184,0.358868,9.653520,0.038324,0.007411,0.070006,0.350845,0.389956,0.412456,0.036528,WALKING
0.473565,0.501446,9.426368,0.019080,0.051234,0.078043,0.520063,0.434250,0.780855,0.119044,WALKING
0.382607,0.499448,9.430505,0.092015,0.083993,0.106218,0.389126,0.446231,0.391795,0.096720,WALKING
0.511488,0.300836,10.069404,0.036788,0.085518,0.045667,0.511962,0.543070,0.603907,0.109034,WALKING
0.649704,0.341220,9.344299,0.031279,-0.015575,0.116667,0.488928,0.449561,0.215550,0.078600,WALKING
0.375674,0.182057,9.016742,0.012752,0.067395,0.121463,0.361047,0.525187,0.774280,0.071715,WALKING
0.117637,-0.068936,9.469805,0.024180,0.041512,0.113559,0.397453,0.462570,0.692581,0.107034,WALKING
0.385845,0.171279,10.013844,0.023243,0.061466,0.093087,0.413120,0.539650,0.488977,0.060410,WALKING
0.409916,0.399556,9.788834,0.001068,0.095907,0.129650,0.395985,0.436467,0.481666,0.127204,WALKING
0.694887,0.398833,9.818203,0.068314,0.071152,0.060173,0.472622,0.387516,0.457804,0.101453,WALKING
0.340309,-0.068276,9.944485,0.058149,0.097793,-0.037404,0.688729,0.428842,0.348189,0.071940,WALKING
0.676776,0.498016,9.122176,-0.013824,0.042747,0.064243,0.364705,0.308892,0.547419,0.097297,WALKING
0.362368,0.661075,9.052095,0.046622,0.061938,0.090796,0.347427,0.462656,0.523903,0.049424,WALKING
0.650959,0.334901,9.417643,0.012576,0.040377,0.127672,0.505943,0.310210,0.348558,0.135432,WALKING
0.250582,0.391512,9.674967,0.033913,-0.009357,0.032075,0.318220,0.260880,0.695636,0.123726,WALKING
0.602624,0.311968,9.069300,0.059067,0.028507,0.113435,0.421528,0.395460,0.591036,0.106948,WALKING
0.633565,0.613286,9.422411,0.066936,0.030260,0.072038,0.381172,0.353253,0.381142,0.078170,WALKING
0.252880,0.022716,9.295407,0.077763,0.013473,0.059636,0.280408,0.583973,0.229535,0.156313,WALKING
0.493758,0.147487,9.373439,-0.007009,0.047665,0.092465,0.434022,0.422964,0.776833,0.092615,WALKING
0.312833,0.152081,9.668728,0.033045,0.070985,0.119773,0.335736,0.482700,0.627633,0.086894,WALKING
0.422507,0.297703,9.433959,0.021601,0.042469,0.017282,0.421859,0.430622,0.521164,0.144252,WALKING
0.737184,0.176780,9.480890,0.011082,0.048573,0.037903,0.460071,0.471842,0.468714,0.119366,WALKING
0.534770,0.414698,9.300719,0.075948,0.070735,0.092465,0.552862,0.216472,0.488635,0.152103,WALKING
0.472036,-0.480435,9.155391,0.025361,0.036656,0.106604,0.308571,0.407878,0.521080,0.136131,WALKING
0.206639,0.301813,9.553061,0.113073,0.093271,0.073427,0.344320,0.311652,0.605565,0.119166,WALKING
0.327576,-0.119226,9.304551,0.052156,0.038916,0.101580,0.227639,0.421755,0.638595,0.075427,WALKING
0.431840,0.177442,10.156018,0.026368,0.059534,0.085642,0.495755,0.400640,0.498049,0.108802,WALKING
0.487461,0.442722,9.912205,0.043733,0.041937,0.085489,0.355752,0.451618,0.563755,0.096473,WALKING
0.208233,0.475161,9.772758,0.015844,0.081715,0.072598,0.359033,0.358147,0.286843,0.121675,WALKING
0.834623,0.104785,9.248239,0.077951,0.090551,0.129738,0.383868,0.331482,0.518600,0.113508,WALKING
0.412415,0.583637,9.386889,0.084270,0.051937,0.062692,0.317617,0.534863,0.549048,0.089519,WALKING
0.501722,0.273336,9.412251,0.035020,0.087983,0.076516,0.591006,0.214616,0.618109,0.072295,WALKING
0.050520,0.398916,9.685091,0.019471,0.031602,0.098767,0.301472,0.343351,0.463689,0.063468,WALKING
0.603398,0.216262,9.509247,0.065541,0.034217,0.036848,0.455296,0.290207,0.441492,0.131253,WALKING
0.456022,0.210405,8.745617,0.061491,0.034797,0.109198,0.275756,0.377321,0.576181,0.081710,WALKING
0.191154,0.161116,9.247067,0.042029,0.042188,0.145200,0.450038,0.381205,0.378000,0.085064,WALKING
0.182172,0.445771,9.693906,0.020758,-0.034755,0.058320,0.384994,0.473688,0.697972,0.112975,WALKING
0.383382,0.127467,9.128722,0.056878,0.105233,0.062164,0.483435,0.399709,0.498353,0.138674,WALKING
0.452170,0.242949,9.052571,0.070646,0.048656,0.067748,0.520294,0.387961,0.315024,0.075097,WALKING
0.643000,0.108476,9.566590,0.051839,0.079158,0.045279,0.457980,0.159017,0.782464,0.093850,WALKING
0.624199,0.180230,9.487017,0.024195,0.058595,0.073721,0.429207,0.368710,0.513532,0.128482,WALKING
0.569068,0.524507,8.865340,0.084645,0.011311,0.043475,0.465660,0.269735,0.430753,0.071699,WALKING
0.297043,0.418987,9.778331,0.063415,0.081038,0.059148,0.499948,0.344464,0.565219,0.108520,WALKING
0.513884,0.188866,9.255648,0.042130,0.056302,0.043328,0.371754,0.317617,0.577943,0.082888,WALKING
0.459464,0.593867,9.806840,-0.002363,0.027285,0.101287,0.335816,0.249589,0.435992,0.078630,WALKING
0.562305,0.336246,9.272091,0.048780,0.082918,0.082575,0.393295,0.369456,0.226780,0.117508,WALKING
0.487648,0.558916,9.377497,0.099505,0.020688,0.083418,0.605894,0.423814,0.593965,0.151984,WALKING
0.520589,0.125666,10.017415,0.004696,0.057950,0.085129,0.514327,0.278992,0.328311,0.084123,WALKING
0.574264,0.738374,9.372076,0.033026,0.064338,0.081586,0.272415,0.550747,0.481179,0.075919,WALKING
0.167841,0.336822,9.169705,-0.006180,0.093450,0.086093,0.594667,0.479361,0.401460,0.045243,WALKING
0.171173,0.170501,9.919881,0.062924,0.028904,0.092969,0.353589,0.535167,0.366074,0.087741,WALKING
0.786039,0.122677,9.352209,0.011986,0.056708,0.084049,0.429834,0.428095,0.285024,0.126763,WALKING
0.410931,0.274321,9.339662,0.114550,0.004104,0.058199,0.470358,0.282817,0.582649,0.087285,WALKING
0.671130,0.285173,8.864331,0.078113,0.028705,0.056687,0.338671,0.366448,0.631828,0.093864,WALKING
0.789562,-0.389743,9.753268,0.035235,0.062011,0.069245,0.424390,0.495113,0.250579,0.110649,WALKING
0.192971,-0.253540,9.017824,0.039446,0.082390,0.072339,0.586273,0.396559,0.639331,0.135610,WALKING
0.727535,0.415191,9.656415,0.026593,0.093712,0.053573,0.506266,0.409948,0.183644,0.154037,WALKING
0.300199,0.032508,9.720593,-0.005670,0.082961,0.017290,0.404649,0.304469,0.256330,0.063101,WALKING
0.170592,0.510404,10.062986,0.035871,0.039915,0.080746,0.446682,0.391234,0.588973,0.070562,WALKING
0.792848,0.240967,8.898414,0.059228,0.088050,0.075092,0.436584,0.442320,0.285319,0.081161,WALKING
0.361457,0.339562,8.901897,0.088645,0.047354,0.106167,0.299332,0.381441,0.474065,0.094547,WALKING
0.560717,0.077648,9.780294,0.058376,0.068226,0.077802,0.370739,0.538241,0.599877,0.178011,WALKING
0.586694,0.077641,9.336183,0.026535,-0.014475,0.120423,0.474480,0.456925,0.365967,0.082440,WALKING
0.435344,0.721121,9.262086,0.083896,0.090284,0.031550,0.228863,0.229494,0.695827,0.100280,WALKING
0.693420,0.422806,9.469237,-0.005484,0.076502,0.057210,0.387879,0.512855,0.546431,0.090037,WALKING
0.466938,0.394063,9.497352,0.047049,0.002109,0.096641,0.496332,0.180184,0.462402,0.085940,WALKING
0.661465,0.479180,9.434031,0.066446,0.026963,0.066181,0.253849,0.345235,0.729424,0.149446,WALKING
0.538087,0.701533,9.321115,0.001940,0.011970,0.089683,0.344694,0.600862,0.465195,0.070575,WALKING
0.340612,0.257591,9.497231,0.043686,0.058231,0.101183,0.311545,0.399953,0.413828,0.124457,WALKING
0.596622,0.343530,9.214043,0.029023,0.043960,0.065278,0.432256,0.311165,0.735039,0.112697,WALKING
0.465753,0.207230,9.044286,0.071447,0.065820,0.071714,0.451616,0.374565,0.645450,0.122938,WALKING
0.746268,0.075665,9.289904,0.067412,0.073632,0.121167,0.437431,0.355343,0.501862,0.132169,WALKING
0.481363,-0.046109,9.699301,0.010082,0.017276,0.128650,0.660789,0.442501,0.580684,0.077021,WALKING
0.293809,0.196521,9.237518,0.054091,0.080644,0.047422,0.491089,0.482268,0.488502,0.102464,WALKING
0.495233,-0.029136,9.688235,0.077427,0.045240,0.034385,0.391537,0.364238,0.435261,0.082344,WALKING
0.356863,0.008125,10.065392,0.063364,0.041632,0.071610,0.313378,0.503251,0.311946,0.087985,WALKING
0.215594,0.295046,9.163559,0.103213,0.005594,0.096813,0.302012,0.355334,0.591276,0.103660,WALKING
0.349919,0.311217,8.980025,0.069399,0.136167,0.099374,0.206551,0.543538,0.515690,0.056754,WALKING
0.600150,0.382595,9.632016,0.017078,0.092387,0.084189,0.366958,0.484217,0.488444,0.143115,WALKING
0.099680,0.329464,9.167707,0.053053,0.058165,0.084498,0.312709,0.347910,0.587111,0.130396,WALKING
0.949995,0.172899,9.281837,0.078122,0.078942,0.116733,0.480385,0.443605,0.289692,0.120361,WALKING
0.427351,0.383718,8.931432,0.091330,0.056416,0.115426,0.639178,0.433277,0.646463,0.114534,WALKING
0.378443,0.143325,9.671336,0.112020,0.049535,0.060169,0.486404,0.587938,0.720607,0.070836,WALKING
0.322760,0.365930,9.559631,0.056660,-0.017046,0.143206,0.359700,0.345146,0.478094,0.079476,WALKING
0.505374,0.129617,9.944209,0.027447,0.048134,0.099907,0.214722,0.403875,0.350915,0.105387,WALKING
0.002042,0.249444,9.523744,0.080071,0.010097,0.022544,0.384104,0.633586,0.351488,0.036148,WALKING
0.686008,-0.174674,9.702392,0.014430,0.053150,0.117075,0.526826,0.421787,0.385433,0.125010,WALKING
0.418370,0.216482,9.582622,0.083488,0.067743,0.064944,0.349572,0.448113,0.749540,0.089238,WALKING
0.373931,-0.131520,9.844314,0.044852,0.054054,0.061655,0.247088,0.317092,0.550787,0.087478,WALKING
0.698173,-0.030882,9.151558,0.059792,0.032416,0.088967,0.261279,0.432859,0.199425,0.153378,WALKING
0.411580,0.250124,9.732944,0.094764,0.108223,0.027468,0.354990,0.437761,0.529694,0.081753,WALKING
0.425306,0.466551,9.484377,0.059307,0.081354,0.102995,0.630268,0.220845,0.284924,0.084473,WALKING
0.606625,0.042900,9.532802,-0.023751,0.063156,0.022377,0.461103,0.404948,0.472133,0.089207,WALKING
0.870117,0.396388,9.432483,0.044012,0.014619,0.095876,0.465343,0.358716,0.465352,0.158501,WALKING
-0.039792,0.267638,9.787703,0.054353,0.043852,0.104431,0.430208,0.473826,0.498991,0.080844,WALKING
0.826567,0.321729,9.183735,0.056112,0.032704,0.017985,0.390825,0.327448,0.411770,0.110410,WALKING
0.157554,0.453853,9.273742,0.035537,0.072660,0.074216,0.355076,0.361772,0.660189,0.084024,WALKING
0.476344,0.001286,9.291871,0.071103,-0.020630,0.066374,0.273300,0.211440,0.710029,0.107678,WALKING
0.473613,0.404262,8.618033,-0.052404,0.026973,0.053962,0.522943,0.356350,0.702783,0.130282,WALKING
0.440706,0.395282,9.567393,0.009655,-0.015066,0.070249,0.475207,0.443984,0.492196,0.058429,WALKING
0.803372,0.099755,8.958907,0.088257,0.040595,0.108508,0.463175,0.417830,0.703585,0.039397,WALKING
0.483781,0.339820,9.753071,0.075785,0.077119,0.065036,0.519125,0.230975,0.206302,0.097069,WALKING
0.696477,0.325511,9.842834,0.052758,0.037519,0.114999,0.244556,0.476661,0.439691,0.118088,WALKING
0.379861,0.201295,9.076505,0.000285,0.057552,0.101343,0.488938,0.350455,0.620605,0.119975,WALKING
0.639562,0.071892,9.600821,0.080890,0.098359,0.095742,0.438832,0.458722,0.467201,0.094940,WALKING
0.701495,0.416180,9.949331,0.079636,0.081076,0.138512,0.300606,0.525956,0.270476,0.047159,WALKING
0.391832,0.036365,9.938886,0.103176,0.057017,0.033876,0.345469,0.510606,0.487630,0.071799,WALKING
0.748397,0.620152,10.400233,0.071675,0.030432,0.144401,0.458492,0.374875,0.527892,0.064377,WALKING
0.606500,0.469408,9.794456,0.003254,0.053366,0.064612,0.520982,0.408144,0.575217,0.089496,WALKING
0.801885,0.313195,9.589689,-0.014450,0.023356,0.100873,0.343379,0.407405,0.320787,0.106048,WALKING
0.746558,0.421824,9.213587,0.003992,0.054127,0.083077,0.445742,0.384664,0.708243,0.111840,WALKING
0.248373,0.264378,9.290685,0.095066,-0.011823,0.090196,0.525238,0.421298,0.596189,0.088381,WALKING
0.683835,0.516211,9.538403,0.018910,0.042929,0.062248,0.432475,0.391476,0.448883,0.080997,WALKING
0.488129,0.120775,9.450003,0.047903,0.088006,0.099286,0.429393,0.477311,0.484845,0.080261,WALKING
0.482151,0.325265,9.786948,0.041606,0.044483,0.111165,0.334379,0.449844,0.470355,0.157742,WALKING
0.743700,0.488093,9.525310,0.089428,0.061837,0.068188,0.419717,0.298547,0.577829,0.105178,WALKING
0.823278,0.528055,9.465915,0.006561,0.058380,0.056363,0.314833,0.319008,0.522938,0.110633,WALKING
0.260104,-0.127703,9.717653,0.031712,0.068212,0.056257,0.632544,0.410145,0.548502,0.112277,WALKING
0.677255,0.042957,9.447520,0.044001,0.104345,0.052343,0.418004,0.379939,0.481787,0.094086,WALKING
0.101502,0.476632,9.186216,0.068268,0.063067,0.091898,0.302918,0.455583,0.347294,0.104005,WALKING
0.508518,0.172915,9.480396,0.035156,0.079030,0.091122,0.478031,0.241633,0.517834,0.126663,WALKING
0.649415,0.300776,9.630642,0.072666,0.113494,0.084173,0.262269,0.411588,0.881184,0.077620,WALKING
0.531696,0.240241,10.279851,0.058989,0.042509,0.071958,0.283819,0.455650,0.134932,0.098692,WALKING
0.550876,0.433518,9.756029,0.085491,0.114490,0.089748,0.572978,0.357408,0.592971,0.069064,WALKING
0.524401,0.088684,9.324255,0.019127,0.034502,0.026625,0.246896,0.403919,0.374620,0.114965,WALKING
0.745161,0.377064,9.564872,0.041985,0.063830,0.023338,0.423074,0.364756,0.534633,0.125561,WALKING
0.425680,0.344961,9.558143,0.051230,0.092722,0.072772,0.255973,0.250128,0.348801,0.112963,WALKING
0.556297,0.471675,9.028385,0.007584,0.067010,0.075138,0.363448,0.424630,0.663581,0.043600,WALKING
0.199988,0.082834,9.361663,0.035590,0.076193,0.086216,0.631459,0.292213,0.455516,0.123952,WALKING
0.813509,0.658561,9.152833,0.001929,0.080460,0.084710,0.441064,0.394388,0.638028,0.087037,WALKING
0.359029,0.041068,9.639453,0.115937,0.036044,0.103890,0.307821,0.383951,0.652068,0.020426,WALKING
0.600241,-0.101482,9.486297,0.031071,0.040459,0.057531,0.528647,0.537514,0.491538,0.062145,WALKING
0.170431,0.345561,9.382424,0.064723,0.020411,0.076917,0.426179,0.531246,0.673372,0.085133,WALKING
0.024358,0.187480,9.537610,-0.004221,0.044699,0.046887,0.370189,0.381812,0.457017,0.111328,WALKING
0.838662,-0.001065,9.424350,0.061311,0.071765,0.012251,0.470370,0.494420,0.576369,0.130695,WALKING
0.178192,0.096153,9.603212,0.035449,0.012089,0.033172,0.530458,0.245176,0.634374,0.100332,WALKING
0.738227,0.391366,9.463414,0.019705,0.082286,0.043188,0.342504,0.377520,0.412527,0.099549,WALKING
0.146268,0.306735,9.647044,0.109730,0.036119,0.055543,0.381605,0.363730,0.599936,0.058461,WALKING
0.648853,0.454729,9.403755,0.037765,0.078136,0.154827,0.234275,0.334727,0.794959,0.148876,WALKING
0.785659,0.169206,9.620895,0.039865,0.079867,0.078577,0.602631,0.406108,0.245237,0.142609,WALKING
0.560204,0.266875,10.105822,0.023579,0.056129,0.088546,0.492252,0.148707,0.316626,0.098609,WALKING
0.475976,0.544820,9.564335,0.020041,0.050661,0.066309,0.401633,0.425901,0.539313,0.107413,WALKING
0.700724,0.577577,10.107586,0.065050,0.027552,0.061618,0.487391,0.322858,0.625043,0.076235,WALKING
0.665849,0.199360,9.109464,-0.002335,0.016132,0.069748,0.531919,0.425473,0.545179,0.070165,WALKING
0.363682,0.349951,9.188620,0.051915,0.052003,0.105732,0.416880,0.452948,0.358017,0.035869,WALKING
0.198982,0.421102,9.617744,0.060830,0.083977,0.087040,0.383356,0.588995,0.751024,0.116608,WALKING
0.229356,0.122708,9.067833,0.071308,0.049359,0.083349,0.549597,0.334355,0.668387,0.047128,WALKING
0.325433,0.082079,9.690235,0.092519,0.088727,0.050988,0.261198,0.518495,0.244104,0.085836,WALKING
0.763410,0.210693,9.379447,0.068121,0.018406,0.056645,0.385415,0.243911,0.419771,0.116052,WALKING
0.506758,0.394221,9.141641,0.068511,0.061026,0.140651,0.440641,0.343707,0.474626,0.111611,WALKING
0.671912,0.084981,9.403600,0.021068,0.057749,0.129103,0.412920,0.500797,0.292483,0.087394,WALKING
0.751145,0.336983,9.863322,0.085166,0.014000,0.070805,0.435753,0.246349,0.429400,0.137492,WALKING
0.515455,0.197601,9.226068,0.098134,0.039387,0.094614,0.525934,0.176327,0.557865,0.115687,WALKING
0.807726,0.402704,9.246975,0.062883,0.055674,0.071115,0.272051,0.440665,0.525635,0.076159,WALKING
0.905641,0.352420,9.079202,0.081764,0.032455,0.051315,0.463131,0.546567,0.449512,0.139146,WALKING
-0.239845,0.423602,9.799355,-0.010210,0.038457,0.075744,0.439294,0.422372,0.661301,0.072111,WALKING
0.258632,0.131674,9.677242,0.033039,-0.008292,0.074004,0.356923,0.413961,0.244980,0.105090,WALKING
0.435027,0.386133,8.867550,0.050844,0.053376,0.085368,0.421948,0.362387,0.376177,0.102295,WALKING
0.639153,0.056682,9.667733,0.005438,0.064649,0.083977,0.240457,0.447163,0.435548,0.067461,WALKING
0.770579,-0.023222,10.078985,0.072348,0.008673,0.079280,0.413632,0.362096,0.527628,0.078903,WALKING
0.582081,0.297942,9.784518,0.039890,0.086547,0.022719,0.277511,0.486184,0.384095,0.121335,WALKING
0.592084,0.429129,8.950421,-0.005515,0.025477,0.096533,0.284338,0.416675,0.232063,0.087556,WALKING
0.440969,0.318731,9.599601,0.038474,0.008615,0.104567,0.281406,0.467021,0.516003,0.038157,WALKING
0.644966,0.221600,10.164769,0.058122,0.038108,0.122468,0.331310,0.315225,0.350326,0.056653,WALKING
0.324048,0.095691,9.256001,0.002662,0.044461,0.093580,0.501236,0.177871,0.321805,0.151591,WALKING
0.664511,0.525138,9.598228,-0.004414,0.134453,0.073805,0.311250,0.443192,0.073988,0.055038,WALKING
0.455087,0.256585,9.683889,0.047188,0.090745,0.085802,0.469113,0.374618,0.497777,0.060648,WALKING
0.447424,0.397079,9.776994,0.019919,0.000424,0.082192,0.282438,0.314469,0.328366,0.124978,WALKING
0.481537,0.246879,9.565673,0.071423,0.054721,0.066432,0.488666,0.410060,0.766945,0.066090,WALKING
0.481423,0.102296,9.444987,0.044630,0.063492,0.075714,0.411861,0.476260,0.244108,0.053015,WALKING
0.441405,0.556673,9.164218,0.056446,0.039275,0.093865,0.365154,0.296273,0.244537,0.073367,WALKING
0.657523,0.435759,9.634318,0.015724,0.065418,0.056948,0.324530,0.453241,0.585457,0.120793,WALKING
0.099222,-0.045327,9.020002,0.032135,0.047580,0.053953,0.411723,0.598945,0.633694,0.091890,WALKING
0.555678,0.398651,9.063627,0.039077,0.017034,0.106709,0.431243,0.438812,0.611701,0.067334,WALKING
0.800281,0.144193,9.596612,0.090782,0.055433,0.105814,0.320094,0.445188,0.263911,0.066813,WALKING
0.678183,0.107958,9.712513,-0.018652,0.033538,0.082952,0.656565,0.342265,0.461324,0.064098,WALKING
0.333245,0.489591,9.487287,0.091085,0.047516,0.053318,0.241936,0.491763,0.323210,0.130219,WALKING
0.665427,0.298303,9.479322,0.053706,0.035585,0.071790,0.316312,0.483553,0.601841,0.078824,WALKING
0.257887,0.166765,9.268964,0.060124,0.085718,0.126476,0.328736,0.372305,0.576411,0.104159,WALKING
0.468637,0.137517,9.901164,-0.043536,0.102290,0.086372,0.499438,0.408673,0.643046,0.152965,WALKING
0.552505,0.228322,9.400101,0.057177,0.067988,0.120413,0.344074,0.254136,0.455811,0.065479,WALKING
0.442529,0.361122,9.735662,0.003513,0.046336,0.090960,0.369024,0.266238,0.625475,0.096635,WALKING
0.360526,0.160727,9.133327,0.035017,0.052833,0.031371,0.370934,0.417230,0.492014,0.117621,WALKING
0.435290,0.734188,9.105227,0.066088,0.044171,0.072030,0.557052,0.498379,0.303349,0.055566,WALKING
0.402524,0.116384,9.463067,0.040944,0.054292,0.091536,0.406540,0.439748,0.776488,0.135165,WALKING
0.856457,0.511800,9.605044,0.076014,0.055817,0.087389,0.311981,0.339805,0.610736,0.050385,WALKING
0.466604,0.251339,9.513730,-0.004429,-0.000049,0.025799,0.576079,0.379445,0.737126,0.081830,WALKING
0.244751,0.055285,9.240795,0.085997,0.065602,0.071734,0.302093,0.486609,0.723542,0.074881,WALKING
0.310753,0.235918,9.925224,0.065824,0.049571,0.079896,0.455968,0.202673,0.486008,0.133117,WALKING
0.457282,0.203021,9.964417,0.080112,0.082215,0.076814,0.534243,0.395743,0.628289,0.113017,WALKING
0.711133,0.531168,9.551620,0.096947,0.059782,0.124367,0.367195,0.320635,0.548744,0.124377,WALKING
0.563784,0.373079,9.650975,0.043979,0.046028,0.108234,0.576867,0.340835,0.520589,0.129843,WALKING
0.528916,0.479195,9.588654,0.026869,0.019018,0.034734,0.354641,0.521384,0.521374,0.110193,WALKING
0.693639,0.375241,9.436357,0.058024,0.066869,0.107319,0.452423,0.368452,0.667392,0.075627,WALKING
0.552871,0.400810,8.961592,0.071518,0.040442,0.062782,0.603464,0.301320,0.525211,0.091791,WALKING
0.514208,0.291028,9.596062,0.097598,0.035902,0.078604,0.167292,0.377024,0.546337,0.069509,WALKING
0.173381,0.227357,9.436306,0.015005,-0.004777,0.106433,0.376852,0.420829,0.383677,0.148765,WALKING
0.481516,0.379921,9.350059,0.033836,0.029474,0.063999,0.399118,0.380968,0.008924,0.038380,WALKING
0.611578,0.408705,9.435001,0.025249,0.058815,0.078692,0.355959,0.357556,0.413892,0.105023,WALKING
0.647245,0.108339,9.565189,0.092893,0.050282,0.076824,0.468434,0.229214,0.685702,0.083489,WALKING
1.904519,1.004946,9.191899,0.241816,0.091323,0.237385,0.562830,0.933039,1.253469,0.231460,RUNNING
1.418599,0.892947,8.307333,0.060368,0.138511,0.248725,1.099712,0.922446,0.708545,0.346501,RUNNING
1.013881,1.408335,9.076335,0.167174,0.160526,0.154322,0.633076,1.132862,1.837754,0.416573,RUNNING
1.672208,0.687177,9.773542,0.102122,-0.001686,0.226589,0.991906,1.064143,0.860160,0.271514,RUNNING
0.784012,0.950954,7.644604,0.098885,0.178528,0.278319,1.128719,0.660376,1.335774,0.252161,RUNNING
1.425302,0.637535,8.754093,0.183546,0.184315,0.214859,0.768472,1.040021,1.345180,0.239323,RUNNING
1.336064,0.936279,8.824361,0.133348,0.102396,0.212407,1.245933,1.085400,1.610691,0.274760,RUNNING
0.979965,0.762006,9.077853,0.185225,0.106548,0.239548,0.592883,0.796503,1.446869,0.350466,RUNNING
1.461151,0.493715,8.716146,0.142365,0.155659,0.183298,1.169152,0.365330,1.510686,0.489569,RUNNING
1.615086,0.838961,8.436893,0.101632,0.165157,0.181877,0.431962,0.893769,1.177776,0.257246,RUNNING
1.465020,1.230996,8.238581,0.108455,0.268808,0.216794,1.144353,0.976171,1.249770,0.404608,RUNNING
1.082971,1.245364,9.209253,0.165563,0.119797,0.197041,0.741838,0.825619,1.352676,0.249140,RUNNING
1.664686,1.303695,8.435692,0.100219,0.193451,0.236221,1.060426,0.671233,0.999990,0.477817,RUNNING
1.298212,0.804732,8.449657,0.143304,0.219559,0.220033,1.363991,1.537156,1.194460,0.126936,RUNNING
0.905112,-0.194706,9.109220,0.089401,0.114829,0.237619,0.412913,1.172633,1.354539,0.342948,RUNNING
0.762152,0.772015,7.935925,0.140703,0.087936,0.159567,1.459365,0.823608,1.664321,0.231130,RUNNING
0.847490,0.432412,9.190151,0.137209,0.179172,0.130182,0.946457,0.853639,1.821118,0.217771,RUNNING
1.257124,0.535761,8.465295,0.067989,0.165134,0.168984,1.090261,0.516394,1.114811,0.398419,RUNNING
1.620167,0.690636,9.618824,0.168003,0.150783,0.258613,0.984382,1.438505,1.097152,0.107562,RUNNING
1.281833,0.342161,8.636962,0.124722,0.219825,0.102339,0.823917,0.686021,1.219097,0.622303,RUNNING
0.702021,0.544714,8.468931,0.193159,0.079233,0.191430,1.126869,1.077914,0.932571,0.204497,RUNNING
1.365054,1.006580,8.734380,0.213221,0.042921,0.258115,1.005255,1.269081,0.693946,0.291284,RUNNING
1.210589,0.991070,9.523690,0.152345,0.073069,0.181641,0.996615,1.341360,1.394582,0.380602,RUNNING
1.628920,0.784658,8.229875,0.199368,0.141424,0.157233,0.582951,0.424449,1.046542,0.185851,RUNNING
1.122916,0.977228,8.391389,0.144468,0.138561,0.316574,0.813044,0.924514,1.070458,0.445130,RUNNING
1.639689,0.712152,9.774568,0.250269,0.175891,0.217814,1.632849,1.147591,1.375250,0.083396,RUNNING
1.541846,0.278357,8.987971,0.126926,0.103022,0.203094,1.139560,0.872062,1.209354,0.309115,RUNNING
0.883203,0.652035,9.270074,0.075635,0.177078,0.278114,1.020701,0.605065,0.944950,0.275448,RUNNING
1.065208,0.096007,9.053196,0.173263,0.126684,0.196058,0.857515,1.256106,0.680777,0.381326,RUNNING
1.002008,0.648829,8.850716,0.186301,0.126428,0.287202,1.152968,1.322964,0.807982,0.318512,RUNNING
1.492968,1.370463,9.124786,0.198915,0.132629,0.270111,0.642251,0.875805,1.509773,0.420269,RUNNING
1.462180,0.913161,9.008371,0.155412,0.072559,0.252837,1.381962,1.299068,1.338705,0.195856,RUNNING
1.616189,0.678151,8.760329,0.255618,0.168809,0.200282,0.664119,0.913106,1.460041,0.466236,RUNNING
1.053296,0.271541,8.925530,0.131319,0.123705,0.184678,0.857577,0.940886,1.003514,0.124136,RUNNING
0.590855,0.339884,9.185335,0.172236,0.110888,0.287936,1.273042,0.685663,1.407510,0.309507,RUNNING
0.536394,1.106204,8.106054,0.141100,0.170624,0.201141,1.078987,1.271277,1.207453,0.290856,RUNNING
0.962217,0.060932,9.965737,0.071006,0.179995,0.161983,1.023787,0.968354,1.051862,0.371692,RUNNING
1.540901,0.336776,8.451957,0.205454,0.185406,0.238536,1.019426,1.057666,1.225515,0.229859,RUNNING
1.208200,0.547295,8.976650,0.185477,0.184778,0.122574,0.670865,0.921128,1.449201,0.414329,RUNNING
0.771285,0.343574,8.087011,0.159131,0.053357,0.253608,1.249543,0.892771,1.063596,0.231978,RUNNING
1.210936,1.101716,8.649757,0.162205,0.229512,0.291682,0.859527,0.826127,1.339772,0.198172,RUNNING
0.927213,1.231775,8.581694,0.236439,0.107095,0.191293,0.728587,1.104818,1.560793,0.309601,RUNNING
1.120990,0.381879,9.378675,0.091118,0.237728,0.199291,0.820957,0.549007,1.620245,0.327697,RUNNING
0.612978,1.065936,8.609302,0.150812,0.248146,0.148100,1.689704,0.321234,1.573778,0.409735,RUNNING
0.886505,0.936259,8.628252,0.116744,0.196407,0.143004,1.335391,0.765237,0.848418,0.361626,RUNNING
1.808564,0.947241,9.590161,0.093817,0.188574,0.190471,0.567901,1.092103,1.467409,0.343940,RUNNING
1.041804,0.935973,8.321261,0.160919,0.138102,0.224602,1.287727,0.443966,1.265040,0.394347,RUNNING
1.470873,1.107392,8.773682,0.177358,0.147427,0.229692,1.187012,1.185332,0.997016,0.257227,RUNNING
1.541110,1.933199,9.048751,0.147077,0.254440,0.200012,1.172025,0.616769,1.090887,0.225081,RUNNING
1.426140,1.588328,8.533151,0.121428,0.109444,0.106304,1.240161,0.384279,1.212030,0.358366,RUNNING
0.931819,1.339819,8.289441,0.204785,0.166089,0.134367,0.966159,0.756276,1.379606,0.422192,RUNNING
1.091098,0.784526,9.043344,0.190528,0.121070,0.146003,1.078050,1.060731,1.120246,0.280537,RUNNING
1.961606,0.484699,7.588811,0.206776,0.151484,0.191240,1.201247,1.017528,0.842797,0.150095,RUNNING
0.570512,0.828748,8.156485,0.190197,0.128807,0.236637,0.569282,1.274135,1.068023,0.345429,RUNNING
1.460880,0.451433,9.003062,0.113028,0.184890,0.184876,1.157793,0.747191,1.558916,0.297422,RUNNING
1.974228,1.206143,9.322685,0.202286,0.095830,0.251866,1.057315,0.896480,1.449209,0.453083,RUNNING
1.258534,0.775636,9.687886,0.122202,0.176882,0.224448,0.620697,0.326668,1.293380,0.333527,RUNNING
0.688325,0.928361,8.821887,0.208967,0.209585,0.239611,0.602508,1.188676,1.841584,0.259670,RUNNING
1.629203,1.227482,8.931914,0.139647,0.208690,0.264489,1.379929,1.028651,1.476134,0.226061,RUNNING
0.903847,1.312360,9.805822,0.256390,0.175688,0.263665,0.691848,0.601342,0.991318,0.171939,RUNNING
0.973903,1.028877,8.245077,0.191027,0.042060,0.089349,0.904107,0.794423,1.434731,0.301471,RUNNING
0.880638,0.888434,9.465752,0.270024,0.090143,0.262086,0.852229,0.706921,1.832978,0.545192,RUNNING
0.784513,1.055137,7.830417,0.181395,0.172222,0.094219,0.855102,0.555205,1.920768,0.401958,RUNNING
1.134195,0.911906,9.016815,0.119953,0.213830,0.266182,1.283093,0.271756,0.897426,0.425893,RUNNING
1.295814,0.989053,8.858492,0.113072,0.257443,0.207703,1.191148,0.836931,1.353200,0.207825,RUNNING
0.973104,1.165534,9.119372,0.100196,0.100988,0.151036,1.202566,1.197661,1.597573,0.137017,RUNNING
1.190523,1.485819,9.667510,0.088376,0.125094,0.082290,0.275779,0.727647,1.093330,0.377971,RUNNING
1.508591,0.799155,9.232882,0.116857,0.109276,0.240606,1.304183,0.987561,1.023601,0.337375,RUNNING
0.338602,0.522615,9.773225,0.218579,0.126680,0.209323,0.577140,0.832569,1.557546,0.167753,RUNNING
1.408174,0.848485,8.891126,0.102870,0.029502,0.151369,0.997699,0.961811,0.831908,0.506478,RUNNING
1.652286,0.570522,9.155142,0.147967,0.133798,0.221547,0.837788,0.920348,1.262213,0.254974,RUNNING
1.224623,0.839836,8.734963,0.061299,0.207155,0.257469,0.676792,0.426799,1.627304,0.304452,RUNNING
1.136554,1.288378,8.701940,0.151206,0.121099,0.154122,1.232413,0.752714,1.271074,0.286974,RUNNING
1.727841,0.803683,8.348314,0.129375,0.123349,0.202810,0.831358,1.271380,1.437263,0.266364,RUNNING
1.361340,0.181080,9.423822,0.151799,0.170149,0.198829,0.736672,1.285943,1.479046,0.326987,RUNNING
0.931816,0.656187,9.040535,0.239200,0.143053,0.271584,1.190987,0.871204,1.242351,0.277338,RUNNING
0.755706,1.041179,7.680643,0.155179,0.186466,0.247906,1.414345,1.324287,1.017550,0.544900,RUNNING
0.008272,1.384907,9.102837,0.182824,0.192751,0.179396,0.602169,1.140040,1.296819,0.333792,RUNNING
1.334698,1.195012,9.119209,0.167670,0.148218,0.229565,1.100226,0.519703,1.023539,0.145026,RUNNING
1.827728,0.181452,8.327604,0.170303,0.218782,0.184473,0.729947,0.423995,1.605406,0.263760,RUNNING
1.000420,0.770526,7.819021,0.114133,0.093428,0.117720,1.279152,0.596157,1.054765,0.234910,RUNNING
1.222247,1.134067,9.217076,0.133749,0.170059,0.222117,0.666015,0.372815,1.188503,0.376750,RUNNING
1.127142,0.165751,8.860987,0.181322,0.237613,0.187201,1.111518,1.015728,1.577973,0.325138,RUNNING
1.029793,0.744019,7.914582,0.214440,0.146364,0.292230,1.212312,0.737110,1.120023,0.417996,RUNNING
1.069478,0.677179,8.682551,0.089556,0.212404,0.168306,1.065985,0.818759,1.259624,0.125413,RUNNING
1.635070,1.213597,9.062480,0.269075,0.161218,0.252851,1.244802,0.838372,1.486814,0.389530,RUNNING
1.446808,0.537478,8.422610,0.124286,0.230275,0.179751,0.557088,0.858645,1.315529,0.314002,RUNNING
1.133100,0.882583,9.330498,0.120991,0.126500,0.102999,1.219301,0.556827,0.971092,0.425227,RUNNING
1.260630,0.792757,8.989664,0.100411,0.123170,0.204538,1.239782,0.636955,0.778446,0.363882,RUNNING
1.234971,0.663381,9.274932,0.184210,0.218323,0.204022,0.995032,0.945713,0.822307,0.547649,RUNNING
0.907160,0.065703,9.063996,0.119025,0.193246,0.196365,0.704920,0.914373,1.614189,0.374162,RUNNING
0.884305,0.789348,9.504467,0.021691,0.074982,0.210871,0.792466,0.784770,1.127253,0.230587,RUNNING
1.190844,0.464632,8.431041,0.226007,0.127184,0.220582,1.033108,0.678541,1.019014,0.260793,RUNNING
1.257332,0.538925,9.386471,0.127528,0.036409,0.159249,0.802958,1.297372,1.175526,0.305895,RUNNING
0.521335,0.674789,9.090117,0.095944,0.272579,0.165352,1.553354,0.581682,1.325862,0.252902,RUNNING
1.337451,1.099409,8.597549,0.199525,0.312666,0.241986,1.380867,0.381517,1.107005,0.217993,RUNNING
1.355315,1.360861,9.162812,0.239549,0.166480,0.135620,0.956793,0.546433,0.888936,0.231580,RUNNING
1.182899,0.861264,8.617025,0.164356,0.196282,0.227478,0.767754,1.315280,1.150145,0.352292,RUNNING
1.400508,1.749574,10.145409,0.107450,0.158089,0.160834,0.819221,0.840760,1.458414,0.319407,RUNNING
0.881894,0.840080,9.211308,0.080592,0.175605,0.258638,0.376738,0.955081,1.332303,0.350724,RUNNING
0.484912,0.805556,8.914945,0.116516,0.078213,0.170664,0.523968,0.956634,0.691616,0.270592,RUNNING
0.891812,0.899712,10.169348,0.127582,0.104716,0.188978,0.706670,0.975685,1.913796,0.398770,RUNNING
1.083083,1.033424,8.841161,0.129419,0.206514,0.184659,0.910933,0.746462,1.415900,0.329519,RUNNING
1.645489,0.475416,8.619724,0.108830,0.193449,0.223851,1.090466,0.878099,1.155798,0.291086,RUNNING
1.220169,0.669510,8.982540,0.068445,0.118165,0.238756,0.772372,0.791995,0.932559,0.241096,RUNNING
1.068853,1.503552,9.151487,0.138932,0.166712,0.183466,1.289299,1.086896,0.966597,0.275039,RUNNING
1.069535,0.876166,8.482904,0.135460,0.229733,0.200918,1.066901,1.103767,0.996012,0.174562,RUNNING
1.191499,0.574515,7.804533,0.247929,0.227280,0.152632,1.398582,0.449678,1.183128,0.244129,RUNNING
0.879773,0.293292,9.068987,0.222290,0.184828,0.159994,1.076859,0.867505,1.032768,0.255785,RUNNING
0.633764,1.111822,9.283244,0.097383,0.202679,0.117583,1.288215,0.829776,0.781273,0.180397,RUNNING
1.221352,0.829145,9.864720,0.211573,0.136282,0.199952,0.674414,0.595881,1.273030,0.390830,RUNNING
1.286499,0.967413,8.195242,0.197476,0.166206,0.223882,0.951422,0.702100,1.466995,0.297664,RUNNING
0.933455,0.330754,8.998960,0.221926,0.150045,0.195576,0.861435,0.826378,1.106686,0.237120,RUNNING
1.235883,0.218945,9.486040,0.101503,0.234306,0.221213,0.960872,0.872219,1.093572,0.337868,RUNNING
1.231870,0.001511,10.211954,0.155596,0.166605,0.237935,1.146782,1.065435,1.094891,0.400690,RUNNING
1.199438,0.775512,8.805559,0.160479,0.231815,0.185207,1.584341,0.706307,1.449521,0.291854,RUNNING
1.499777,0.572107,9.412299,0.158378,0.056759,0.122412,0.590565,0.763115,0.971164,0.335152,RUNNING
1.304531,0.964507,8.531464,0.167009,0.172261,0.239344,0.723792,0.752313,1.252160,0.457246,RUNNING
0.929088,1.430265,8.238194,0.201463,0.143629,0.255486,1.091233,1.093747,1.081785,0.092222,RUNNING
1.129383,0.755399,9.474712,0.118724,0.171827,0.248253,1.124536,0.612051,0.913804,0.196210,RUNNING
1.326877,0.344553,8.281423,0.112979,0.153228,0.134909,1.448934,0.992841,1.240745,0.308751,RUNNING
1.254113,0.554645,7.900607,0.128097,0.171177,0.262342,1.100399,1.017155,1.280370,0.282063,RUNNING
0.987290,0.738437,9.406455,0.207826,0.219497,0.282417,0.989527,0.562291,1.482496,0.316566,RUNNING
1.605615,0.929418,9.451696,0.076399,0.121507,0.301708,0.973615,1.136743,1.041227,0.332346,RUNNING
0.842827,0.841896,9.780999,0.084731,0.235946,0.146336,0.680638,0.740990,0.800350,0.246683,RUNNING
0.883204,0.660492,9.233567,0.069505,0.161917,0.164744,1.142222,1.195322,0.986006,0.428431,RUNNING
0.930212,0.948256,8.611727,0.169454,0.235695,0.237059,0.977575,0.635678,0.379029,0.217073,RUNNING
1.405131,0.980223,9.137081,0.181346,0.255541,0.207612,0.747142,0.181504,0.773068,0.404306,RUNNING
1.305446,1.071622,9.394417,0.173763,0.101620,0.185518,1.196004,1.078839,1.463286,0.210610,RUNNING
1.495066,0.832899,8.746518,0.121926,0.182352,0.119074,0.749953,0.756143,1.089287,0.278940,RUNNING
1.260132,0.232403,9.663404,0.118154,0.164735,0.166664,0.947673,0.709323,1.052320,0.235247,RUNNING
1.089526,1.303722,9.145331,0.151563,0.103694,0.238790,1.238462,1.292921,1.188183,0.313775,RUNNING
1.531075,0.448231,8.776953,0.111046,0.159076,0.251790,1.066060,1.048020,1.121949,0.326020,RUNNING
0.315038,0.572550,9.847031,0.179797,0.178223,0.152137,1.325569,0.498214,1.484450,0.313068,RUNNING
1.452036,1.381110,9.072382,0.154757,0.217650,0.193434,0.176881,0.959628,1.420148,0.329886,RUNNING
0.957867,0.815309,8.388585,0.194295,0.222258,0.133860,1.110234,1.026077,1.947047,0.250517,RUNNING
1.417393,0.282821,10.198215,0.159543,0.079733,0.207824,0.904241,0.738478,1.295975,0.208338,RUNNING
1.137148,0.784725,8.715265,0.145745,0.230856,0.157365,0.621128,1.562602,1.555220,0.162179,RUNNING
0.637107,1.003360,8.550393,0.120235,0.124186,0.218212,1.202178,1.123986,1.781533,0.422333,RUNNING
1.089156,0.234432,8.550166,0.149693,0.094721,0.127374,0.675249,1.418757,1.198418,0.256160,RUNNING
1.424564,0.369775,8.506942,0.176343,0.162555,0.091657,1.075586,0.446536,2.154907,0.296639,RUNNING
1.817648,1.033652,8.073058,0.132121,0.256139,0.227593,0.667917,0.809790,1.157606,0.272599,RUNNING
1.509784,0.771221,9.346692,0.114222,0.169436,0.183153,1.059036,0.815612,1.513342,0.138609,RUNNING
1.394958,0.881520,8.894971,0.181976,0.234138,0.182408,1.156217,1.107451,0.949128,0.094254,RUNNING
1.638162,0.506395,8.906000,0.060412,0.168030,0.233871,1.092856,0.689285,1.289056,0.275066,RUNNING
1.145966,1.136944,8.647242,0.140626,0.121870,0.186763,1.412487,1.084258,0.972077,0.339043,RUNNING
0.923847,0.565965,10.249361,0.120182,0.111318,0.175554,1.017479,0.939898,1.113914,0.354132,RUNNING
1.331098,1.288507,8.479273,0.168531,0.140153,0.233257,0.979522,1.548672,0.992200,0.303774,RUNNING
1.003605,1.529164,9.763418,0.205706,0.124339,0.242576,0.741255,0.403113,0.885458,0.249977,RUNNING
0.918204,0.896153,9.762024,0.147638,0.187827,0.119006,0.548229,0.685412,1.756721,0.290880,RUNNING
1.197201,1.210733,8.211681,0.143340,0.066379,0.140544,0.970674,1.296989,1.082256,0.237148,RUNNING
1.554967,0.473874,9.377944,0.110393,0.116790,0.286172,1.029624,0.700089,1.052354,0.304797,RUNNING
1.624436,0.254198,8.866667,0.167633,0.114025,0.204121,0.425069,0.774570,0.919567,0.267816,RUNNING
1.827486,0.948053,8.748161,0.072624,-0.017890,0.203919,1.013382,0.558868,1.463142,0.217317,RUNNING
0.532829,0.746170,8.077335,0.169440,0.158828,0.239141,1.520251,0.772964,0.983091,0.250411,RUNNING
1.405551,0.530374,9.196256,0.166300,0.154542,0.252202,0.901964,1.089023,1.295402,0.311009,RUNNING
0.874188,0.416609,8.115974,0.196591,0.148328,0.333557,0.377030,1.152533,1.130956,0.096456,RUNNING
0.578553,1.307438,8.494506,0.054325,0.189990,0.169300,0.646081,0.868543,1.480856,0.311993,RUNNING
1.590163,0.104857,10.985091,0.120210,0.150907,0.114809,1.219361,1.173012,1.234680,0.290834,RUNNING
0.969984,1.185986,8.241308,0.220451,0.169332,0.195069,1.072512,0.913684,1.308054,0.447322,RUNNING
1.058023,0.947456,9.695159,0.209661,0.101163,0.208780,0.625885,0.893814,1.559229,0.359063,RUNNING
2.023763,0.945194,8.902851,0.206663,0.230151,0.250978,1.095084,0.750003,1.151257,0.258943,RUNNING
1.215680,1.483753,8.626637,0.099313,0.160874,0.225872,0.703583,0.992325,0.996344,0.275116,RUNNING
1.051039,1.534084,8.384795,0.133609,0.213858,0.218041,1.097632,0.891088,1.146914,0.245156,RUNNING
1.685016,1.591297,9.771807,0.140445,0.201022,0.187047,0.738764,0.766423,0.821335,0.390825,RUNNING
0.138726,0.933984,9.848332,0.096014,0.129482,0.279043,1.014876,1.197903,1.384169,0.390679,RUNNING
1.691476,0.536612,9.323444,0.230134,0.140864,0.101555,1.403123,0.839910,1.080560,0.294586,RUNNING
1.321381,1.063474,8.786896,0.159293,0.162476,0.175012,0.939315,1.174021,0.899306,0.372861,RUNNING
1.172501,0.560782,9.284801,0.139377,0.065925,0.155152,0.907798,0.649854,1.236880,0.249085,RUNNING
0.906614,0.354205,9.379919,0.164590,0.151933,0.165980,1.629744,1.547843,1.244468,0.170860,RUNNING
0.884546,1.227605,9.785093,0.134315,0.204546,0.159748,0.719231,0.975332,1.142896,0.195105,RUNNING
1.009433,1.391806,9.826155,0.140802,0.150875,0.274217,1.026835,0.709055,1.087629,0.128213,RUNNING
0.769079,1.077406,9.356563,0.130279,0.212327,0.216654,0.866371,1.004161,1.418800,0.252880,RUNNING
0.892053,0.633522,8.381602,0.227217,0.173694,0.281895,1.202556,0.810565,0.929431,0.387950,RUNNING
1.648211,0.918429,9.506511,0.127567,0.156317,0.260002,0.974196,0.567295,1.497074,0.298607,RUNNING
1.336099,0.893166,8.195761,0.085326,0.196847,0.161886,1.056664,1.364543,0.972930,0.245304,RUNNING
0.924150,0.774121,8.611268,0.181973,0.113418,0.252549,1.514429,0.729995,1.636935,0.261444,RUNNING
1.337210,1.354946,10.487065,0.104084,0.140514,0.181155,0.287955,2.037408,1.245555,0.270862,RUNNING
1.019963,1.314027,7.764042,0.103133,0.225844,0.242185,0.794739,0.747277,0.722774,0.370357,RUNNING
1.077388,1.018961,9.654693,0.082463,0.109078,0.145310,1.016178,0.436939,0.565042,0.522576,RUNNING
1.453686,1.684629,8.362015,0.228978,0.169370,0.230216,1.391458,1.033085,1.311244,0.224443,RUNNING
1.243482,1.301013,9.381995,0.175680,0.123376,0.212587,0.759963,0.298469,0.991002,0.403609,RUNNING
1.344209,0.163976,9.194019,0.119691,0.098305,0.226028,1.317813,0.854878,1.297351,0.336485,RUNNING
1.281748,0.679415,7.965524,0.207395,0.200049,0.147850,0.955652,0.977530,0.977954,0.490816,RUNNING
1.052140,0.511740,8.563300,0.139742,0.139286,0.252481,0.797781,0.621938,1.400532,0.315824,RUNNING
0.749183,1.057835,9.262594,0.187393,0.142748,0.305192,1.252077,0.744080,1.196537,0.542949,RUNNING
0.742550,0.393396,9.151484,0.153681,0.171267,0.181481,1.370422,1.064216,1.247836,0.249833,RUNNING
0.459597,1.280735,8.723978,0.187422,-0.007950,0.251314,0.940715,0.591387,0.945631,0.304671,RUNNING
1.415222,1.024196,8.985373,0.167913,0.160153,0.179473,0.744897,1.076869,1.063744,0.304114,RUNNING
1.063919,0.371428,8.212123,0.186565,0.129639,0.157029,1.044360,0.841921,1.193949,0.180066,RUNNING
0.811473,1.039539,9.563068,0.224132,0.154165,0.189845,1.347101,1.280590,0.823984,0.292004,RUNNING
0.834079,0.379215,9.198349,0.099740,0.154785,0.202412,1.177341,0.633513,0.836830,0.434067,RUNNING
1.776270,1.016421,9.050169,0.131545,0.055443,0.157489,0.914916,0.947320,0.637799,0.176189,RUNNING
0.940674,1.061889,9.822347,0.112653,0.143134,0.239182,1.045756,0.473107,0.492327,0.237786,RUNNING
1.161090,1.559082,10.108091,0.156070,0.139021,0.226373,0.977311,1.203063,1.023233,0.305081,RUNNING
0.792320,1.699702,9.319197,0.189799,0.198389,0.281244,1.195923,0.697256,1.298480,0.184031,RUNNING
1.240345,0.492697,8.808081,0.215472,0.149396,0.177172,0.863365,1.245359,1.232864,0.292863,RUNNING
0.992444,1.374922,9.945356,0.176303,0.186363,0.205513,0.485126,1.050174,1.266929,0.330483,RUNNING
1.781270,0.386212,8.193765,0.149659,0.236998,0.200546,1.435413,0.795519,1.256828,0.234147,RUNNING
0.573845,1.038962,8.942223,0.169222,0.176291,0.213330,1.260012,0.915001,1.731783,0.528857,RUNNING
0.713585,0.521383,8.952957,0.164524,0.119058,0.160157,1.078758,0.414905,0.974807,0.282529,RUNNING
2.041748,1.222717,9.053900,0.219361,0.099412,0.175296,0.429342,0.879923,1.479694,0.213897,RUNNING
1.593533,1.214585,9.443112,0.133346,0.182891,0.208949,0.966137,1.149295,1.219448,0.358334,RUNNING
1.258484,0.367980,8.815675,0.065353,0.093912,0.158704,0.605157,1.113276,1.254990,0.390636,RUNNING
1.712189,0.816915,8.645718,0.210717,0.121849,0.273509,0.702748,1.112109,1.108871,0.071492,RUNNING
0.959091,0.709536,8.634729,0.156229,0.082647,0.230239,1.047065,0.864771,1.718619,0.207274,RUNNING
1.130597,0.894515,8.947369,0.122343,0.122492,0.189426,1.181697,0.876513,1.105317,0.193979,RUNNING
1.571286,0.637827,8.511234,0.082590,0.065403,0.254677,0.627418,0.867202,0.971639,0.049979,RUNNING
1.373916,0.760318,9.767268,0.089591,0.177877,0.224552,0.937139,0.865867,1.130447,0.374806,RUNNING
0.880404,0.530476,8.347138,0.234272,0.187198,0.225889,1.066220,1.333452,0.908583,0.395665,RUNNING
1.690160,1.397826,8.585103,0.100583,0.120056,0.271055,0.983680,0.466751,0.653962,0.341482,RUNNING
1.785125,1.848315,8.815888,0.162277,0.115205,0.189322,0.732292,0.821690,1.186277,0.330144,RUNNING
1.446085,1.254433,8.442578,0.155261,0.198861,0.256047,0.671300,1.495203,1.268102,0.184245,RUNNING
1.182673,0.598127,9.703028,0.134460,0.192973,0.252594,1.188362,0.713768,1.735659,0.271933,RUNNING
0.803736,1.692374,7.599359,0.098603,0.125355,0.204317,0.590768,1.500643,1.536818,0.319847,RUNNING
0.733745,0.851870,8.929190,0.134370,0.101827,0.208350,0.511482,0.836139,0.801492,0.286873,RUNNING
1.155408,0.664341,8.495663,0.071432,0.126901,0.224378,0.736008,0.901509,1.639534,0.318099,RUNNING
0.742333,0.769156,8.627300,0.120884,0.131422,0.237056,0.416472,0.810524,1.066723,0.240280,RUNNING
0.542467,1.241551,8.537665,0.065126,0.091583,0.222418,1.337521,1.281679,0.744339,0.203979,RUNNING
1.359141,0.896663,8.628125,0.166410,0.194788,0.205806,1.635243,1.006533,0.924349,0.339060,RUNNING
1.630533,1.001336,8.931740,0.064964,0.094682,0.181879,0.419081,0.606634,1.378587,0.250096,RUNNING
1.754524,0.741411,9.659628,0.126457,0.142439,0.174304,0.669482,0.397997,1.043499,0.485518,RUNNING
0.608532,0.924414,9.544590,0.118511,0.161637,0.219739,0.718742,1.177778,1.093417,0.517796,RUNNING
1.266038,0.284547,8.613624,0.168192,0.119298,0.204116,1.044676,0.852513,1.042180,0.301190,RUNNING
0.580188,0.886256,8.867430,0.093745,0.191485,0.238259,1.352939,0.639137,1.128373,0.423778,RUNNING
1.627956,-0.050163,9.592871,0.173288,0.109138,0.170315,0.847381,1.052739,1.368103,0.283130,RUNNING
2.169765,1.343036,9.296672,0.150740,0.186635,0.219722,0.699429,0.507371,1.693060,0.221652,RUNNING
1.281007,1.196643,8.492411,0.140340,0.151165,0.192881,1.358023,0.530991,1.358050,0.174709,RUNNING
1.921130,0.520192,9.706951,0.132557,0.148168,0.171145,1.036008,1.387157,1.210929,0.194509,RUNNING
0.513891,0.426752,8.452278,0.159781,0.153233,0.247060,0.733093,1.475829,1.256794,0.380492,RUNNING
1.218583,0.658605,9.326256,0.120486,0.193659,0.188157,0.986601,0.200818,1.420707,0.359143,RUNNING
1.844913,1.559507,9.098293,0.210040,0.120685,0.219810,1.283023,1.229936,1.485769,0.271052,RUNNING
1.001830,0.265315,8.830664,0.137753,0.088453,0.180532,1.353579,1.007003,1.017147,0.338708,RUNNING
1.090271,0.646836,8.007354,0.157069,0.089681,0.208825,0.747080,1.087482,1.493277,0.161962,RUNNING
1.176697,0.847802,8.667765,0.109342,0.161598,0.263696,0.441792,0.670549,0.850564,0.184516,RUNNING
1.316383,0.478787,7.904644,0.179365,0.143450,0.181427,1.314268,1.045359,1.475326,0.147165,RUNNING
0.947332,0.313040,9.247913,0.121105,0.130759,0.122718,0.622070,1.231237,1.126944,0.213561,RUNNING
0.502718,0.827228,8.056682,0.099650,0.185441,0.161972,0.376557,0.748652,1.017663,0.199678,RUNNING
1.115157,0.450699,8.680404,0.163738,0.082952,0.210144,1.274209,0.581011,0.954366,0.132288,RUNNING
1.073459,0.847339,9.366572,0.128910,0.112985,0.213522,1.274162,1.182150,0.772686,0.346322,RUNNING
1.710826,1.304710,8.385145,0.160936,0.247491,0.219746,0.277666,0.907306,1.334949,0.367831,RUNNING
1.150259,1.176300,9.527025,0.090101,0.163217,0.178296,1.147352,0.976971,1.970907,0.277118,RUNNING
1.156176,0.844799,9.656466,0.125787,0.196322,0.254932,0.808311,1.047375,1.762053,0.201560,RUNNING
1.432829,-0.031071,9.061662,0.193283,0.177439,0.215906,0.949895,0.907515,0.932147,0.400731,RUNNING
1.074628,0.780021,10.231549,0.087525,0.195174,0.137876,0.514030,1.176368,1.301004,0.228496,RUNNING
1.879398,1.359784,9.621002,0.159108,0.127784,0.196503,1.719615,0.938592,0.830796,0.286623,RUNNING
1.695408,0.651742,9.147673,0.005946,0.211265,0.244099,0.839544,0.984857,1.504813,0.406649,RUNNING
2.231739,1.320215,8.124565,0.168491,0.133110,0.194827,1.067814,0.881452,1.326807,0.318757,RUNNING
1.229647,0.442264,8.807674,0.248987,0.147954,0.251891,0.799039,0.820093,1.410565,0.407424,RUNNING
1.709353,0.743335,9.362252,0.215688,0.157286,0.140726,0.807614,1.197287,2.131549,0.446261,RUNNING
0.525935,1.117936,8.228360,0.294401,0.177593,0.212380,0.983918,0.256404,1.404767,0.249530,RUNNING
0.765142,1.054401,8.235070,0.124311,0.100747,0.155001,1.066712,-0.116030,0.916402,0.405971,RUNNING
1.961859,0.329135,9.226689,0.115084,0.129119,0.219838,1.049092,0.614207,1.133546,0.249104,RUNNING
0.230680,0.477650,9.726146,0.098312,0.165638,0.165152,1.466983,1.454884,1.700065,0.276086,RUNNING
1.772021,0.888451,9.589852,0.133166,0.198500,0.172975,1.503518,0.855809,0.995535,0.306716,RUNNING
0.524563,1.565540,8.582033,0.111664,0.258021,0.236141,1.400465,0.449369,1.263642,0.271155,RUNNING
1.638782,0.253931,8.952376,0.165173,0.161479,0.237493,0.275293,1.279431,1.594521,0.321976,RUNNING
1.010877,1.115205,9.277833,0.130095,0.142210,0.172960,1.099011,0.871483,1.663085,0.282638,RUNNING
1.752929,1.119621,8.626808,0.203720,0.132226,0.300000,0.980619,0.669129,1.430557,0.312272,RUNNING
0.648433,0.767840,9.420869,0.114614,0.064646,0.244853,1.072405,1.202259,1.330537,0.285669,RUNNING
1.444153,0.635857,8.665040,0.130506,0.093041,0.225540,0.592033,1.109972,1.232624,0.461103,RUNNING
0.943403,1.184949,8.657862,0.157546,0.258827,0.202964,1.060467,1.039562,1.186079,0.363691,RUNNING
1.014893,1.203253,8.821990,0.125780,0.192991,0.246164,0.504151,0.546802,0.901730,0.264669,RUNNING
1.571307,0.790142,8.557203,0.201029,0.189077,0.239547,0.676476,0.812661,1.469732,0.174242,RUNNING
1.420198,0.524799,9.181196,0.143352,0.157769,0.128339,0.636537,0.594552,0.922490,0.168798,RUNNING
1.343104,0.256549,9.213370,0.094035,0.182975,0.308441,0.658260,0.669721,0.973578,0.144836,RUNNING
0.937864,1.346438,9.265036,0.141495,0.119484,0.264244,1.464259,1.174168,1.138786,0.218061,RUNNING
1.174506,0.904270,9.086474,0.119523,0.136268,0.207464,0.843317,1.148849,1.342913,0.393824,RUNNING
1.813465,0.726211,9.178853,0.213001,0.136254,0.207759,1.121630,0.696431,1.653775,0.453845,RUNNING
1.272369,0.607754,8.656339,0.166860,0.136252,0.186671,1.018585,1.309558,1.275773,0.262491,RUNNING
1.066565,1.446099,8.758529,0.150395,0.225460,0.113871,0.844353,1.536728,1.464865,0.344636,RUNNING
0.224858,0.717645,9.078794,0.186608,0.060653,0.150530,1.000931,1.012566,1.260641,0.349295,RUNNING
0.880680,0.761801,9.933323,0.202635,0.227990,0.185817,0.873507,1.119624,0.742352,0.382754,RUNNING
1.262055,0.335136,9.651339,0.096210,0.152059,0.194508,0.810264,0.845057,1.077979,0.197854,RUNNING
0.991655,0.728399,8.879107,0.212433,0.105803,0.245472,0.656187,1.361356,1.640145,0.101517,RUNNING
1.073254,0.492007,8.973862,0.145557,0.130532,0.248370,1.146796,1.306388,1.238595,0.281863,RUNNING
1.167107,1.292545,9.118082,0.163876,0.158590,0.171310,1.475778,1.188282,1.205424,0.414530,RUNNING
1.262144,0.948154,9.276345,0.143020,0.118744,0.245975,0.880721,0.555783,1.245894,0.151426,RUNNING
1.789038,1.491975,9.250490,0.037189,0.184997,0.141560,1.265100,0.694850,1.129602,0.298806,RUNNING
1.659290,0.442973,8.576729,0.156436,0.110283,0.219411,0.870076,0.866198,0.883766,0.370648,RUNNING
1.464522,1.285580,8.524724,0.169713,0.177653,0.189336,0.825699,0.870586,1.227772,0.382356,RUNNING
1.053424,1.275378,9.526739,0.072296,0.116407,0.312946,1.326630,1.141769,0.792090,0.202123,RUNNING
1.117437,0.607423,9.134036,0.176717,0.194112,0.238285,1.209221,1.370436,1.445009,0.306432,RUNNING
0.713957,0.508645,9.092634,0.190199,0.091484,0.166486,1.152675,0.725020,1.217176,0.449746,RUNNING
1.269033,0.926879,8.111833,0.077567,0.185689,0.192132,1.469768,0.527936,1.218322,0.263266,RUNNING
1.225325,1.004933,7.916140,0.126194,0.123732,0.136370,0.273204,1.274445,1.117046,0.353563,RUNNING
1.464336,1.206209,8.942044,0.057497,0.136269,0.229794,0.666178,0.369501,1.498688,0.285719,RUNNING
1.126772,0.890768,8.938216,0.127476,0.082438,0.147460,0.681387,0.831232,0.836777,0.233753,RUNNING
1.782836,0.024472,8.006598,0.199904,0.030871,0.275148,0.747599,0.795453,0.998899,0.388095,RUNNING
1.384303,0.654046,10.317624,0.126672,0.069110,0.211094,1.492536,1.024187,1.257795,0.340848,RUNNING
1.344806,0.842152,9.603919,0.112152,0.175746,0.222512,1.075305,0.563559,0.618224,0.284225,RUNNING
1.361620,0.225289,7.638203,0.084575,0.202964,0.194502,0.754049,0.610289,1.337481,0.294008,RUNNING
1.266465,0.822767,8.689603,0.125442,0.091871,0.149024,0.541794,0.958667,1.383839,0.129191,RUNNING
1.645081,0.472786,9.135272,0.142541,0.123924,0.225362,1.423485,0.966413,1.140478,0.275909,RUNNING
0.930549,0.718698,8.847130,0.147422,0.130597,0.158978,0.921641,0.849153,1.262832,0.301682,RUNNING
0.626538,0.766714,8.190272,0.144703,0.134726,0.228725,1.014683,1.061893,1.184504,0.253354,RUNNING
0.767113,0.842617,9.836039,0.119726,0.137596,0.203708,1.014450,1.285607,1.223006,0.374930,RUNNING
0.877278,1.300590,10.078996,0.091174,0.171696,0.256017,0.463816,0.964580,0.780131,0.487682,RUNNING
1.402359,0.349214,8.902639,0.112318,0.206339,0.216675,0.993607,1.142530,1.107785,0.419234,RUNNING
1.777023,0.595811,9.694489,0.213849,0.166004,0.210382,0.367351,0.698811,1.349117,0.314979,RUNNING
0.688613,0.409917,9.243855,0.138336,0.133909,0.191247,1.132534,0.844043,1.148379,0.430506,RUNNING
0.944351,0.720874,8.205351,0.220748,0.177214,0.261889,1.390570,0.934676,1.158966,0.264543,RUNNING
1.146219,1.161804,8.442330,0.238216,0.139072,0.176842,1.199332,1.143821,1.435268,0.261984,RUNNING
1.311646,0.950443,9.577402,0.052463,0.231690,0.110713,1.202098,0.808262,1.275582,0.348533,RUNNING
1.054040,0.867502,8.615736,0.133709,0.139113,0.178419,1.231055,1.205895,0.993583,0.087493,RUNNING
1.007007,1.424335,9.947836,0.094139,0.128773,0.109375,1.472250,0.515083,1.394524,0.334718,RUNNING
1.357731,0.955426,8.184591,0.272130,0.206467,0.215977,1.024680,0.693679,1.381338,0.399930,RUNNING
1.186021,1.279510,9.192554,0.210047,0.185070,0.204960,0.726433,0.765922,1.569140,0.239103,RUNNING
1.218981,0.191565,9.007869,0.091681,0.141446,0.265415,0.913087,1.428755,1.159918,0.255088,RUNNING
1.326794,1.221950,9.027482,0.064319,0.106844,0.183469,1.574364,0.787369,1.678573,0.232742,RUNNING
1.248714,1.756619,9.239162,0.197724,0.151529,0.167095,1.112000,0.874557,0.957653,0.425895,RUNNING
1.397415,0.718452,9.225866,0.166198,0.131600,0.304542,0.783177,1.345858,0.959488,0.311187,RUNNING
1.685781,0.719749,8.758175,0.217843,0.247315,0.120258,1.395097,0.889068,0.926909,0.260824,RUNNING
0.968200,0.875107,10.122244,0.070408,0.196759,0.169628,0.481349,1.341066,1.106738,0.386567,RUNNING
1.116897,0.397908,8.671484,0.130268,0.249043,0.264675,0.901964,1.258332,1.049399,0.352368,RUNNING
0.696394,0.883575,9.278206,0.086057,0.209520,0.272638,1.262600,0.552997,0.956991,0.341809,RUNNING
1.618377,0.879595,8.615812,0.169425,0.110183,0.229462,1.396472,0.943968,0.808113,0.171386,RUNNING
0.941262,1.266162,8.416301,0.140174,0.095590,0.151537,0.915370,0.790273,1.233047,0.406748,RUNNING
1.053694,1.208826,8.843906,0.202908,0.160589,0.174709,1.027023,1.338763,1.430033,0.355841,RUNNING
1.420953,0.133816,9.280210,0.132228,0.182850,0.298327,1.712242,0.923952,1.522683,0.373299,RUNNING
1.321442,0.340691,9.143722,0.170690,0.111145,0.114425,1.203582,1.140904,0.848327,0.347203,RUNNING
1.841210,0.675743,9.252604,0.148475,0.223609,0.223055,1.315304,1.526181,1.326516,0.185831,RUNNING
1.234496,0.440364,8.474162,0.071352,0.116654,0.238065,0.802123,0.494424,0.804978,0.307945,RUNNING
2.033447,1.038018,8.467744,0.182246,0.161298,0.193417,1.458092,1.038491,1.500852,0.465776,RUNNING
1.193170,1.342639,10.109388,0.050857,0.164553,0.156692,0.770330,1.005092,1.150391,0.199802,RUNNING
0.946426,1.344538,9.671984,0.177271,0.205086,0.122781,0.960388,0.682805,1.369229,0.371633,RUNNING
1.324978,-0.234518,9.172773,0.169454,0.161449,0.199361,0.894856,1.132301,0.970802,0.253441,RUNNING
1.092139,0.358968,8.501423,0.258570,0.134745,0.218869,1.186714,0.888444,0.971079,0.391003,RUNNING
1.244935,0.012356,9.791111,0.187236,0.116940,0.212904,0.954763,0.883193,1.468413,0.347745,RUNNING
1.353161,0.955231,8.356633,0.129994,0.191892,0.195212,0.823067,0.463188,0.494570,0.439693,RUNNING
1.055552,1.395053,9.308619,0.285476,0.096989,0.202647,0.988768,1.506775,1.628674,0.371732,RUNNING
1.523788,1.548531,8.721420,0.154757,0.187203,0.217216,1.088845,0.577802,1.712001,0.367521,RUNNING
0.164595,0.857968,8.737562,0.186352,0.186135,0.156503,0.738504,0.590728,1.911601,0.496053,RUNNING
1.370416,0.694835,8.240033,0.104196,0.045543,0.173274,0.887430,0.934022,1.754973,0.420799,RUNNING
1.339488,0.723537,9.508401,0.203640,0.184822,0.057989,0.866256,0.680045,1.151167,0.168895,RUNNING
2.297776,0.580022,9.255623,0.072809,0.274602,0.151924,1.077042,0.366052,0.847173,0.381241,RUNNING
1.024784,0.663611,10.046000,0.149597,0.181298,0.166466,0.772019,0.888003,1.065492,0.393460,RUNNING
1.013745,1.054857,8.660077,0.121163,0.284607,0.193183,1.001934,0.875177,1.421620,0.213951,RUNNING
1.112046,0.449684,8.982594,0.152694,0.108181,0.215006,0.768241,0.559143,1.357150,0.169490,RUNNING
0.753195,0.273806,9.046555,0.139941,0.229446,0.189181,0.764436,0.197385,1.205842,0.368211,RUNNING
1.243167,0.738023,9.136576,0.149347,0.104618,0.153298,0.766673,0.519515,1.148700,0.125114,RUNNING
1.923463,0.616123,9.383701,0.122692,0.156854,0.182930,0.945011,0.379376,0.930630,0.284383,RUNNING
1.326807,1.509443,9.246288,0.224054,0.133259,0.190232,1.549203,0.852033,1.178415,0.304212,RUNNING
1.934685,0.945255,8.203766,0.123592,0.163096,0.219631,0.777182,0.721385,1.035774,0.369138,RUNNING
0.931988,0.942784,9.032083,0.075712,0.133133,0.153010,0.857627,0.475438,0.740531,0.449719,RUNNING
1.128080,1.267688,9.723210,0.079095,0.108476,0.235236,0.494628,0.406701,1.028459,0.266526,RUNNING
1.145651,0.915564,8.278474,0.131869,0.129367,0.178127,0.943840,1.164880,1.250975,0.269573,RUNNING
1.024018,1.033835,9.617703,0.074589,0.139734,0.191887,0.743240,1.029467,1.315737,0.169843,RUNNING
1.143071,0.604318,8.949368,0.083838,0.157740,0.278344,1.434415,1.035277,1.006395,0.176351,RUNNING
1.333722,0.764229,10.177594,0.133678,0.219415,0.236868,0.703419,0.351527,0.954934,0.341631,RUNNING
0.911239,0.817982,10.824875,0.122041,0.177163,0.092836,1.063457,0.132253,1.769563,0.425871,RUNNING
0.756174,0.778077,9.441435,0.150951,0.206396,0.281113,0.908971,1.012674,1.265917,0.380547,RUNNING
1.017269,1.403365,10.049011,0.179889,0.156406,0.162031,0.826548,1.075274,1.281839,0.479969,RUNNING
1.747639,1.336083,8.792345,0.097120,0.209910,0.162265,1.084360,0.847713,0.643511,0.162268,RUNNING
0.957301,1.017481,8.268039,0.175803,0.178735,0.208709,0.778508,0.625756,0.859765,0.394802,RUNNING
0.761885,1.009974,9.713393,0.136406,0.175518,0.161661,0.848710,1.130355,0.763648,0.223648,RUNNING
1.009386,1.068667,8.666512,0.050614,0.151739,0.154715,1.613736,1.136182,1.003755,0.305338,RUNNING
1.312181,0.029608,9.113786,0.186922,0.220991,0.146440,1.072845,1.268196,0.957990,0.408854,RUNNING
1.676933,0.369541,9.447383,0.203889,0.160745,0.210283,0.903925,1.152223,1.125683,0.466767,RUNNING
1.015703,1.247714,8.757492,0.106674,0.167594,0.211349,1.002288,0.949788,1.670916,0.190702,RUNNING
1.491119,0.958306,7.858714,0.243146,0.108226,0.251778,0.869961,0.863966,0.864565,0.242150,RUNNING
1.642844,1.323075,10.208619,0.184120,0.050594,0.311242,0.927824,0.971836,1.140124,0.267635,RUNNING
2.148459,0.640692,8.774156,0.057416,0.088744,0.246560,0.596833,0.740393,1.080295,0.334832,RUNNING
1.075818,1.794647,9.059239,0.245756,0.098720,0.247205,1.294479,1.019132,1.002889,0.292811,RUNNING
1.816170,0.441989,9.395358,0.174594,0.134956,0.168524,0.898899,0.640850,1.030892,0.392428,RUNNING
1.084378,0.560439,7.950377,0.231337,0.262903,0.161380,0.993706,0.884892,0.700025,0.210093,RUNNING
1.212951,1.473332,8.585476,0.165327,0.202489,0.295605,0.368359,0.852207,1.210492,0.278056,RUNNING
0.976284,0.657660,7.989329,0.188795,0.152512,0.158545,0.751485,0.411436,1.314655,0.300415,RUNNING
0.405865,0.394815,8.973242,0.088696,0.160013,0.118264,0.972070,0.639928,1.466986,0.222829,RUNNING
1.708228,0.857158,8.470931,0.151053,0.177685,0.226163,0.781345,0.704388,1.330784,0.299579,RUNNING
1.428979,1.214712,9.306854,0.046830,0.176932,0.287195,1.194084,0.800729,1.065519,0.242376,RUNNING
1.197180,1.081022,8.927825,0.134498,0.133851,0.117328,1.489614,0.708736,1.085866,0.496276,RUNNING
1.396209,1.074005,8.789881,0.071070,0.141188,0.161976,1.131510,1.081338,0.947463,0.361610,RUNNING
0.899944,0.578427,9.202485,0.160209,0.169484,0.225103,0.379223,0.529272,1.305153,0.200514,RUNNING
1.137229,1.019275,9.020943,0.161857,0.192176,0.126824,1.281819,1.010863,1.261845,0.377485,RUNNING
1.497480,0.982233,8.543504,0.124862,0.187653,0.221597,1.024840,0.978397,0.981196,0.179532,RUNNING
1.134785,0.323525,9.184217,0.222165,0.196413,0.193618,1.238630,1.143801,1.359911,0.223324,RUNNING
1.898338,1.123179,9.824052,0.135727,0.134254,0.263132,0.968042,0.503685,1.500762,0.301053,RUNNING
1.799726,0.584362,9.077669,0.135734,0.164922,0.233856,0.643964,0.851707,1.152577,0.207695,RUNNING
1.098268,0.861451,8.484662,0.102104,0.080015,0.201537,1.434228,0.826348,0.879926,0.415897,RUNNING
0.698479,1.205785,8.936322,0.203347,0.130049,0.192840,0.963024,0.869389,1.122649,0.273923,RUNNING
1.623760,1.030326,9.100456,0.179826,0.134920,0.190093,0.490975,1.103339,1.196740,0.372414,RUNNING
1.831117,0.546862,8.582118,0.107582,0.095555,0.258418,0.628155,0.822874,1.482824,0.150639,RUNNING
0.818028,1.082704,8.509225,0.172023,0.215946,0.202547,0.284096,1.119213,1.141212,0.441834,RUNNING
0.727509,0.843476,8.989657,0.073722,0.075504,0.116164,0.921833,1.260281,1.236930,0.332941,RUNNING
1.450870,0.801940,9.130592,0.071540,0.069266,0.206071,0.816727,0.467778,1.237779,0.495333,RUNNING
0.570966,1.800116,7.570638,0.095944,0.136181,0.245566,0.588690,0.922538,1.317232,0.060367,RUNNING
1.068123,0.545251,7.849845,0.128822,0.207310,0.147373,0.187562,0.989273,1.279446,0.317465,RUNNING
1.034650,0.926444,8.886887,0.189415,0.265853,0.214664,1.062357,0.845024,1.422128,0.123568,RUNNING
1.786735,1.177557,9.191521,0.042149,0.159416,0.261083,0.744283,0.371617,1.089657,0.306894,RUNNING
1.037881,1.365370,9.755109,0.073973,0.059321,0.200255,1.087783,0.866581,1.059600,0.284315,RUNNING
0.966660,0.997276,9.058684,0.246362,0.222960,0.171615,1.222431,1.306618,0.907904,0.390961,RUNNING
1.607067,1.399800,9.514297,0.154298,0.128215,0.301084,0.787620,0.992506,1.081043,-0.011538,RUNNING
1.231550,0.048857,9.497665,0.096655,0.186280,0.265611,0.726036,0.140233,0.905957,0.310059,RUNNING
1.225436,0.568758,8.934663,0.061322,0.252315,0.186907,1.321228,1.179282,1.061475,0.284133,RUNNING
1.391041,0.074908,9.325106,0.168049,0.135109,0.167655,1.164640,1.136155,1.228614,0.459769,RUNNING
1.203120,1.514220,8.494695,0.219735,0.119211,0.178180,0.851450,0.976066,1.387150,0.265210,RUNNING
1.171225,1.048633,9.770643,0.242951,0.087606,0.221432,0.911211,0.855720,1.503100,0.475130,RUNNING
1.164706,0.496369,9.321772,0.141829,0.134897,0.165324,0.453776,1.350141,0.908373,0.384021,RUNNING
1.393368,1.527973,9.184849,0.188141,0.184909,0.245991,0.646621,0.424964,1.408668,0.166130,RUNNING
0.971932,0.583650,8.673134,0.222727,0.075047,0.273456,1.110350,1.373945,1.173998,0.248860,RUNNING
0.957285,0.979299,9.157138,0.039919,0.146649,0.148214,0.481119,0.757848,1.356557,0.247869,RUNNING
0.392685,0.707847,7.804290,0.169859,0.234491,0.156665,1.330394,0.876966,0.995837,0.486979,RUNNING
0.969564,0.497851,9.340803,0.112781,0.245435,0.193326,0.884246,0.886574,0.857319,0.224612,RUNNING
1.324475,1.045664,8.748955,0.164635,0.030594,0.220268,1.043052,0.698580,1.473133,0.224876,RUNNING
1.229444,1.500534,10.124525,0.116000,0.199406,0.215265,1.469386,1.273954,1.089334,0.228955,RUNNING
1.844930,0.233621,9.589287,0.213401,0.141056,0.215988,1.353646,1.043474,0.892198,0.351936,RUNNING
1.171205,1.884575,9.772367,0.251975,0.108067,0.249206,0.847991,1.349794,0.975868,0.222422,RUNNING
0.793879,0.637920,8.146034,0.136933,0.103993,0.193412,1.135652,0.936352,1.516104,0.194511,RUNNING
1.194222,1.033471,8.525945,0.204748,0.051446,0.204128,1.090424,0.696016,1.108186,0.373485,RUNNING
1.410696,0.629295,9.233031,0.218943,0.231628,0.158019,0.792629,0.525785,1.444001,0.127609,RUNNING
1.071580,1.020142,9.163224,0.089509,0.155925,0.136401,0.582523,1.484683,1.257960,0.173130,RUNNING
1.496724,0.392856,9.299099,0.187914,0.142662,0.196412,0.462043,0.525583,1.073413,0.252405,RUNNING
0.947403,0.716767,9.385926,0.145668,0.217310,0.254974,0.403071,0.721251,1.259341,0.209256,RUNNING
1.080013,0.330334,8.915673,0.156566,0.100185,0.324116,1.782876,0.983579,0.743137,0.174340,RUNNING
0.959700,1.631987,8.263477,0.167715,0.203589,0.143792,0.636627,1.474535,1.564919,0.385366,RUNNING
1.259049,1.074757,8.345556,0.185824,0.217188,0.199435,1.411366,1.144006,1.038127,0.195439,RUNNING
1.085038,1.259478,8.778298,0.238173,0.147734,0.174362,1.084305,0.652502,1.408669,0.374564,RUNNING
1.430783,0.801167,7.967381,0.211899,0.073286,0.235380,1.135828,0.618086,1.514990,0.326594,RUNNING
1.104085,1.769403,8.576631,0.211967,0.108307,0.247943,1.170435,0.585582,0.757514,0.313104,RUNNING
1.242569,0.083178,7.958854,0.137161,0.140126,0.204252,1.038530,0.311602,1.379040,0.189338,RUNNING
0.529799,0.395544,8.607659,0.137455,0.162455,0.144601,1.352164,0.650384,0.877619,0.260274,RUNNING
1.153214,0.175373,9.038510,0.108170,0.184917,0.175388,0.752373,0.717359,0.998555,0.222686,RUNNING
0.956717,0.882118,8.765212,0.248119,0.089413,0.213523,0.896142,1.192085,1.021925,0.362977,RUNNING
1.477347,0.931997,9.078877,0.079780,0.163820,0.324402,0.420410,1.026982,1.450619,0.030800,RUNNING
0.569954,1.219674,9.426930,0.166024,0.161664,0.189998,1.382352,1.086288,1.694254,0.441175,RUNNING
1.059119,0.549789,9.686609,0.189799,0.172418,0.100506,1.464987,1.050297,0.698039,0.348569,RUNNING
1.502646,0.839064,8.135396,0.185069,0.159456,0.177533,1.032824,0.765479,1.337612,0.228463,RUNNING
1.322182,0.811912,8.336236,0.181530,0.228203,0.164182,0.328106,0.947170,1.465619,0.113594,RUNNING
1.814736,0.117128,8.297207,0.201894,0.179162,0.274773,1.144514,0.727603,1.180865,0.301401,RUNNING
1.262095,0.638027,8.960206,0.012250,0.245280,0.157262,1.781550,0.760072,1.192714,0.190666,RUNNING
1.405305,1.283736,9.048702,0.165150,0.125136,0.181803,1.185900,0.757619,1.584008,0.344823,RUNNING
0.509574,1.093353,8.507401,0.088247,0.035342,0.197437,0.911463,0.749304,1.117063,0.239253,RUNNING
1.123384,0.740568,9.186402,0.300552,0.216564,0.265977,0.961219,0.679000,0.826179,0.279956,RUNNING
1.505756,0.929311,8.062369,0.161956,0.230972,0.190146,0.927314,0.741302,1.047205,0.419638,RUNNING
0.975500,0.678379,9.200581,0.069096,0.214688,0.142126,1.343074,0.683183,1.403781,0.293637,RUNNING
1.458704,0.191460,8.162862,0.008877,0.140113,0.211359,0.512095,0.490633,1.614596,0.226885,RUNNING
0.965240,1.081552,9.049301,0.145286,0.122110,0.180205,0.496344,0.841456,0.689487,0.177004,RUNNING
0.655313,0.222670,8.390872,0.153182,0.110879,0.205214,0.781467,0.970107,1.820950,0.212792,RUNNING
1.272915,-0.256355,8.750784,0.100476,0.032759,0.175461,0.722089,0.671925,0.827891,0.384124,RUNNING
1.440490,0.478329,9.155482,0.141511,0.133901,0.295181,0.733882,0.747245,1.211988,0.237465,RUNNING
1.352707,1.027352,8.426736,0.146089,0.212530,0.177990,0.854408,0.694003,1.507399,0.326665,RUNNING
0.818539,1.684404,9.334919,0.165406,0.065523,0.181473,0.919773,0.900834,1.190426,0.363545,RUNNING
1.095979,0.618684,8.212881,0.046365,0.059617,0.219226,1.068080,0.586262,1.071239,0.280660,RUNNING
0.786652,0.685088,8.439237,0.110472,0.210927,0.121162,0.740719,1.164024,1.119146,0.236027,RUNNING
0.756544,0.809327,9.048405,0.135993,0.161766,0.185967,1.035140,0.680078,1.266786,0.153162,RUNNING
0.818253,0.862651,8.774642,0.192564,0.147110,0.261136,1.104269,0.945446,0.570965,0.415393,RUNNING
1.344333,0.364365,8.878692,0.147382,0.094652,0.158501,0.494406,0.472983,0.501874,0.112607,RUNNING
1.361934,0.769742,9.194577,0.156301,0.205399,0.260369,1.478332,0.620097,1.089680,0.143074,RUNNING
1.410544,0.846765,9.482664,0.114674,0.087268,0.219687,0.772161,1.164614,1.204469,0.440196,RUNNING
0.544829,1.028087,9.597413,0.163328,0.093225,0.138137,0.637611,0.524064,1.743121,0.281880,RUNNING
1.478551,0.740259,10.071644,0.087318,0.116850,0.221570,0.871256,1.126060,1.076898,0.286013,RUNNING
1.158760,1.156505,8.112069,0.019187,0.190580,0.194519,1.041173,1.185254,1.687656,0.382550,RUNNING
0.764456,0.826833,9.088000,0.087883,0.094014,0.142374,0.737210,0.776672,0.794642,0.374527,RUNNING
1.107127,0.900017,9.454093,0.190430,0.159841,0.218656,0.839906,0.942822,1.509709,0.309385,RUNNING
0.971461,0.823426,7.693241,0.174868,0.214009,0.203128,0.651366,1.391703,1.566458,0.436880,RUNNING
0.332724,0.672162,9.958208,0.166853,0.186574,0.282673,1.219779,0.827425,1.030840,0.458455,RUNNING
1.014539,-0.189172,8.620316,0.146308,0.099914,0.197685,1.122087,0.855068,1.344478,0.286559,RUNNING
1.320017,0.473575,7.817171,0.176054,0.081450,0.176441,0.845007,0.964798,1.030101,0.350338,RUNNING
1.394823,0.578837,8.872241,0.062844,0.149054,0.148302,0.891199,0.791878,1.529607,0.202037,RUNNING
1.589019,1.119641,8.256026,0.156365,0.125569,0.140030,0.646140,0.646508,1.076449,0.281292,RUNNING
0.986384,0.433306,8.712415,0.147074,0.205045,0.250317,0.914927,0.635063,1.294278,0.351999,RUNNING
1.502105,1.228996,8.372794,0.105579,0.151275,0.234871,1.189602,1.400873,1.307193,0.338453,RUNNING
1.058826,-0.140985,7.848732,0.122257,0.089525,0.207539,1.334157,1.007089,0.841417,0.449312,RUNNING
1.124230,0.511068,9.077165,0.199771,0.189130,0.140093,0.442562,1.149777,0.747691,0.414999,RUNNING
1.560014,0.930354,9.697266,0.179355,0.038465,0.228784,1.408096,1.462456,1.328737,0.230460,RUNNING
1.471715,1.177433,9.039906,0.195871,0.153616,0.176586,0.990779,1.600730,1.098216,0.316806,RUNNING
0.584171,1.195275,8.452741,0.147460,0.223091,0.100834,1.106651,1.277498,1.256442,0.302436,RUNNING
0.524678,0.588818,8.440304,0.123414,0.165337,0.239288,0.824168,0.876723,0.683605,0.331495,RUNNING
1.344194,0.174348,8.784240,0.168455,0.222718,0.248354,0.825264,0.537933,1.220603,0.292768,RUNNING
0.705465,1.048302,8.833460,0.029216,0.127539,0.195116,1.416489,0.980011,1.358905,0.396353,RUNNING
1.773396,1.507804,9.364930,0.067225,0.171192,0.122581,0.599612,1.047031,0.898630,0.483247,RUNNING
1.717158,1.414438,9.640232,0.074111,0.165466,0.254517,0.846353,0.822315,1.301383,0.161213,RUNNING
0.863412,0.546772,9.484106,0.188290,0.153554,0.209033,0.659422,-0.453859,0.734144,0.131646,RUNNING
1.087886,1.060436,8.974914,0.188693,0.131738,0.100418,0.972246,1.002791,1.178721,0.162844,RUNNING
0.908144,1.180570,8.465014,0.219059,0.176065,0.273610,1.376770,0.845494,1.418127,0.430700,RUNNING
2.080938,1.534463,9.464787,0.199375,0.148282,0.229098,1.243072,0.999574,1.165466,0.441109,RUNNING
1.797941,1.138655,9.014274,0.160671,0.165794,0.186691,0.983504,0.944008,0.773749,0.384710,RUNNING
1.547011,1.074991,10.216229,0.208461,0.100083,0.172710,1.019189,1.152317,1.482116,0.127935,RUNNING
1.165452,1.035458,10.064538,0.210416,0.097619,0.258725,1.131519,0.517379,1.358274,0.161236,RUNNING
0.545685,0.048652,7.861358,0.216216,0.119170,0.113213,1.214726,0.470913,1.262948,0.326995,RUNNING
1.222980,0.981929,8.930417,0.165342,0.154341,0.253374,1.217186,1.121058,1.219054,0.458662,RUNNING
1.223491,0.128386,9.567902,0.276520,0.156726,0.251416,1.312988,0.819987,1.229594,0.074121,RUNNING
1.452434,0.684843,8.792119,0.122847,0.189667,0.215102,0.598712,1.024031,1.240360,0.284130,RUNNING
1.351130,1.062260,9.381582,0.168263,0.067490,0.156235,0.897338,0.964122,1.340900,0.221904,RUNNING
1.213968,1.399172,9.369321,0.210020,0.110453,0.273648,1.464345,0.852409,1.310925,0.292984,RUNNING
1.726065,0.872554,9.205997,0.118479,0.146408,0.166344,0.742097,0.690202,0.975768,0.449598,RUNNING
0.498810,1.084895,8.457936,0.168208,0.227332,0.242950,0.297970,0.756803,0.942449,0.192415,RUNNING
0.794962,1.124068,8.556857,0.073976,0.090361,0.230122,1.054391,0.830300,1.837750,0.288706,RUNNING
1.078023,1.408621,8.924730,0.193918,0.117915,0.208156,1.182281,1.359423,1.391546,0.207264,RUNNING
0.927354,0.534997,8.357317,0.121752,0.130012,0.173513,0.685712,1.094512,1.145841,0.408718,RUNNING
0.870713,1.315125,8.302195,0.170222,0.040419,0.232838,0.863366,0.564728,0.928357,0.049878,RUNNING
1.753163,1.237961,10.162577,0.234567,0.100891,0.152561,0.850019,0.693753,1.067515,0.250202,RUNNING
1.293830,0.024425,7.720586,0.204038,0.226235,0.160401,0.861386,0.903869,1.110918,0.210656,RUNNING
1.060142,0.141317,8.001363,0.141951,0.182588,0.197825,1.035310,0.971814,1.949521,0.324839,RUNNING
1.076542,0.162009,9.767291,0.107032,0.125410,0.133277,1.275528,1.011096,1.185074,0.308631,RUNNING
0.845726,0.719752,9.160413,0.151551,0.201534,0.168135,0.708512,1.172291,1.268062,0.231651,RUNNING
0.936815,0.548624,7.768639,0.200995,0.112476,0.220404,0.866688,0.985333,1.986976,0.261263,RUNNING
1.126638,1.581126,9.262901,0.103230,0.090964,0.160920,1.106363,0.886906,1.131755,0.393447,RUNNING
1.189125,0.643830,8.414944,0.155304,0.178142,0.159854,1.170615,1.354493,1.556170,0.359750,RUNNING
0.983380,0.247365,8.448640,0.118541,0.096356,0.191812,0.989667,1.252151,1.621514,0.242568,RUNNING
1.697545,1.118036,9.603934,0.146878,0.213968,0.281407,0.575114,1.096932,1.200704,0.235685,RUNNING
0.991540,0.946883,8.608180,0.110390,0.208212,0.255776,1.385101,0.410179,1.611201,0.619735,RUNNING
1.552050,1.141446,9.338455,0.153747,0.173936,0.175803,0.343199,0.808551,0.618111,0.408687,RUNNING
1.678895,1.260004,8.511952,0.118052,0.185776,0.178745,0.757249,0.683808,1.779565,0.231047,RUNNING
1.352745,1.017028,9.882029,0.114043,0.139395,0.258631,1.144101,1.151561,1.091897,0.272248,RUNNING
1.228744,1.311017,9.768430,0.147842,0.129221,0.307598,0.485388,1.200585,1.219905,0.175398,RUNNING
1.616100,0.336392,10.243969,0.031807,0.098262,0.236641,1.098386,0.928969,0.947033,0.485011,RUNNING
0.648389,0.887658,10.068955,0.102673,0.123315,0.260303,0.611212,0.942525,0.932920,0.142472,RUNNING
1.522914,0.648439,9.711200,0.112792,0.100879,0.187035,0.830903,0.975001,0.523230,0.396466,RUNNING
1.127989,1.368854,8.073268,0.197425,0.203895,0.159461,1.109294,0.728413,1.561575,0.262094,RUNNING
1.328853,1.581856,9.349055,0.223857,0.151852,0.278498,0.802627,0.352343,1.215754,0.262243,RUNNING
1.666986,1.150517,8.904270,0.147468,0.176701,0.184004,1.137185,0.884775,1.652071,0.379944,RUNNING
0.383406,0.770439,8.566293,0.203572,0.166093,0.174935,0.906942,1.115944,1.215896,0.266805,RUNNING
1.128140,1.045597,9.106682,0.184671,0.199909,0.165387,0.770279,1.050753,1.687112,0.378975,RUNNING
1.668173,0.825725,9.924743,0.179725,0.118069,0.197188,1.115394,0.625044,1.590996,0.437713,RUNNING
1.766436,0.821334,9.629765,0.119704,0.077969,0.240543,0.907586,0.876922,1.552037,0.376620,RUNNING
1.148228,0.470577,9.007313,0.202997,0.117904,0.212002,0.865587,0.750733,1.663642,0.282968,RUNNING
1.094429,1.242147,9.105389,0.189536,0.166764,0.143981,0.504674,0.550599,1.371829,0.471151,RUNNING
1.466555,0.758262,8.610531,0.090933,0.167163,0.203721,0.574203,0.851641,0.960822,0.437555,RUNNING
1.631817,0.530524,8.418719,0.049511,0.104844,0.150899,0.948923,1.197911,0.791159,0.473956,RUNNING
1.245972,1.129705,9.279343,0.186222,0.165685,0.198604,0.642795,0.967805,1.146701,0.549887,RUNNING
1.642664,0.388372,9.481589,0.160164,0.190253,0.194729,0.640260,1.394467,1.422543,0.407922,RUNNING
0.342184,1.040431,8.379848,0.094001,0.088879,0.174409,0.946059,0.511217,0.969623,0.404160,RUNNING
0.867085,1.043008,8.601168,0.249340,0.108199,0.105234,1.040971,0.148178,0.692806,0.158381,RUNNING
1.964441,0.777674,9.582947,0.136560,0.109021,0.213136,1.206862,1.011104,1.510902,0.161274,RUNNING
0.922411,1.082187,8.801345,0.194726,0.199548,0.097219,0.982144,0.854674,0.564069,0.328950,RUNNING
1.315504,0.740946,9.275869,0.123814,0.195205,0.152976,1.011120,1.551465,1.257296,0.264589,RUNNING
1.920015,0.974938,8.700093,0.094338,0.091341,0.112189,0.780774,0.159554,1.511887,0.373763,RUNNING
1.062559,1.396271,9.351871,0.142844,0.126331,0.246042,0.922270,0.357443,1.405759,0.255199,RUNNING
0.520480,0.350688,8.942541,0.171964,0.133006,0.169186,1.043415,0.902553,1.214120,0.193097,RUNNING
0.868117,1.007848,8.439922,0.184056,0.112413,0.244573,1.142205,0.625043,1.496081,0.442256,RUNNING
1.862192,0.400057,8.824332,0.148653,0.185117,0.178570,0.928119,1.039070,0.876345,0.203984,RUNNING
1.120336,1.031309,8.638156,0.142600,0.036793,0.193794,1.036800,0.805114,1.102526,0.335079,RUNNING
1.349572,1.440088,10.009089,0.120887,0.125750,0.320267,1.145502,0.270167,0.482136,0.199214,RUNNING
1.572265,0.374008,8.695813,0.170730,0.134823,0.294879,0.902758,1.022952,1.385806,0.466447,RUNNING
1.053528,1.106845,9.461064,0.240306,0.117191,0.152304,1.110592,1.269582,1.032775,0.365619,RUNNING
1.331448,0.760596,9.918418,0.123055,0.176045,0.124574,1.204507,0.575649,1.610428,0.369403,RUNNING
1.728112,0.667038,9.395845,0.182931,0.216486,0.189452,1.044773,0.766596,1.507140,0.284662,RUNNING
1.320992,1.340393,9.001707,0.132919,0.137745,0.136259,1.013172,1.141429,1.344605,0.265489,RUNNING
1.555012,0.897790,9.141767,0.117007,0.046630,0.212303,1.301145,0.770215,0.990980,0.346500,RUNNING
1.639016,1.176903,9.246663,0.142797,0.233313,0.173627,0.491214,0.823578,1.245572,0.377085,RUNNING
1.437848,0.612540,8.579804,0.110591,0.222418,0.206866,0.701136,0.566435,1.227126,0.349382,RUNNING
1.148594,0.744802,9.444269,0.152864,0.206308,0.192605,1.287859,1.103993,0.895816,0.277647,RUNNING
1.418824,0.962761,9.183906,0.158785,0.126737,0.216022,1.074283,0.557941,1.616567,0.141405,RUNNING
1.191640,0.827555,8.163656,0.192634,0.052977,0.294196,1.043592,0.957032,1.093751,0.360935,RUNNING
1.262254,0.895545,8.883909,0.082389,0.112526,0.218968,1.164205,0.755136,1.140264,0.331279,RUNNING
1.459155,0.941118,8.887802,0.226785,0.137564,0.198897,1.390198,0.565158,1.175492,0.185590,RUNNING
1.353245,0.821051,8.722003,0.168186,0.139630,0.301990,0.546020,0.898083,0.898849,0.234809,RUNNING
1.399607,0.480958,8.924459,0.164194,0.134253,0.119649,0.635851,0.845367,1.866062,0.252754,RUNNING
0.647859,0.591882,10.118319,0.100985,0.223006,0.223440,1.355502,0.932075,0.814359,0.315305,RUNNING
0.671148,0.286516,8.859662,0.246173,0.203279,0.151839,0.733796,0.465302,1.241964,0.233998,RUNNING
1.464351,0.828941,8.645039,0.185646,0.097674,0.188318,0.629369,0.856043,0.355217,0.412230,RUNNING
1.885715,0.370699,8.014833,0.155029,0.148445,0.264102,0.859217,1.050422,0.813043,0.210950,RUNNING
1.182467,0.926686,9.929130,0.195689,0.103130,0.184881,0.998129,1.158775,1.769587,0.314000,RUNNING
2.039168,0.222668,8.518667,0.276377,0.113137,0.175115,1.250157,0.636244,1.568542,0.148563,RUNNING
1.199136,0.835055,8.625552,0.211635,0.263871,0.178690,1.578540,0.897530,1.409462,0.256227,RUNNING
1.502065,0.531627,9.479542,0.227704,0.223615,0.125685,0.713930,0.837233,0.870069,0.333094,RUNNING
0.991144,1.257982,8.063193,0.055350,0.133714,0.208884,1.180845,1.068230,1.248915,0.274871,RUNNING
1.183668,0.287150,9.608304,0.142829,0.169978,0.256956,0.899982,1.034487,0.467205,0.373259,RUNNING
0.943818,1.067569,9.749550,0.033801,0.200472,0.183689,0.948325,0.942628,0.907239,0.214810,RUNNING
1.561509,0.501064,8.346581,0.055873,0.144997,0.090248,0.742498,1.089037,1.027570,0.216656,RUNNING
1.612101,0.908336,8.571435,0.155870,0.069387,0.213842,1.057035,1.126628,1.604982,0.305163,RUNNING
1.527564,0.733400,9.327593,0.131602,0.115610,0.260799,0.315677,0.928234,1.401227,0.265204,RUNNING
1.500184,1.353808,9.129959,0.237433,0.140028,0.210586,0.627104,1.317715,1.248876,0.112672,RUNNING
0.987169,0.572703,8.226866,0.275000,0.163086,0.246608,0.999316,1.223661,0.977180,0.270675,RUNNING
1.123167,0.354644,8.356366,0.158181,0.147334,0.243147,1.077099,1.151597,1.445739,0.402856,RUNNING
1.298739,0.801386,9.366704,0.090214,0.120155,0.295503,1.220027,1.032828,1.372004,0.208867,RUNNING
1.670925,1.334360,8.456006,0.088328,0.165452,0.201894,1.321651,1.002030,1.568511,0.510049,RUNNING
1.694674,1.109913,9.386046,0.182422,0.223265,0.209178,0.516484,0.464418,1.407572,0.492805,RUNNING
1.254142,0.734565,9.837163,0.046626,0.194233,0.179420,0.486203,1.502282,1.530834,0.232806,RUNNING
0.997757,1.103330,8.571127,0.165344,0.124768,0.168023,0.863326,0.889674,1.444956,0.340111,RUNNING
0.651670,0.279274,8.240206,0.247602,0.123607,0.163977,1.259151,1.063987,1.478218,0.545524,RUNNING
0.871810,0.105529,8.979649,0.186981,0.170230,0.155728,0.768301,0.962575,1.414891,0.247947,RUNNING
1.712812,0.728030,8.898379,0.159662,0.107212,0.214095,0.927699,0.988183,1.226270,0.465739,RUNNING
0.982430,1.179669,9.579276,0.103331,0.138037,0.171418,1.302710,0.936527,1.639806,0.218933,RUNNING
0.523163,0.678440,9.161952,0.125855,0.151797,0.187943,1.320501,0.575733,1.352820,0.323126,RUNNING
1.098348,1.692198,8.075914,0.195718,0.199674,0.295612,1.101191,1.385050,1.628506,0.525954,RUNNING
0.653078,1.581224,8.441903,0.123575,0.153541,0.171555,1.002531,1.067679,0.855132,0.340156,RUNNING
0.871120,0.437782,9.099490,0.126713,0.210290,0.146260,1.166199,0.845454,1.588981,0.504525,RUNNING
0.727830,0.781714,8.138866,0.171817,0.133357,0.255204,0.818050,0.495428,1.498681,0.509363,RUNNING
1.299281,0.494718,8.566290,0.152794,0.131423,0.125101,0.456680,1.116003,1.597365,0.239326,RUNNING
1.528843,0.443248,9.666537,0.201760,0.218885,0.190834,1.509781,1.412710,1.269624,0.346989,RUNNING
0.968539,0.634048,9.302798,0.152218,0.164823,0.257412,1.422988,0.928485,0.987072,0.267143,RUNNING
1.463952,0.925200,8.668548,0.213912,0.044794,0.181142,1.093310,0.671339,1.552796,0.451749,RUNNING
1.274607,1.131054,8.592941,0.155798,0.081321,0.207777,0.747457,0.949536,1.359597,0.300503,RUNNING
1.262620,1.251064,9.530270,0.094336,0.210743,0.213211,1.617525,0.768424,1.377403,0.414783,RUNNING
1.430821,0.583753,8.613081,0.206443,0.218727,0.204064,1.338637,0.781805,1.715785,0.435410,RUNNING
1.063089,0.521088,9.315520,0.232316,0.147822,0.208349,0.637922,1.009420,1.290651,0.292192,RUNNING
1.695584,0.940448,9.048656,0.214681,0.055998,0.237491,1.056819,0.956830,1.408530,0.308367,RUNNING
1.209127,1.327377,9.237762,0.141009,0.252988,0.176529,1.350683,1.098071,1.570315,0.126882,RUNNING
0.670062,0.877826,9.473474,0.093913,0.104786,0.212640,0.896781,0.870648,0.922691,0.545364,RUNNING
1.087151,1.294285,8.994599,0.220900,0.221281,0.220365,0.755791,0.646273,1.420156,0.270204,RUNNING
0.979288,0.621650,8.273631,0.217688,0.195150,0.127598,0.704032,1.340060,1.370343,0.164722,RUNNING
1.735995,-0.196770,10.123563,0.157777,0.175088,0.171344,0.881549,1.119934,1.270609,0.213688,RUNNING
0.712198,1.197892,9.440087,0.075617,0.146997,0.268879,0.717979,0.672270,0.523718,0.366749,RUNNING
1.037216,1.200738,8.354081,0.107770,0.179975,0.184561,0.548006,1.249210,1.578535,0.112428,RUNNING
0.946539,0.917808,8.137522,0.062998,0.154788,0.225488,1.277785,0.954807,1.421392,0.304067,RUNNING
0.755823,0.948622,8.573442,0.161182,0.068625,0.164142,0.679179,1.377454,1.018139,0.210074,RUNNING
1.399249,0.933610,7.855751,0.142955,0.126689,0.140791,1.317305,1.287650,1.011079,0.364924,RUNNING
0.970171,0.804984,8.474168,0.109120,0.091521,0.134588,1.143809,0.874904,1.349121,0.419822,RUNNING
1.356195,1.129934,8.902039,0.192413,0.100339,0.251168,1.231591,1.492635,1.425279,0.341547,RUNNING
1.133675,0.353407,9.448045,0.192262,0.022102,0.161462,1.428158,1.005668,0.882983,0.183998,RUNNING
0.954655,1.082562,9.953254,0.139982,0.112111,0.247385,0.924184,1.009307,0.767866,0.525030,RUNNING
0.519328,1.217460,9.899352,0.166252,0.206539,0.147097,1.178972,0.963683,1.223979,0.314862,RUNNING
1.703489,1.476555,9.302468,0.191960,0.191683,0.202036,1.163443,0.632573,1.017940,0.497039,RUNNING
1.168272,1.441783,8.269770,0.194070,0.164674,0.216583,1.092033,1.050678,0.705050,0.322903,RUNNING
0.759822,0.828445,10.083684,0.129967,0.187060,0.133576,0.950418,1.070004,1.325269,0.222684,RUNNING
1.351111,0.606193,8.421845,0.204783,0.210608,0.189744,1.092738,1.227855,1.449145,0.200870,RUNNING
1.183341,0.490316,9.859062,0.185612,0.122142,0.209114,1.032650,1.349012,1.263942,0.244152,RUNNING
1.130695,0.830177,8.597151,0.195746,0.035226,0.276060,1.070055,1.239651,1.320187,0.325767,RUNNING
0.915167,0.414378,8.751932,0.167535,0.037364,0.230677,1.183583,1.188269,1.004527,0.297143,RUNNING
0.968193,0.370129,9.200425,0.016800,0.180192,0.152608,0.797212,0.861650,0.740946,0.412056,RUNNING
1.683716,0.628732,8.847921,0.191565,0.150491,0.256248,0.858846,0.971318,1.305190,0.357826,RUNNING
1.510494,1.416879,8.758173,0.203530,0.099922,0.224268,0.838430,1.190673,1.487696,0.337475,RUNNING
0.740819,0.764484,8.804342,0.071919,0.096436,0.316127,0.752932,0.662208,1.617620,0.273906,RUNNING
0.698834,2.293806,9.221709,0.131995,0.229466,0.145578,1.390184,0.818696,1.213264,0.378739,RUNNING
0.699070,0.513606,9.116608,0.071354,0.132433,0.167555,1.088348,1.037097,0.799331,0.356962,RUNNING
1.043590,0.447774,9.094376,0.088420,0.084273,0.218523,0.769126,1.172015,1.767125,0.305569,RUNNING
0.943628,0.837582,9.394486,0.164201,0.071156,0.236484,0.609127,0.569655,1.283517,0.396075,RUNNING
1.395561,0.691261,7.826647,0.103778,0.086927,0.216682,0.928493,0.934122,1.416041,0.317224,RUNNING
1.017115,0.240887,9.403637,0.139484,0.064229,0.239260,0.946228,0.723744,1.742043,0.385475,RUNNING
0.834749,1.400050,9.734142,0.143915,0.071607,0.280402,0.892692,1.081043,1.123030,0.198766,RUNNING
0.628187,0.726309,8.386403,0.201177,0.191127,0.258111,1.118113,0.181508,1.431691,0.539805,RUNNING
0.135873,1.057840,8.306695,0.039949,0.171942,0.218827,0.505581,1.404228,1.972985,0.386861,RUNNING
1.847613,1.265190,9.767638,0.248346,0.165359,0.150650,0.894106,1.099772,1.685679,0.316576,RUNNING
0.355915,0.709065,8.970922,0.104689,0.135218,0.211734,1.106269,1.255802,1.338360,0.313867,RUNNING
1.163464,0.062794,8.725401,0.225844,0.134836,0.239708,1.595080,0.886366,1.053046,0.190749,RUNNING
1.538413,0.980619,9.470160,0.129862,0.050124,0.243521,0.871781,0.746651,0.945812,0.168976,RUNNING
1.162827,1.017791,8.034641,0.125913,0.145500,0.129488,0.997748,1.111755,1.278047,0.153138,RUNNING
0.985951,0.233539,8.364173,0.187343,0.120913,0.302733,1.361670,0.491501,1.372428,0.164092,RUNNING
0.633114,0.729364,9.044345,0.056203,0.132800,0.159910,0.744995,0.821074,1.310226,0.222546,RUNNING
1.886227,0.235717,9.245596,0.172184,0.193723,0.203712,1.267966,0.717767,0.769610,0.026391,RUNNING
1.431301,0.238729,8.918023,0.136092,0.182365,0.164684,1.286456,1.159122,1.005022,0.272174,RUNNING
0.609985,0.707951,9.014257,0.200492,0.052238,0.217046,1.497548,1.209878,1.449212,0.282890,RUNNING
1.078113,1.013972,9.224940,0.096318,0.103911,0.228936,0.631964,0.822503,1.672925,0.393014,RUNNING
1.190115,1.002669,9.271261,0.096665,0.217904,0.199747,0.937687,1.006951,1.162790,0.119972,RUNNING
1.187620,0.235745,9.355367,0.145926,0.078360,0.149148,0.806731,1.092725,1.328600,0.507633,RUNNING
1.255293,1.497604,7.833199,0.154964,0.191585,0.280273,1.794274,0.636214,1.166237,0.247665,RUNNING
1.217179,0.617041,9.149023,0.099460,0.083068,0.192583,1.272556,0.430647,0.880773,0.333345,RUNNING
1.981461,0.904087,8.987535,0.016753,0.089652,0.137299,0.728918,0.623270,1.006570,0.362678,RUNNING
1.665498,0.647200,9.455523,0.112482,0.112017,0.089584,1.357859,1.133171,1.170096,0.429540,RUNNING
0.817580,-0.094365,8.539205,0.154525,0.189457,0.170972,0.754126,1.007524,1.805666,0.298711,RUNNING
0.905898,0.263478,8.758735,0.045863,0.200319,0.195468,0.985177,1.337801,1.947110,0.317311,RUNNING
0.260336,0.979986,8.582581,0.112514,0.131922,0.215332,1.103815,0.892936,1.491824,0.252960,RUNNING
1.583299,1.123675,8.927778,0.134359,0.268807,0.191370,0.590131,0.784880,0.797439,0.476018,RUNNING
1.562615,1.097819,8.865251,0.144468,0.076659,0.171350,1.237434,1.274467,1.739895,0.322444,RUNNING
0.858002,0.979507,9.750014,0.152741,0.208296,0.172520,1.031312,1.198256,1.354170,0.231508,RUNNING
1.033729,1.185493,10.189011,0.170884,0.159643,0.258590,1.120037,0.700738,1.189416,0.165508,RUNNING
0.896433,0.643340,8.417902,0.145748,0.089581,0.134883,0.860634,1.111590,1.165489,0.192487,RUNNING
0.636476,0.746971,9.148186,0.156553,0.141123,0.214671,0.743488,0.776823,1.298323,0.220032,RUNNING
1.337524,0.900120,8.772519,0.134104,0.220497,0.279140,1.020899,0.945668,0.806882,0.252019,RUNNING
1.512395,0.218618,8.501366,0.231649,0.153819,0.267822,1.191403,1.047376,1.239640,0.277102,RUNNING
0.357181,0.255582,8.679654,0.065165,0.145794,0.257055,0.820191,0.804656,1.284667,0.196289,RUNNING
0.709951,0.261700,9.482172,0.099328,0.197490,0.221417,0.804187,0.686135,1.555639,0.251992,RUNNING
1.660052,1.285187,9.775942,0.192584,0.194025,0.158682,0.960859,1.567874,0.848273,0.093758,RUNNING
1.380938,0.714520,9.059630,0.204320,0.127551,0.193956,1.210635,1.249473,1.517870,0.283530,RUNNING
1.470183,0.589578,9.073220,0.153530,0.167503,0.268487,1.960279,0.841714,1.786437,0.192912,RUNNING
1.691322,0.551094,9.726598,0.072972,0.087383,0.271391,1.419370,1.070262,1.200208,0.371034,RUNNING
1.102003,0.609998,9.021549,0.169434,0.154512,0.186223,1.129020,0.968887,0.860623,0.481608,RUNNING
1.307417,0.582461,8.185693,0.159473,0.153992,0.257366,1.278459,1.067990,1.203511,0.293067,RUNNING
2.414561,0.753325,8.271708,0.178526,0.104183,0.193843,0.944747,1.272811,1.330074,0.343821,RUNNING
1.350998,0.580331,9.393692,0.196145,0.175775,0.209911,1.358555,0.810253,1.007678,0.319739,RUNNING
0.881369,1.187789,8.492698,0.174111,0.206735,0.211010,1.028475,1.302681,1.196015,0.367533,RUNNING
1.184986,0.194447,9.483397,0.170561,0.198837,0.227400,0.679810,0.647254,1.521850,0.303798,RUNNING
1.261317,0.888759,8.771229,0.145772,0.252579,0.278013,1.223360,0.748663,1.150379,0.354985,RUNNING
1.276023,0.925873,9.154857,0.243942,0.137140,0.170872,1.059364,1.205314,1.536610,0.406213,RUNNING
0.829680,0.417531,8.845665,0.121032,0.100025,0.147183,1.240648,0.742509,1.564887,0.297484,RUNNING
1.565845,0.238554,9.485714,0.196646,0.030071,0.189965,0.961708,0.450347,1.540758,0.383239,RUNNING
1.439369,1.836459,9.136467,0.138106,0.165189,0.231226,0.942316,0.989370,1.311879,0.093003,RUNNING
1.075833,1.512366,9.006629,0.085399,0.108045,0.231412,0.998179,0.591870,0.271070,0.328349,RUNNING
1.661452,0.989958,7.789793,0.085282,0.112697,0.113864,0.662863,1.034592,0.716883,0.264155,RUNNING
0.695405,0.658126,8.599816,0.092489,0.143133,0.081509,1.319082,0.540427,1.340651,0.099611,RUNNING
1.013144,0.809561,7.769592,0.193746,0.168180,0.288861,0.572012,0.438534,1.131150,0.211187,RUNNING
1.734124,1.004171,8.656929,0.152528,0.185323,0.216250,0.841975,0.907579,1.531339,0.229047,RUNNING
0.680211,1.353218,8.534060,0.162456,0.120797,0.179261,0.843079,1.020573,1.342341,0.179460,RUNNING
1.746555,1.174666,9.457119,0.216841,0.133980,0.186918,1.193249,1.255054,0.781545,0.224293,RUNNING
1.759562,0.842126,10.182158,0.154180,0.110877,0.283716,1.391408,0.687070,1.368525,0.383940,RUNNING
0.979853,0.740120,9.066020,0.216324,0.090478,0.192963,0.834135,0.859672,1.424846,0.429101,RUNNING
1.294522,1.019916,9.154825,0.206348,0.145259,0.207606,1.311896,0.688313,0.933960,0.133401,RUNNING
1.092799,0.721464,9.746253,0.153745,0.146819,0.170833,0.720443,1.195912,0.787731,0.235848,RUNNING
1.356030,0.393842,10.633227,0.258835,0.135828,0.118209,1.098312,1.086628,1.117339,0.225495,RUNNING
1.365753,0.595998,9.250557,0.114191,0.202811,0.197649,0.605774,1.140996,1.488058,0.370770,RUNNING
1.858652,1.748515,8.741074,0.163211,0.130983,0.170953,1.125312,0.962905,1.263955,0.151853,RUNNING
1.222681,0.928503,9.212553,0.117512,0.152097,0.198655,1.143311,1.351865,1.239580,0.076532,RUNNING
1.674065,0.450915,9.521171,0.128822,0.084759,0.203749,1.256080,1.001124,1.186289,0.224299,RUNNING
1.714753,1.283929,8.594961,0.211791,0.156794,0.270971,1.017000,0.995094,1.259060,0.352240,RUNNING
1.958007,0.842278,8.386240,0.132774,0.025065,0.169075,1.048437,0.890534,1.187664,0.444053,RUNNING
1.396360,0.794908,9.738925,0.161080,0.103821,0.178149,1.056672,0.510530,1.259858,0.277916,RUNNING
1.368770,0.935192,9.068367,0.107823,0.196199,0.195435,0.933122,0.889924,1.174822,0.139180,RUNNING
1.399931,0.171676,8.449024,0.041700,0.233845,0.200639,1.155280,0.413050,0.570790,0.238767,RUNNING
1.772913,0.888913,8.942902,0.138636,0.106943,0.212917,1.350986,0.825677,1.377576,0.246689,RUNNING
1.275946,1.008706,8.438112,0.079908,0.099859,0.224558,1.183887,0.923933,1.241381,0.510782,RUNNING
1.548953,0.772028,8.686080,0.152554,0.178046,0.328393,0.895712,0.846807,0.550550,0.243382,RUNNING
1.631617,0.843579,8.477558,0.170812,0.146744,0.190121,0.870220,0.745795,1.381832,0.364342,RUNNING
0.743006,1.145234,8.220375,0.162740,0.134593,0.294693,1.394004,0.977053,1.373646,0.227807,RUNNING
1.248173,0.903693,9.000778,0.225943,0.139400,0.236156,1.441550,0.605502,1.037148,0.222176,RUNNING
0.565497,1.189359,9.377353,0.155233,0.230424,0.197217,1.912420,1.107257,0.951741,0.311869,RUNNING
1.338963,0.527241,10.658057,0.211717,0.169729,0.166292,1.496132,0.909160,1.041669,0.353276,RUNNING
1.710556,0.264657,9.551836,0.170469,0.143045,0.220979,0.808242,1.282900,1.638590,0.307665,RUNNING
1.606603,1.055878,9.052691,0.145703,0.212002,0.239306,1.144409,1.316192,0.687357,0.319934,RUNNING
1.103905,-0.197213,9.574297,0.142459,0.129609,0.221482,0.919549,0.821132,0.719888,0.303422,RUNNING
1.989246,0.771710,8.892249,0.248357,0.098914,0.237087,0.754767,0.856343,0.710898,0.295411,RUNNING
0.975749,0.912376,9.571150,0.143685,0.112714,0.142110,0.919521,1.285884,0.871141,0.288192,RUNNING
0.347473,0.581142,9.951170,0.150009,0.143536,0.115253,0.817191,1.106994,1.442739,0.201734,RUNNING
1.016425,1.255848,8.982812,0.089946,0.091143,0.168003,0.999334,0.959960,0.629739,0.220101,RUNNING
1.131623,0.957055,8.400822,0.184075,0.088528,0.152973,0.756396,0.958788,1.368396,0.387465,RUNNING
0.927159,1.339664,9.159472,0.195382,0.122153,0.250912,0.902919,1.586759,1.734883,0.193370,RUNNING
1.336357,0.677284,8.776108,0.148501,0.099373,0.236908,0.606240,1.351304,1.398452,0.403739,RUNNING
1.339142,1.266417,8.293772,0.233810,0.232483,0.213385,1.255580,0.729128,1.046154,0.227747,RUNNING
1.582900,1.058599,9.132492,0.224762,0.107877,0.232372,0.751929,0.988565,0.877989,0.400240,RUNNING
1.196993,1.108399,9.306056,0.055398,0.242485,0.242347,1.090348,0.955384,1.344949,0.305402,RUNNING
1.310271,0.887810,9.148804,0.171625,0.137052,0.174544,0.880554,1.017078,0.839059,0.234883,RUNNING
1.325341,1.475622,9.029731,0.116974,0.128093,0.160376,1.161981,1.189633,1.199668,0.142992,RUNNING
1.311873,0.228147,8.453417,0.170477,0.099891,0.199581,1.110286,0.775984,0.994156,0.397653,RUNNING
1.341925,0.518576,8.554004,0.113444,0.285947,0.240897,1.023019,0.709468,0.676019,0.489338,RUNNING
1.090855,1.184593,9.309491,0.185276,0.205283,0.270866,0.385264,1.308612,1.132689,0.196333,RUNNING
1.158729,1.567348,9.105855,0.099785,0.188108,0.196994,0.886178,0.630803,0.846997,0.314849,RUNNING
1.623976,0.691137,9.252245,0.105818,0.109279,0.258217,1.086382,0.005179,1.223790,0.308863,RUNNING
0.575316,0.289638,9.648998,0.099138,0.123047,0.089059,1.193317,1.516348,1.767350,0.302671,RUNNING
1.005579,1.041826,8.755200,0.168076,0.172822,0.165991,1.115639,0.492651,1.261416,0.314459,RUNNING
1.509588,-0.019745,8.969095,0.132017,0.115694,0.240862,1.408177,0.939354,1.205935,0.173332,RUNNING
0.761963,0.727789,9.002839,0.056200,0.173525,0.223145,1.214684,1.601221,1.564689,0.117145,RUNNING
0.835209,0.784260,9.895225,0.130425,0.110096,0.229154,1.080575,1.148101,1.413815,0.390119,RUNNING
0.737891,1.839388,7.986739,0.122197,0.058348,0.238826,0.974632,0.260595,1.276017,0.125012,RUNNING
1.402444,0.813121,8.959079,0.121489,0.038075,0.138734,0.655170,0.415730,1.052198,0.264762,RUNNING
1.493627,0.634129,8.390431,0.147062,0.174409,0.188693,0.966493,1.023027,1.412293,0.266911,RUNNING
1.793833,0.845568,9.152140,0.172821,0.209732,0.226739,0.770543,0.741163,1.001164,0.121981,RUNNING
1.300964,0.942813,9.563274,0.162048,0.211453,0.159247,1.388774,0.753735,1.240299,0.273369,RUNNING
1.541755,1.123781,9.287964,0.186478,0.175874,0.226231,0.907861,1.025529,1.526454,0.190953,RUNNING
1.769886,0.944444,9.389693,0.084947,0.173934,0.160069,0.735239,1.196230,1.165010,0.429025,RUNNING
0.675236,0.934045,9.004265,0.115508,0.159593,0.142677,0.647919,1.047865,1.117313,0.279184,RUNNING
1.281129,0.856315,8.659102,0.148098,0.109615,0.162674,1.031182,1.018496,2.021415,0.236510,RUNNING
0.964742,0.843108,9.520720,0.125237,0.076767,0.150744,1.522698,0.882003,1.134310,0.102904,RUNNING
0.947083,1.239640,9.007190,0.068803,0.228255,0.266180,0.539817,0.230626,1.573926,0.436968,RUNNING
0.419527,1.034794,9.036218,0.083766,0.137863,0.147210,0.543212,0.640883,0.930910,0.319419,RUNNING
0.854897,0.797200,8.572240,0.223165,0.109516,0.213250,0.797276,1.332308,1.116925,0.230045,RUNNING
1.449109,1.677352,9.190643,0.212729,0.223093,0.249677,0.818571,0.954693,0.399558,0.237070,RUNNING
0.585728,1.384210,8.835472,0.129942,0.215028,0.222720,0.823343,0.375692,0.935249,0.289434,RUNNING
1.309045,0.882677,10.167016,0.191513,0.139277,0.197040,1.010119,0.982505,1.029749,0.331786,RUNNING
0.751352,1.365734,9.791609,0.176885,0.083777,0.112023,1.106044,0.999601,1.536337,0.150741,RUNNING
1.383810,1.480525,9.659176,0.068059,0.104146,0.134410,1.417081,0.678303,1.117220,0.432652,RUNNING
1.089155,0.915576,9.119766,0.104659,0.096901,0.199813,0.215216,0.895182,1.502420,0.268140,RUNNING
0.875071,0.940564,8.511391,0.160676,0.085363,0.269367,0.417161,0.727660,0.951485,0.470512,RUNNING
1.277760,0.478577,9.208224,0.176573,0.122394,0.193386,0.770188,0.936352,1.040717,0.305897,RUNNING
2.015528,0.689520,9.313622,0.127002,0.212926,0.258659,1.428861,0.820756,1.216483,0.475692,RUNNING
0.735926,0.312343,9.264327,0.151177,0.040281,0.132437,0.868255,1.003052,1.129320,0.175866,RUNNING
1.427480,1.248111,10.439379,0.143268,0.130741,0.219791,0.875787,1.319471,1.493918,0.335482,RUNNING
1.079888,0.577116,9.669784,0.142053,0.032270,0.215908,1.070072,1.032093,0.927181,0.221212,RUNNING
2.023920,0.262490,9.524371,0.165210,0.130904,0.158450,1.089856,0.785283,1.084144,0.120021,RUNNING
0.435291,1.164672,8.622985,0.194807,0.140797,0.169269,1.015803,0.565938,1.055212,0.263988,RUNNING
1.845725,1.088487,9.066166,0.132436,0.182900,0.215642,1.217729,1.073549,1.042284,0.453778,RUNNING
1.376553,0.591989,8.475078,0.165216,0.148391,0.190583,1.023443,0.608103,1.521676,0.361441,RUNNING
0.450851,0.217073,8.950438,0.179526,0.048597,0.180544,0.760171,0.700467,1.383993,0.263742,RUNNING
1.508441,0.643248,8.962264,0.112104,0.113882,0.261003,1.040613,0.950479,1.378446,0.319151,RUNNING
1.113253,0.876132,9.557989,0.133504,0.176512,0.220795,0.998391,0.537577,1.236199,0.294164,RUNNING
1.250625,1.058117,8.803481,0.124896,0.167491,0.168778,0.681091,0.902498,1.198126,0.408201,RUNNING
1.113670,0.475716,9.489937,0.139803,0.133924,0.155697,1.147543,1.675389,1.418733,0.380027,RUNNING
1.212366,0.856998,8.372074,0.194129,0.082456,0.242861,0.916952,1.480430,0.910437,0.240274,RUNNING
1.268652,0.922051,8.088039,0.218027,0.193215,0.268414,1.284730,1.205868,0.878210,0.289519,RUNNING
1.728610,0.913557,9.117910,0.142202,0.160132,0.204017,1.285084,0.567520,0.974623,0.171419,RUNNING
0.691116,0.101689,9.179161,0.121470,0.162018,0.202233,1.203130,0.475679,1.048028,0.064205,RUNNING
0.882977,0.905167,7.836367,0.209055,0.157701,0.206998,1.209825,0.674360,2.055720,0.292518,RUNNING
2.006627,-0.124769,8.419469,0.109050,0.175577,0.203322,0.879720,0.789088,0.985051,0.342988,RUNNING
1.418603,0.609716,8.608194,0.037306,0.213819,0.184330,0.610322,0.867706,1.608331,0.385494,RUNNING
0.010573,0.736291,8.850898,0.120616,0.207568,0.281281,1.196197,1.278256,1.105214,0.255066,RUNNING
0.875400,1.222232,9.335948,0.130577,0.194739,0.237896,0.741894,1.097507,0.889783,0.113012,RUNNING
1.236416,0.414935,8.296799,0.091354,0.167316,0.215314,1.150087,1.044033,1.198303,0.278413,RUNNING
1.846555,1.128805,9.029611,0.045160,0.153805,0.145673,0.269752,0.588522,1.285253,0.326825,RUNNING
1.424082,0.962765,9.261322,0.097917,0.218574,0.156306,0.886367,1.000432,0.806718,0.379881,RUNNING
1.440384,1.078754,8.999741,0.130216,0.183869,0.318435,0.791109,1.349321,1.554274,0.262585,RUNNING
0.953431,0.524879,9.276842,0.147098,0.121553,0.174584,0.990134,1.326736,1.562343,0.332781,RUNNING
0.277827,1.261994,8.206451,0.070258,0.110820,0.244181,0.803694,0.922012,0.745501,0.210047,RUNNING
0.883461,0.447413,8.648170,0.181839,0.066558,0.272459,1.822287,1.271564,0.707978,0.337708,RUNNING
1.433786,1.796448,10.319368,0.215991,0.100545,0.209007,1.389298,1.049870,1.489922,0.327611,RUNNING
1.910968,1.162479,8.008624,0.164078,0.193440,0.232633,0.814607,0.681517,0.767619,0.360993,RUNNING
0.703710,0.534343,9.043721,0.082971,0.087258,0.178040,1.294335,1.342014,1.429134,0.269206,RUNNING
1.678177,0.308991,9.466833,0.162008,0.215017,0.169182,0.672267,0.355867,1.437620,0.151080,RUNNING
1.922420,0.760372,8.987298,0.075166,0.192780,0.219255,1.305765,0.521947,0.614809,0.304808,RUNNING
1.176737,1.347783,9.041971,0.082056,0.172259,0.216717,0.860288,0.743073,1.015544,0.344548,RUNNING
0.954467,0.440606,9.969298,0.080492,0.115471,0.225799,0.905081,0.826113,1.273691,0.251795,RUNNING
1.056193,0.330621,8.521991,0.145163,0.225098,0.233842,1.859927,1.191036,1.401745,0.407378,RUNNING
1.097415,0.515868,7.952749,0.204141,0.215218,0.198719,0.777353,0.948569,1.205850,0.167256,RUNNING
1.401999,0.454225,9.138041,0.141955,0.156231,0.126136,0.543887,0.647403,1.825569,0.216756,RUNNING
1.244586,0.985434,8.726725,0.100740,0.135263,0.187120,1.067881,0.382586,1.242979,0.414720,RUNNING
1.608289,0.809078,9.066729,0.151163,0.203529,0.188232,0.687147,0.945068,1.203515,0.402204,RUNNING
1.495136,0.679733,8.148761,0.172571,0.200590,0.189529,0.669575,0.815890,1.070883,0.297387,RUNNING
0.659933,0.801071,9.439933,0.195253,0.103314,0.219242,0.820297,0.766263,1.128747,0.222926,RUNNING
1.494793,0.784407,9.447328,0.153551,0.161944,0.227823,0.912546,0.525692,1.168297,0.502702,RUNNING
0.805615,0.655283,8.947652,0.180362,0.214651,0.184005,1.397152,0.549663,0.749252,0.153377,RUNNING
1.421166,0.794363,8.750981,0.076176,0.182154,0.216568,0.967457,0.917217,1.341025,0.439770,RUNNING
1.107550,0.468581,8.093510,0.180307,0.154250,0.189093,0.771406,0.460096,1.363255,0.288119,RUNNING
1.381707,0.693376,9.249366,0.077386,0.149900,0.237582,1.027268,1.266403,1.071238,0.478864,RUNNING
0.488145,0.765029,9.652215,0.185948,0.181201,0.224841,1.163997,0.834990,1.218203,0.217687,RUNNING
1.298167,1.216407,8.836160,0.170944,0.183492,0.244845,0.912643,0.866531,1.207553,0.214626,RUNNING
1.082400,0.647336,9.094542,0.144718,0.167163,0.267790,1.441228,0.991053,1.052833,0.423455,RUNNING
1.583536,0.535759,10.078920,0.092277,0.168386,0.233366,1.042071,0.992816,1.182422,0.202855,RUNNING
0.918483,0.642654,8.444770,0.232452,0.168070,0.201563,1.349953,1.057381,0.405159,0.275471,RUNNING
1.734455,0.900144,8.878996,0.144839,0.117031,0.136911,0.956946,0.893267,0.776214,0.172894,RUNNING
1.940094,1.060175,9.171788,0.148907,0.302627,0.256741,0.496786,0.635028,0.652471,0.334201,RUNNING
1.260279,1.832971,8.814308,0.110786,0.064327,0.162431,1.467878,1.431267,0.922201,0.369125,RUNNING
1.099288,1.254355,8.827096,0.177074,0.101353,0.148842,0.424502,1.165399,1.147670,0.290831,RUNNING
0.911254,1.129044,9.346560,0.061746,0.121753,0.210634,1.414270,0.819539,1.632618,0.273597,RUNNING
0.938879,0.837420,7.632970,0.088020,0.082939,0.151924,1.185333,0.825149,1.068222,0.252305,RUNNING
1.422111,1.083611,7.897723,0.112963,0.155721,0.304621,0.942385,1.096669,0.743933,0.436065,RUNNING
1.515026,1.223032,9.040941,0.146860,0.142458,0.239213,0.976600,1.221857,1.507409,0.263182,RUNNING
0.412061,1.422432,8.916491,0.160782,0.198936,0.229969,0.883786,1.144121,1.035363,0.077133,RUNNING
1.234821,0.812080,9.191499,0.168485,0.074310,0.256854,0.961622,0.600433,1.438192,0.297311,RUNNING
1.191939,0.990534,9.151037,0.173734,0.276390,0.197279,0.550671,0.633152,1.478846,0.229839,RUNNING
1.237334,0.399778,9.475300,0.090377,0.164489,0.135861,1.142902,0.263051,1.070289,0.325651,RUNNING
1.286687,0.160669,9.602958,0.190681,0.132904,0.228266,1.426450,1.135344,1.121717,0.441648,RUNNING
1.178167,1.151619,9.600329,0.140834,0.050716,0.183900,0.609666,0.319862,1.365520,0.388883,RUNNING
0.828181,0.534960,9.637687,0.166567,0.119332,0.186177,1.815387,1.146707,1.248013,0.056526,RUNNING
1.430990,1.473347,9.927462,0.245672,0.119061,0.218344,1.096886,0.860122,1.305845,0.511666,RUNNING
1.261431,0.552041,7.670177,0.167565,0.200470,0.200736,0.972486,0.868811,1.268494,0.369482,RUNNING
1.050396,0.849216,9.625461,0.175569,0.168398,0.234137,1.037114,0.868202,1.406701,0.349461,RUNNING
0.694333,0.463692,10.727195,0.133797,0.143536,0.244494,0.556608,0.815828,0.911972,0.357338,RUNNING
1.139086,0.844460,9.885321,0.246390,0.228455,0.181194,0.795656,1.236609,1.234892,0.280411,RUNNING
1.211119,1.196123,10.587571,0.213116,0.095915,0.185951,1.072665,0.528348,1.271043,0.348231,RUNNING
1.006597,1.094921,10.056491,0.184788,0.127491,0.343000,0.931580,0.775950,0.899518,0.273760,RUNNING
0.145865,1.144012,9.234122,0.153251,0.193195,0.278934,0.617848,0.790353,0.789811,0.403037,RUNNING
0.865154,1.259825,9.913666,0.096942,0.102976,0.211014,0.964940,0.924044,0.920309,0.335033,RUNNING
0.990041,0.907626,8.588333,0.170037,0.144100,0.290404,1.099387,0.839363,1.823296,0.264663,RUNNING
0.847385,1.085516,8.219544,0.189604,0.217203,0.124634,1.269385,0.760509,1.269075,0.465704,RUNNING
1.645920,0.869069,9.107417,0.110000,0.205004,0.218715,1.050848,1.333898,1.506887,0.403539,RUNNING
1.217528,0.227944,8.940053,0.174167,0.123103,0.212178,0.626175,0.643413,1.206033,0.460279,RUNNING
1.091035,0.776701,8.029387,0.084152,0.258691,0.176217,1.150184,0.536433,1.095918,0.486852,RUNNING
1.212816,1.237316,8.945701,0.161313,0.202463,0.173701,0.545615,1.414169,0.943377,0.384946,RUNNING
0.989821,0.738887,9.346688,0.194179,0.034173,0.244874,1.126830,0.923531,1.196065,0.350436,RUNNING
1.321594,0.641095,9.087747,0.107400,0.145355,0.191618,1.089859,0.627005,1.473375,0.185559,RUNNING
1.514973,1.117940,7.677993,0.165164,0.062950,0.179484,0.684955,1.128439,1.194967,0.242370,RUNNING
1.106826,0.635938,8.246838,0.208563,0.158725,0.218556,1.008326,0.471858,1.137278,0.363018,RUNNING
1.364004,0.638416,7.524262,0.155405,0.052784,0.195800,0.258590,0.846307,0.801903,0.430258,RUNNING
1.182437,1.024645,8.213684,0.223485,0.203895,0.190138,1.405131,1.245417,1.045631,0.424124,RUNNING
0.836859,0.635461,9.937162,0.173477,0.115069,0.325924,1.192093,0.667728,1.281363,0.347311,RUNNING
1.449953,1.223148,9.217963,0.173111,0.113470,0.177080,0.602551,0.397259,1.217667,0.232728,RUNNING
1.384426,1.026018,9.167181,0.200045,0.155073,0.104382,1.287514,0.942535,1.572661,0.161001,RUNNING
1.537139,0.614451,9.423499,0.090034,0.121007,0.254755,1.179700,0.728525,1.384053,0.369966,RUNNING
1.160197,1.434474,8.910933,0.100882,0.195884,0.175810,1.011867,0.806190,1.110821,0.309251,RUNNING
0.752035,1.237952,9.869622,0.235980,0.124905,0.234796,0.729914,0.503096,1.106562,0.310068,RUNNING
1.449868,0.243772,8.826499,0.181690,0.081873,0.136636,1.115129,0.403013,1.328465,0.150192,RUNNING
1.015200,0.432790,9.290409,0.210227,0.138192,0.112603,0.887594,0.800335,1.013796,0.264625,RUNNING
1.671577,1.371760,10.465437,0.261404,0.192196,0.201199,1.423420,1.397968,1.262473,0.255633,RUNNING
1.469248,1.683444,8.744167,0.212790,0.193882,0.229362,1.045888,1.036288,1.146598,0.378686,RUNNING
1.373025,1.001653,7.330289,0.214345,0.178180,0.274449,1.307789,1.203574,1.497565,0.475166,RUNNING
1.391087,1.023556,8.862996,0.112035,0.176671,0.236733,0.967388,0.855409,0.915267,0.483829,RUNNING
1.413313,1.279799,8.777750,0.174528,0.198626,0.154626,0.932249,1.338840,1.194699,0.382390,RUNNING
1.290143,0.574888,9.831211,0.269197,0.110614,0.143213,1.152914,0.991574,1.234470,0.432859,RUNNING
0.900320,0.210052,10.627744,0.019748,0.160151,0.167235,1.045225,1.092953,1.085262,0.429619,RUNNING
1.477718,0.685147,10.690192,0.178652,0.172299,0.081008,1.091047,0.757114,1.738038,0.279661,RUNNING
1.630392,0.933757,10.016661,0.150956,0.141674,0.186415,0.999546,1.291607,1.352978,0.299325,RUNNING
1.583634,0.941725,10.012703,0.138728,0.113056,0.257264,1.311476,1.320367,1.556112,0.261020,RUNNING
1.123573,0.961260,9.080478,0.127270,0.080485,0.109752,0.951889,1.387402,2.136112,0.389066,RUNNING
1.055025,1.238724,8.121437,0.106635,0.163348,0.167768,1.082437,1.302927,0.728184,0.120331,RUNNING
1.541483,0.722298,10.874108,0.171344,0.055452,0.225832,1.504951,1.540127,1.507226,0.218034,RUNNING
1.235684,0.871462,7.768534,0.154780,0.277941,0.184477,0.899008,0.897904,1.133809,0.254422,RUNNING
0.231068,1.482634,8.425388,0.132343,0.177824,0.108041,0.992984,0.978217,1.269451,0.107886,RUNNING
1.368442,1.130613,9.043992,0.156822,0.153890,0.212303,1.071016,0.980570,1.062059,0.352902,RUNNING
1.187663,0.369259,9.565232,0.189458,0.086747,0.192546,1.052833,0.915627,0.723699,0.178715,RUNNING
1.487209,0.431985,8.217379,0.220138,0.202673,0.187408,1.092085,1.103225,1.283757,0.154148,RUNNING
1.634623,0.281561,8.803618,0.100530,0.117761,0.087137,1.190041,1.466623,1.208308,0.172549,RUNNING
1.479161,1.100210,9.017299,0.158527,0.096860,0.273705,0.812714,1.417949,1.182858,0.233044,RUNNING
1.765125,0.921558,9.423967,0.108608,0.091237,0.214205,1.429714,0.233672,1.042700,0.282496,RUNNING
0.821380,0.964711,9.504770,0.209760,0.122066,0.228157,0.790228,0.746223,1.623278,0.333285,RUNNING
1.079288,0.795844,9.058750,0.207170,0.181321,0.294716,1.188744,1.280075,1.696722,0.505836,RUNNING
0.977044,1.135356,9.881022,0.110119,0.178773,0.209979,0.706935,0.697850,1.484411,0.487967,RUNNING
1.290122,1.644572,8.703378,0.212042,0.203507,0.234879,1.293821,0.693054,0.905386,0.288031,RUNNING
1.059089,0.561986,9.278110,0.156105,0.180789,0.178517,0.952472,1.111552,1.560927,0.352846,RUNNING
1.081099,0.818925,9.482422,0.074136,0.139551,0.229508,0.925419,1.018250,1.060852,0.146982,RUNNING
1.537458,1.166248,8.951382,0.135018,0.253867,0.176949,1.094281,0.361280,1.643322,0.195683,RUNNING
1.693978,0.880752,9.485564,0.191800,0.181833,0.199397,0.686753,0.750020,0.731865,0.261393,RUNNING
1.284763,0.498478,9.086537,0.066227,0.194547,0.170527,0.149521,0.795747,1.158054,0.394276,RUNNING
0.913724,0.428497,7.509462,0.138447,0.075397,0.194237,1.127902,1.160975,0.885979,0.395378,RUNNING
0.748537,0.770870,10.440352,0.142982,0.161905,0.195806,0.725939,1.017195,0.910366,0.384935,RUNNING
0.885861,0.968610,9.368385,0.162499,0.133389,0.248636,0.923768,0.653904,1.272009,0.148697,RUNNING
0.564082,0.034759,8.303392,0.163102,0.185504,0.149648,1.220504,1.303354,0.982361,0.286952,RUNNING
1.852222,0.861286,9.355033,0.133526,0.165768,0.170349,1.002792,0.641481,0.709640,0.327144,RUNNING
1.528425,1.141194,8.166603,0.078763,0.148988,0.152800,0.410122,1.099244,1.680408,0.305961,RUNNING
1.317195,0.181485,7.609438,0.117657,0.149801,0.238654,0.368446,0.861323,1.456922,0.301196,RUNNING
1.042055,0.434581,8.848643,0.128164,0.164715,0.159211,1.332810,1.497162,1.178541,0.470790,RUNNING
1.361127,0.750171,10.551473,0.157443,0.178821,0.260425,0.599415,0.573849,0.861948,0.163862,RUNNING
0.510885,1.681144,8.908758,0.176124,0.149745,0.181103,0.686556,0.803641,1.374183,0.266024,RUNNING
0.934837,1.504536,9.567555,0.154343,0.171883,0.280214,0.547864,0.812834,0.894948,0.377885,RUNNING
0.893575,0.934953,8.381845,0.105410,0.139275,0.189007,0.577793,1.151783,1.386241,0.338646,RUNNING
1.240703,0.503813,9.437971,0.091171,0.191372,0.250768,1.089699,0.803903,1.058076,0.189411,RUNNING
1.039284,1.379365,8.299604,0.126693,0.188300,0.164236,1.655854,1.065758,0.916973,0.232847,RUNNING
1.631868,0.067977,8.227996,0.088961,0.127950,0.248597,1.052971,0.572944,1.778392,0.360421,RUNNING
1.614956,1.459490,9.430387,0.115640,0.234029,0.197751,1.126537,0.956390,1.047575,0.477756,RUNNING
0.647420,1.081536,8.914508,0.132876,0.155077,0.207825,0.885184,0.786034,1.234821,0.483669,RUNNING
1.967215,1.302862,9.205939,0.133615,0.242290,0.154160,1.396112,1.419786,0.673139,0.017838,RUNNING
0.800677,0.258890,8.987514,0.136404,0.149517,0.171409,1.012702,1.270127,1.401086,0.327818,RUNNING
1.454539,1.407120,9.409441,0.122515,0.157984,0.263266,1.049014,0.401209,1.490540,0.429586,RUNNING
1.526454,0.103476,9.983561,0.202261,0.107024,0.266245,1.276111,0.708296,1.285287,0.205857,RUNNING
1.497449,1.219596,8.510052,0.117542,0.235177,0.204262,0.870919,1.215512,1.276094,0.223170,RUNNING
0.942885,0.280975,8.141155,0.162371,0.164748,0.084827,0.681888,1.130098,1.564409,0.192328,RUNNING
1.730870,0.705256,9.143712,0.161662,0.148724,0.170059,0.265515,1.001888,1.006505,0.143058,RUNNING
1.827846,0.844900,7.790538,0.101948,0.258865,0.192830,1.114341,0.518080,1.138681,0.368537,RUNNING
1.178607,1.588117,8.434888,0.109206,0.123634,0.185676,1.144628,0.943042,1.294975,0.192627,RUNNING
0.645955,0.868657,7.952814,0.049262,0.120996,0.167020,1.218670,0.664932,0.744214,0.254569,RUNNING
1.078232,0.507425,8.478137,0.079170,0.216361,0.135098,0.692888,0.493219,1.440311,0.143473,RUNNING
2.132024,0.880794,8.097002,0.185982,0.149690,0.254894,0.945829,0.811564,1.217101,0.116513,RUNNING
0.555430,-0.262134,9.555085,0.097210,0.155530,0.112488,0.895738,0.956017,0.595902,0.357791,RUNNING
1.148737,1.463225,9.132167,0.111285,0.131115,0.117755,1.274615,0.616869,1.965222,0.387617,RUNNING
1.135719,1.196602,8.895944,0.158982,0.174596,0.049081,1.069930,0.631356,1.182648,0.281999,RUNNING
0.853754,0.844544,9.844710,0.167925,0.172168,0.235607,0.940311,1.187739,1.363737,0.250224,RUNNING
1.217457,0.552079,8.956165,0.178835,0.105247,0.162726,0.795601,0.926491,1.558992,0.294378,RUNNING
1.498336,0.818963,9.518532,0.138881,0.087679,0.208810,0.884004,1.233386,0.932829,0.567887,RUNNING
1.851786,1.098007,8.880347,0.126518,0.215529,0.170703,0.792231,0.740006,1.362551,0.201437,RUNNING
1.138716,0.906369,7.919582,0.146765,0.218752,0.199991,1.046263,1.073611,1.045945,0.298417,RUNNING
0.661896,1.131221,9.387252,0.136063,0.133255,0.216947,0.428159,0.601205,1.748431,0.173087,RUNNING
1.795327,1.835160,8.672290,0.084686,0.231459,0.307932,1.410199,0.725939,1.417356,0.459409,RUNNING
1.103790,0.649022,8.800606,0.232895,0.134944,0.057050,1.505426,1.261102,1.566938,0.368928,RUNNING
0.298648,0.875680,8.846891,0.124495,0.112629,0.191963,0.605394,0.590088,1.117849,0.401584,RUNNING
1.102551,1.262547,8.573936,0.143629,0.150596,0.089915,1.209237,0.741733,0.619685,0.384812,RUNNING
1.400929,1.217277,8.496561,0.180134,0.203098,0.225288,0.740730,0.898950,1.191344,0.183904,RUNNING
1.690802,1.058763,8.689325,0.226112,0.099461,0.170474,1.204275,0.959080,1.172022,0.400573,RUNNING
1.232861,0.590583,9.402644,0.264588,0.176044,0.069384,0.800799,1.490910,0.897198,0.154960,RUNNING
1.345414,0.898832,8.379899,0.130658,0.133468,0.129324,1.019000,0.776317,1.142965,0.295296,RUNNING
0.855198,1.822404,8.728464,0.160032,0.141749,0.164322,1.037066,0.810782,1.202933,0.377579,RUNNING
1.107254,0.879226,9.687837,0.158905,0.067510,0.192427,0.976774,1.019758,1.448518,0.339283,RUNNING
1.472418,0.952459,9.451602,0.221919,0.198247,0.154095,0.943644,0.542385,1.116686,0.274612,RUNNING
0.790892,0.007947,9.042963,0.175990,0.127186,0.175609,1.213870,0.927528,1.537990,0.306810,RUNNING
1.532263,0.695911,8.794687,0.135649,0.110256,0.251592,1.541429,0.664868,1.064563,0.235048,RUNNING
0.892849,0.997273,8.948902,0.246224,0.212362,0.263559,1.120954,1.305939,1.116599,0.530282,RUNNING
1.849605,0.567443,8.812188,0.158102,0.108091,0.225970,0.800125,1.128957,1.010411,0.427224,RUNNING
1.397364,1.823931,8.834576,0.235542,0.183104,0.245729,0.537486,0.882802,0.908165,0.386339,RUNNING
1.188556,1.018360,9.965419,0.134647,0.147259,0.234169,1.526760,0.362487,1.029956,0.125386,RUNNING
0.652098,0.436169,9.394082,0.073053,0.133039,0.173407,0.835137,1.287408,1.124967,0.261964,RUNNING
1.893820,0.996893,8.474295,0.039914,0.197335,0.208251,0.809985,0.579605,1.188772,0.356497,RUNNING
0.555688,0.838779,8.998309,0.165933,0.194559,0.155351,0.820614,1.238624,1.804722,0.340258,RUNNING
1.048771,1.366807,9.209315,0.202609,0.043976,0.165132,1.565929,0.861979,1.832040,0.217405,RUNNING
1.614580,0.343044,8.450855,0.133611,0.158136,0.238410,1.029241,1.082197,0.984485,0.465414,RUNNING
0.803036,1.606024,8.395856,0.197312,0.067575,0.169351,1.046516,1.320682,0.995622,0.192996,RUNNING
1.717417,1.039994,8.903384,0.188877,0.166709,0.210949,0.815082,0.411702,1.207129,0.296152,RUNNING
1.300124,0.589088,9.370042,0.175284,0.176820,0.240648,0.937090,1.170452,1.289546,0.241806,RUNNING
1.405181,0.297087,8.486901,0.181152,0.151967,0.224720,0.457833,0.271212,1.351952,0.061657,RUNNING
1.353939,0.384162,8.925448,0.289060,0.117172,0.255669,1.099786,0.561323,1.446413,0.279476,RUNNING
1.917552,0.323899,8.623614,0.186426,0.197529,0.271762,1.101533,0.835640,1.828183,0.344132,RUNNING
0.881105,0.816362,9.451252,0.066365,0.049073,0.193645,0.660381,0.409666,1.047844,0.189086,RUNNING
1.327650,0.255827,10.749053,0.187127,0.155864,0.110443,1.231367,1.192196,1.215552,0.330199,RUNNING
1.564976,0.046636,9.635455,0.204830,0.216033,0.227272,1.254500,0.593600,1.190983,0.387885,RUNNING
1.132224,1.104733,8.313108,0.152707,0.198901,0.108074,1.410630,0.956464,1.618898,0.216550,RUNNING
1.270041,0.193928,10.823116,0.167523,0.188519,0.240329,1.366491,0.570917,1.082633,0.288702,RUNNING
0.740844,0.572954,9.252598,0.182994,0.232482,0.195739,0.914084,1.048156,1.019207,0.409214,RUNNING
0.359210,0.426478,9.123132,0.171188,0.176825,0.246745,0.958000,0.722381,1.421292,0.260608,RUNNING
1.601266,0.422853,9.506441,0.106057,0.098432,0.111800,1.273525,1.505884,1.005773,0.452888,RUNNING
0.737944,0.668693,8.795458,0.135831,0.095554,0.190470,0.920168,0.625433,1.353967,0.239269,RUNNING
1.138581,1.085237,9.261077,0.116058,0.147875,0.151686,1.277581,0.855919,0.984279,0.195560,RUNNING
0.897666,0.297421,7.887030,0.110776,0.224256,0.200092,1.049424,0.924809,1.056437,0.435791,RUNNING
1.693284,1.539650,8.227478,0.172844,0.136911,0.139848,1.245283,0.845689,1.443013,0.194024,RUNNING
0.152040,-0.001548,8.089767,0.160450,0.124196,0.215158,0.940247,0.480563,1.074646,0.271084,RUNNING
1.300997,1.128197,8.813903,0.166100,0.216711,0.203146,0.513360,1.018399,1.215668,0.411487,RUNNING
1.437877,0.626238,9.203710,0.095167,0.117233,0.229454,0.670584,0.788359,1.548030,0.268530,RUNNING
1.642118,1.859904,10.049472,0.152572,0.217850,0.192809,1.148665,0.831057,0.926276,0.152328,RUNNING
1.381899,1.378446,9.043641,0.145207,0.076058,0.145556,1.048676,0.980320,1.936241,0.403223,RUNNING
1.030635,0.581275,7.757517,0.078782,0.136034,0.245464,1.080573,0.947137,1.128762,0.286212,RUNNING
0.620977,0.947047,9.448009,0.117815,0.152595,0.145120,1.267602,0.903675,1.259163,0.406912,RUNNING
1.627971,0.269431,8.463807,0.088409,0.147705,0.184688,1.499709,1.009663,1.725484,0.108488,RUNNING
0.943272,0.683410,9.351888,0.192305,0.166966,0.176109,1.296764,0.700128,1.038954,0.289663,RUNNING
1.325102,0.181403,9.382066,0.191633,0.119837,0.263376,1.136771,0.639768,1.140508,0.200744,RUNNING
1.574749,0.550789,8.777738,0.300177,0.162218,0.134866,0.848464,0.934146,1.170025,0.227591,RUNNING
2.248981,0.636612,9.518903,0.108311,0.188031,0.074724,1.024753,0.863406,0.967311,0.309144,RUNNING
1.417289,1.306677,9.158286,0.132382,0.072399,0.162058,0.919420,0.876319,1.367948,0.335956,RUNNING
0.824762,1.375973,8.630711,0.154996,0.161096,0.097600,0.538190,1.164221,1.099404,0.243039,RUNNING
0.939459,1.086453,8.130321,0.281829,0.110171,0.229610,0.928395,1.400669,1.325906,0.473123,RUNNING
0.623973,0.012793,8.794944,0.084074,0.112055,0.121681,1.117993,0.720292,1.373799,0.406129,RUNNING
1.270247,1.039728,8.740622,0.207365,0.098251,0.221017,0.904517,1.293522,1.429523,0.241036,RUNNING
1.163777,1.034013,9.066841,0.105680,0.170979,0.198824,1.433406,0.983820,1.201577,0.242287,RUNNING
1.766065,0.897866,9.512647,0.123244,0.076682,0.267814,1.048051,1.228630,0.962010,0.344483,RUNNING
1.137159,0.589498,8.012480,0.135278,0.158911,0.172051,1.426404,0.723017,1.442609,0.260514,RUNNING
1.581498,1.208350,8.054205,0.106396,0.092978,0.195641,1.114792,0.640493,1.041469,0.299932,RUNNING
0.983377,0.220939,10.378073,0.134730,0.112767,0.212283,0.771049,0.926826,1.002074,0.395636,RUNNING
1.475400,1.203059,9.299587,0.165796,0.037107,0.205349,1.107931,0.765717,1.143288,0.345966,RUNNING
1.208143,0.190891,7.914655,0.123393,0.086721,0.258044,0.296547,1.028348,1.659972,0.385411,RUNNING
1.408457,0.963842,9.645040,0.088826,0.128946,0.151083,1.132961,0.969785,1.667192,0.387838,RUNNING
1.733942,1.206768,9.851995,0.259917,0.219215,0.211249,0.897409,0.412699,1.262428,0.251372,RUNNING
0.691993,0.655772,8.530609,0.102205,0.120330,0.162214,0.768568,0.939285,0.908046,0.284409,RUNNING
1.312832,0.510625,9.022023,0.149045,0.169008,0.161297,0.993018,0.633802,1.407034,0.120622,RUNNING
0.892339,2.023117,9.470206,0.142151,0.191576,0.209825,0.337240,1.237466,1.228445,0.292536,RUNNING
1.151239,0.787176,9.367610,0.170031,0.241479,0.249032,0.676965,0.650043,1.791782,0.271313,RUNNING
0.974902,0.746880,7.882286,0.118487,0.142219,0.264261,0.376279,0.843759,0.973567,0.157114,RUNNING
0.948161,0.288301,9.099270,0.125426,0.223529,0.148954,1.207890,0.881369,1.073741,0.160405,RUNNING
0.916370,0.957692,8.882102,0.128318,0.124166,0.233806,1.392601,1.404663,0.834599,0.354473,RUNNING
1.293726,0.921223,8.438627,0.305829,0.175933,0.162136,0.542276,0.645091,1.749012,0.384315,RUNNING
1.213391,0.242415,8.099093,0.208087,0.195047,0.200241,0.956705,0.362384,1.764147,0.328929,RUNNING
1.237551,0.788467,9.690375,0.122906,0.171797,0.178944,1.069361,0.756458,0.898797,0.216441,RUNNING
1.674227,0.671568,8.842999,0.113863,0.042348,0.184023,0.630745,1.280985,1.095936,0.284822,RUNNING
0.690538,1.064844,8.848774,0.250521,0.162605,0.154951,0.786191,1.059735,1.055168,0.398851,RUNNING
0.967950,0.632779,8.687655,0.184519,0.198770,0.223635,0.944226,0.958505,0.538217,0.368693,RUNNING
0.269141,0.779911,9.196423,0.163886,0.008621,0.210721,0.582093,1.524545,1.396579,0.301466,RUNNING
0.892716,1.568486,9.108103,0.094215,0.149963,0.210098,1.087619,0.725514,1.016122,0.303424,RUNNING
1.046743,0.558470,8.594531,0.111618,0.221533,0.258865,0.633808,0.716122,1.255283,0.263235,RUNNING
0.777435,-0.004183,7.999181,0.161444,0.111527,0.208202,0.799378,0.771148,1.195102,0.292416,RUNNING
1.575757,0.582150,8.064590,0.151208,0.123307,0.122865,0.685739,0.704221,0.830193,0.239266,RUNNING
0.876994,1.038619,8.521255,0.115378,0.127721,0.255974,0.579074,1.222921,1.369027,0.387178,RUNNING
1.338684,0.906467,9.681759,0.124410,0.153294,0.253129,1.025040,0.740518,1.137118,0.240014,RUNNING
0.726945,0.048372,8.793340,0.147092,0.131872,0.214791,1.204148,0.625234,0.872797,0.335956,RUNNING
1.273183,0.416333,10.035129,0.144708,0.188556,0.243077,1.141753,0.994238,1.496615,0.342959,RUNNING
1.446824,0.412066,7.733544,0.041292,0.180976,0.130868,1.337792,0.672771,0.813926,0.332529,RUNNING
1.759893,1.010517,10.304317,0.221311,0.119857,0.086172,0.637496,0.738404,1.314356,0.090677,RUNNING
0.478387,1.167579,9.196528,0.119965,0.139072,0.232459,0.773456,1.162488,0.987621,0.199982,RUNNING
0.998463,1.411683,8.298452,0.119047,0.180161,0.233633,0.920051,1.289995,1.158240,0.348290,RUNNING
1.906397,0.841574,8.646022,0.182911,0.229933,0.176740,1.184695,0.621728,1.366290,0.284106,RUNNING
1.666485,0.915584,8.742088,0.172229,0.177918,0.320398,1.236788,1.370153,0.694713,0.206142,RUNNING
1.092574,0.534171,8.237963,0.116005,0.153856,0.162132,0.741276,0.786200,1.339856,0.119671,RUNNING
1.409671,0.639414,8.847607,0.119752,0.126962,0.150229,1.014708,0.946083,1.315589,0.139936,RUNNING
0.768814,0.224014,9.485787,0.189343,0.077848,0.198610,0.725062,1.144507,1.184117,0.260452,RUNNING
1.369382,0.905014,8.203707,0.104839,0.145834,0.182545,0.823119,1.059755,1.219098,0.391685,RUNNING
1.354402,0.600579,9.880475,0.114436,0.172692,0.232039,1.423350,0.383395,1.764832,0.413159,RUNNING
1.670431,1.193251,9.429835,0.141899,0.153467,0.210946,0.637583,0.443225,1.393104,0.285355,RUNNING
0.568768,1.260653,8.262885,0.066224,0.058934,0.215960,1.396623,1.154657,1.064627,0.384598,RUNNING
1.055392,0.379144,9.840204,0.237745,0.095085,0.321584,0.846904,1.077799,1.708911,0.188883,RUNNING
1.459057,0.551937,8.723729,0.090756,0.172086,0.254762,1.197953,0.368903,1.253833,0.205814,RUNNING
1.240312,0.688741,9.071980,0.133405,0.138007,0.155036,1.133747,0.689428,1.759990,0.354612,RUNNING
1.357703,0.291505,8.694048,0.132371,0.181218,0.137557,0.827848,0.808173,1.000718,0.165781,RUNNING
0.914363,0.965198,8.939316,0.164666,0.107987,0.161526,1.403811,0.849210,1.259029,0.315735,RUNNING
0.838049,1.299799,9.667111,0.106808,0.087322,0.180997,1.358694,0.800686,0.990085,0.323464,RUNNING
1.049882,0.745989,9.339519,0.153449,0.166665,0.181759,1.076652,0.452399,1.097606,0.408247,RUNNING
0.936736,-0.212197,9.199157,0.118302,0.138536,0.194382,1.143326,0.547565,1.514255,0.391215,RUNNING
0.918391,0.527329,7.812777,0.170205,0.199207,0.197323,1.247478,0.428944,1.127351,0.310662,RUNNING
0.586018,1.154174,9.756955,0.169958,0.117204,0.279276,1.348386,0.732429,0.849857,0.168705,RUNNING
1.466308,0.674582,9.527049,0.099421,0.140775,0.210387,1.628309,0.663354,0.421820,0.284380,RUNNING
1.639564,1.198294,9.154422,0.135255,0.157721,0.104315,0.697790,1.018748,1.133047,0.358797,RUNNING
1.540449,0.530803,8.876310,0.135807,0.216754,0.216058,0.845891,0.959020,1.205668,0.191510,RUNNING
1.435491,0.972809,8.842990,0.100010,0.105513,0.188289,0.660966,0.612345,1.362358,0.243553,RUNNING
0.749472,0.769057,10.160666,0.173281,0.232895,0.143337,1.409408,1.151474,0.871876,0.274354,RUNNING
1.109045,0.894784,9.132102,0.091855,0.088591,0.152353,1.161877,0.859536,1.225615,0.146595,RUNNING
1.846405,0.538283,9.029505,0.080469,0.092947,0.207392,1.309048,0.453552,0.926758,0.317346,RUNNING
1.156959,1.173657,9.042532,0.167314,0.170864,0.140413,1.454283,0.876731,1.615498,0.230323,RUNNING
1.191967,0.997144,9.318214,0.148816,0.121592,0.206440,1.404375,0.917156,1.225766,0.491643,RUNNING
0.770236,1.428183,8.758891,0.068262,0.168499,0.151303,1.635071,1.275953,0.855967,0.344057,RUNNING
1.099603,-0.098236,7.775259,0.175717,0.110587,0.227337,1.263340,0.577715,1.060828,0.266511,RUNNING
1.263145,1.886749,10.267879,0.156779,0.155063,0.193089,0.969798,0.421973,1.214864,0.200742,RUNNING
1.049454,0.635607,8.129080,0.114089,0.181729,0.135011,1.228517,0.733185,1.493585,0.011345,RUNNING
0.980271,1.174405,9.048796,0.094193,0.153281,0.245831,1.781369,0.881941,1.217806,0.317525,RUNNING
1.109229,-0.005194,8.849932,0.038167,0.203579,0.175825,0.536258,0.616798,0.970861,0.291178,RUNNING
0.801640,0.861862,9.731831,0.123797,0.096410,0.199441,0.547305,1.255777,1.640796,0.350376,RUNNING
1.103185,1.280014,10.148190,0.066144,0.020046,0.186995,0.305328,0.766826,1.574250,0.301301,RUNNING
0.959209,0.490095,9.024662,0.113823,0.213291,0.249164,1.316237,0.565205,1.383610,0.396766,RUNNING
1.119998,0.926506,9.445765,0.146013,0.245552,0.117586,0.799512,0.594791,1.010231,0.222540,RUNNING
0.774241,0.704816,8.226237,0.092535,0.139696,0.232074,1.706186,1.134279,1.463665,0.350542,RUNNING
0.729317,0.836265,9.366927,0.145833,0.199702,0.195638,0.464600,0.456334,1.285584,0.021152,RUNNING
1.386941,1.074540,9.139002,0.148889,0.215336,0.272891,0.861020,1.469464,1.292121,0.338510,RUNNING
0.842600,0.915024,9.234231,0.104988,0.081289,0.246313,1.012315,0.731720,1.389572,0.344693,RUNNING
1.508605,0.661979,9.420302,0.151846,0.117508,0.144033,1.332540,0.313122,0.604364,0.385872,RUNNING
1.416609,0.599133,10.535030,0.113550,-0.003389,0.147276,0.806888,0.936527,0.967115,0.467500,RUNNING
0.200291,0.538814,9.641889,0.217372,0.171258,0.211426,1.126767,0.915183,0.907222,0.202593,RUNNING
1.039222,0.237701,8.586675,0.195292,0.189826,0.214285,0.837866,0.751682,1.534948,0.286197,RUNNING
1.115778,1.063487,8.946187,0.133813,0.154714,0.217258,0.915081,1.191670,1.265020,0.345203,RUNNING
1.283818,0.543407,8.679445,0.093637,0.149604,0.221286,1.331837,0.488602,0.835957,0.358486,RUNNING
1.200153,0.479578,9.983990,0.135870,0.108930,0.261577,1.136516,0.669996,1.414682,0.174129,RUNNING
1.366556,0.691637,9.599345,0.133091,0.036636,0.162778,0.197312,0.419979,1.207902,0.230396,RUNNING
1.076946,0.712797,9.483699,0.165331,0.121492,0.092905,1.299990,0.542987,0.945448,0.101196,RUNNING
1.151029,0.606948,9.338328,0.263011,0.134882,0.283260,0.824464,0.237779,1.691093,0.285378,RUNNING
1.413885,0.453662,9.819920,0.139657,0.190589,0.181275,1.105774,1.159356,1.361786,0.160547,RUNNING
1.776746,0.635619,8.894352,0.242831,0.128242,0.099435,1.016312,1.188807,1.020230,0.298729,RUNNING
0.319269,1.180614,9.139739,0.130633,0.170762,0.230247,1.014141,1.433878,1.484949,0.406897,RUNNING
1.480476,1.126105,9.847784,0.171062,0.152169,0.150501,0.711684,0.790041,1.392288,0.462777,RUNNING
0.965089,1.137259,9.283628,0.125165,0.131017,0.204783,1.194923,0.893246,1.719937,0.215142,RUNNING
0.631889,0.509103,8.326292,0.049548,0.151718,0.164063,1.117743,0.686930,0.939002,0.372699,RUNNING
1.420706,0.660763,8.755454,0.130784,0.210057,0.301214,1.344564,1.215877,1.056551,0.295694,RUNNING
1.091861,1.142341,8.833300,0.097370,0.232646,0.112345,0.793924,1.068402,1.068928,0.435338,RUNNING
0.072255,1.281682,8.738519,0.145754,0.190869,0.125209,0.557030,1.232625,1.778013,0.192871,RUNNING
0.687203,0.678207,9.183812,0.125108,0.131908,0.133247,0.610565,0.325115,1.895184,0.337218,RUNNING
1.483480,0.874539,7.922458,0.233750,0.195776,0.218628,1.243870,1.031219,0.958057,0.119423,RUNNING
0.797695,0.450344,9.585976,0.264372,0.175197,0.250946,0.505697,0.466488,1.558384,0.225354,RUNNING
1.233947,0.519658,8.863221,0.155875,0.207462,0.115779,0.990841,1.318132,0.971325,0.293967,RUNNING
1.693940,0.570967,8.900255,0.108701,0.095130,0.234027,1.229820,0.659382,1.498024,0.166770,RUNNING
1.625780,0.648277,9.300680,0.215076,0.166032,0.180108,0.757628,0.736014,1.030375,0.073941,RUNNING
0.711152,0.615590,9.106730,0.112738,0.124069,0.215353,0.805956,1.346541,0.607669,0.216442,RUNNING
0.689523,1.185045,7.672632,0.133050,0.217706,0.188625,1.758780,-0.088343,1.273764,0.163809,RUNNING
0.990403,1.262998,9.419874,0.201590,0.101758,0.223006,1.559433,0.774015,1.049762,0.288591,RUNNING
1.213020,0.740369,9.003376,0.209732,0.200914,0.281704,1.160482,0.630570,1.464586,0.370767,RUNNING
0.868352,0.412845,8.098004,0.094276,0.151073,0.151937,0.577216,1.042906,1.157310,0.346044,RUNNING
1.107502,1.108782,8.310509,0.132515,0.121488,0.195486,1.055238,0.994707,1.237055,0.442214,RUNNING
1.721831,0.714059,8.985960,0.170912,0.204122,0.184727,1.102341,0.592566,1.049975,0.342293,RUNNING
1.473929,1.077398,8.361086,0.147853,0.190302,0.226655,0.822574,0.724850,1.623196,0.433167,RUNNING
0.764906,1.268632,9.511239,0.192644,0.098066,0.273088,0.608440,1.274147,0.892355,0.319651,RUNNING
1.279880,0.707620,8.248294,0.147010,0.171755,0.131345,0.943062,0.526549,0.929501,0.257293,RUNNING
1.280305,0.827185,8.551255,0.172123,0.161856,0.288089,1.041114,0.344041,1.008313,0.241263,RUNNING
1.443285,1.047617,8.283546,0.210867,0.154668,0.167200,1.471275,1.000782,1.191903,0.284987,RUNNING
1.008765,1.063712,9.016547,0.076886,0.201207,0.200540,0.892636,0.474589,1.065792,0.384898,RUNNING
0.718290,1.559960,8.468418,0.110150,0.260543,0.183655,1.832452,1.319326,1.317462,0.268905,RUNNING
1.631871,0.351806,9.392647,0.130717,0.135909,0.161592,0.734164,0.558472,1.078415,0.343864,RUNNING
0.556944,0.668365,8.902486,0.112296,0.074863,0.200959,0.889637,0.693386,0.726823,0.403700,RUNNING
0.708813,0.276473,9.530417,0.198917,0.114288,0.190526,1.193306,0.547776,1.297603,0.288851,RUNNING
1.403672,0.831882,9.212860,0.214047,0.182313,0.258844,0.933443,1.071674,1.192466,0.394956,RUNNING
1.084708,0.639318,9.354146,0.058806,0.112761,0.189436,0.996559,0.250567,1.318284,0.386393,RUNNING
1.053022,0.726517,8.489458,0.106353,0.163667,0.147531,1.457743,1.311635,1.474688,0.377705,RUNNING
0.997963,0.700581,9.782422,0.169019,0.135758,0.160731,0.880771,0.945412,1.252776,0.417429,RUNNING
1.048119,0.095940,9.177291,0.217947,0.109869,0.326380,1.663914,1.159606,1.319915,0.322625,RUNNING
1.807494,0.658336,8.871006,0.165998,0.072045,0.150245,1.414212,0.814770,1.155656,0.377620,RUNNING
1.192646,0.943099,10.002403,0.147593,0.130234,0.163787,1.123029,0.805196,1.006974,0.286215,RUNNING
1.329027,0.348520,7.733294,0.091430,0.197408,0.250477,1.281751,1.453541,1.342691,0.446848,RUNNING
0.856805,1.006105,7.596386,0.164974,0.129443,0.185559,1.105210,1.130684,1.025578,0.165116,RUNNING
0.367461,1.593275,10.520971,0.265174,0.138932,0.153508,0.885283,0.903648,1.196392,0.118682,RUNNING
1.639549,1.011685,9.353765,0.223411,0.142121,0.176733,0.816498,0.955136,0.577738,0.252854,RUNNING
1.728626,0.464055,9.525988,0.207544,0.215930,0.207465,0.501016,1.124360,1.709552,0.182537,RUNNING
0.861658,-0.172302,9.498020,0.169476,0.194934,0.126365,1.022415,0.880219,0.905366,0.138293,RUNNING
1.092042,0.993298,8.556787,0.181033,0.235426,0.167600,1.034838,0.560332,1.260820,0.311536,RUNNING
1.149565,1.253051,8.388905,0.188489,0.069594,0.119607,1.008123,0.450987,1.464038,0.112479,RUNNING
0.602449,0.983553,10.000774,0.211397,0.221913,0.129656,1.310008,0.825999,0.678578,0.313824,RUNNING
1.005223,0.723132,8.395504,0.181107,0.125038,0.183420,1.162251,0.923855,1.365705,0.292608,RUNNING
1.120324,0.678596,8.386400,0.194934,0.174020,0.182566,0.924708,0.936057,1.432002,0.388418,RUNNING
0.318757,1.478328,9.388984,0.192606,0.178236,0.279452,0.905241,1.431489,1.282024,0.273661,RUNNING
0.949135,0.705238,8.856374,0.030656,0.132553,0.198374,1.198517,1.003047,0.906636,0.377820,RUNNING
1.325193,0.901190,8.774397,0.188582,0.172980,0.210468,0.999030,1.242497,1.251233,0.351934,RUNNING
0.849441,0.858384,9.364939,0.180845,0.198168,0.150606,0.901356,1.248131,1.359227,-0.029771,RUNNING
1.635107,1.172998,9.028224,0.096321,0.116516,0.100676,0.767669,0.587839,1.241109,0.264628,RUNNING
0.514973,0.465413,9.317548,0.223504,0.167965,0.180609,0.729332,1.097035,1.126219,0.346551,RUNNING
0.474616,0.653171,8.227871,0.149192,0.128398,0.124258,0.462983,1.278699,1.194378,0.343944,RUNNING
1.609139,0.552547,8.803407,0.241709,0.131665,0.182089,1.762989,0.695272,1.440220,0.328044,RUNNING
0.542972,0.348385,8.758570,0.146771,0.078601,0.294342,1.137036,1.108841,1.045420,0.332980,RUNNING
1.317230,1.075210,8.850860,0.201950,0.050112,0.258132,0.927403,1.171224,1.130223,0.231650,RUNNING
1.192937,0.668389,8.068611,0.111466,0.175872,0.201363,0.426134,0.717123,1.211833,0.188202,RUNNING
0.395644,0.903047,9.350935,0.096141,0.187878,0.147675,0.733711,1.474282,1.065201,0.365827,RUNNING
0.966984,1.402354,9.497871,0.214624,0.130530,0.136450,1.126962,0.924856,0.734594,0.041849,RUNNING
1.223512,0.839931,8.809376,0.195738,0.164193,0.234281,1.167671,1.187302,1.134728,0.249356,RUNNING
2.392921,0.686104,8.259912,0.235270,0.222474,0.294378,0.849950,1.308560,0.294543,0.343395,RUNNING
1.190189,0.775498,8.940068,0.150556,0.236507,0.084112,1.062424,0.713080,0.890753,0.186449,RUNNING
1.126940,0.224606,8.644820,0.207138,0.209595,0.155889,0.773950,1.292058,0.886837,0.425626,RUNNING
1.196039,1.125236,8.234409,0.056729,0.178747,0.176953,1.152836,1.120431,1.475228,0.318708,RUNNING
1.622003,0.882922,9.251641,0.202569,0.199699,0.260260,1.005611,1.085382,1.131259,0.419970,RUNNING
0.907648,0.942541,9.172043,0.233779,0.156042,0.234295,0.793416,1.059444,1.383786,0.331590,RUNNING
1.352066,0.023654,8.623954,0.106834,0.139819,0.200280,0.926452,1.134840,0.543884,0.492962,RUNNING
1.636290,0.928157,8.706369,0.235433,0.171596,0.192447,1.298596,0.945152,1.265575,0.317131,RUNNING
1.021613,0.163776,9.331078,0.059951,0.120052,0.284665,1.088951,0.418994,1.060157,0.204883,RUNNING
0.855471,0.525195,9.058923,0.187331,0.127641,0.115355,1.131711,0.622498,1.084324,0.254299,RUNNING
1.006692,0.153029,9.223071,0.104476,0.143204,0.149073,1.009747,0.220240,1.449126,0.440596,RUNNING
0.747855,1.018656,8.615949,0.111602,0.210021,0.179068,1.985121,0.764044,0.932587,0.224640,RUNNING
0.358708,1.240049,8.523761,0.173603,0.125888,0.209585,0.856534,0.665345,1.406040,0.319770,RUNNING
0.800691,0.995158,9.283007,0.186816,0.210755,0.118439,1.112541,0.988899,1.041873,0.309332,RUNNING
0.790249,0.876713,8.303596,0.168779,0.150872,0.291938,1.189323,1.571994,1.250790,0.160516,RUNNING
0.696464,0.216187,9.273557,0.060531,0.226144,0.315655,0.895532,1.261011,1.447218,0.139098,RUNNING
1.402481,1.279478,9.156923,0.146553,0.117399,0.236046,0.599373,0.930110,0.903963,0.183478,RUNNING
1.495972,1.374936,9.157815,0.286459,0.149381,0.278812,1.325546,0.811461,1.200012,0.273490,RUNNING
0.882956,1.147057,9.061782,0.195217,0.076375,0.205642,0.923813,0.826970,1.379806,0.443501,RUNNING
1.583236,0.828900,7.465672,0.136627,0.139825,0.195375,1.129444,0.965726,0.939955,0.197635,RUNNING
1.593048,0.658002,8.446364,0.155920,0.126214,0.185615,1.071579,0.837129,0.772675,0.235875,RUNNING
1.062228,1.170384,8.633830,0.169348,0.126016,0.229084,0.601697,0.214176,0.761037,0.378723,RUNNING
0.973604,1.373832,8.944413,0.115897,0.207867,0.218933,0.763420,0.573878,1.461354,0.356562,RUNNING
0.899220,0.507754,9.219172,0.164274,0.208002,0.217372,1.065348,1.355748,1.296373,0.382877,RUNNING
1.262232,0.408309,9.124576,0.082709,0.114746,0.214060,0.586782,0.171780,0.780947,0.119305,RUNNING
0.745038,0.867790,8.501898,0.116253,0.107379,0.119579,1.023889,1.227639,0.987959,0.220798,RUNNING
1.939326,0.374033,10.459780,0.057903,0.135093,0.212661,1.439155,0.750022,1.483267,0.324204,RUNNING
1.124108,1.156611,9.341991,0.040720,0.184663,0.284890,1.025527,0.130703,1.391648,0.503980,RUNNING
1.179394,0.645683,8.300782,0.229632,0.134328,0.150200,0.957820,1.140613,0.823162,0.149719,RUNNING
0.790011,1.091031,8.217159,0.175865,0.176341,0.193875,0.519608,0.802296,0.865078,0.288615,RUNNING
0.483373,0.485581,9.159130,0.143236,0.140538,0.255267,1.253288,0.172822,1.138934,0.278638,RUNNING
1.556652,0.609200,9.226686,0.101160,0.061782,0.265321,1.013300,1.708824,1.153509,0.336131,RUNNING
0.722484,0.613829,9.549011,0.118526,0.071566,0.242147,0.809930,0.772466,1.326818,0.524024,RUNNING
1.215644,0.084589,9.685920,0.141774,0.238103,0.201978,0.891947,0.210916,1.080915,0.443760,RUNNING
0.279842,0.911047,8.313357,0.258687,0.070004,0.172413,1.190971,0.615558,0.817573,0.364204,RUNNING
1.186031,0.689373,9.724737,0.130883,0.134723,0.249313,1.459727,0.644660,1.393532,0.332488,RUNNING
1.533717,0.696431,9.274612,0.129017,0.111037,0.221883,1.138142,1.304170,1.236889,0.317592,RUNNING
1.176185,1.165184,8.010544,0.190141,0.137903,0.183464,1.197108,0.931978,1.455449,0.264175,RUNNING
0.793751,1.519216,9.085452,0.174384,0.191625,0.147783,1.309739,1.212780,0.625831,0.405059,RUNNING
0.998725,0.840949,8.879311,0.169933,0.207173,0.178227,1.191636,0.881074,1.443029,0.290663,RUNNING
-0.062114,0.819021,8.841202,0.082015,0.073128,0.258606,1.446656,0.792353,0.971288,0.189442,RUNNING
0.851079,0.271696,9.144336,0.138558,0.225998,0.260054,0.955862,0.521546,1.586864,0.116126,RUNNING
1.519179,0.710949,7.133359,0.169529,0.118529,0.137496,0.847946,0.998586,1.484245,0.280358,RUNNING
1.232511,0.206669,8.914083,0.209134,0.239262,0.224286,0.802472,1.161151,0.906996,0.440817,RUNNING
0.964579,0.593559,8.911348,0.150776,0.076765,0.162889,1.098171,0.752498,0.999689,0.597780,RUNNING
1.078458,1.265340,8.477748,0.138770,0.123496,0.256548,0.555057,1.341570,1.589276,0.376918,RUNNING
0.895454,1.094473,10.023344,0.056850,0.077963,0.159840,0.768879,1.042328,0.734692,0.268055,RUNNING
1.439068,0.553407,9.708554,0.127615,0.184032,0.176303,0.896562,1.116544,1.106462,0.315571,RUNNING
0.411495,0.495092,10.366445,0.216124,0.198000,0.252934,0.958553,1.017838,1.225082,0.225823,RUNNING
1.195042,1.303539,8.396234,0.223420,0.190765,0.292080,0.696383,1.202021,0.977021,0.281007,RUNNING
1.254060,0.863320,9.047073,0.114637,0.118221,0.241865,0.708952,1.181427,1.042717,0.457241,RUNNING
0.912854,1.089631,8.687669,0.138189,0.113737,0.221244,1.394132,0.837427,1.306396,0.299981,RUNNING
1.667576,0.856592,10.044104,0.249462,0.130157,0.271096,0.837587,0.971826,1.202166,0.339595,RUNNING
1.319801,1.252217,8.799302,0.147005,0.126776,0.201006,0.902354,1.159822,1.369765,0.254895,RUNNING
1.257020,0.960152,9.728268,0.111600,0.220709,0.223074,0.677331,0.748435,1.475057,0.440662,RUNNING
1.262325,0.574881,9.387383,0.076603,0.128475,0.219863,1.238056,1.104483,1.346590,0.295101,RUNNING
0.792049,1.007054,8.360007,0.135195,0.174402,0.177319,1.208645,0.872868,1.404383,0.341147,RUNNING
1.259337,0.688183,10.222686,0.176786,0.056816,0.132888,1.781881,0.936189,1.273459,0.268589,RUNNING
0.833648,0.258449,9.133910,0.160070,0.128829,0.107313,0.939958,0.415336,1.223489,0.142105,RUNNING
0.636829,0.920709,9.176770,0.164815,0.149082,0.222548,1.417807,1.040672,1.037255,0.400692,RUNNING
0.961270,1.228317,7.843626,0.149840,0.181623,0.235416,0.180683,0.414599,1.177258,0.291835,RUNNING
1.461069,1.059075,9.437224,0.136705,0.149614,0.248585,1.450572,1.067744,1.541945,0.321033,RUNNING
0.954656,0.916575,9.557590,0.180649,0.173836,0.124538,0.870372,1.150889,0.898694,0.402918,RUNNING
1.387957,0.833484,9.407936,0.214512,0.135997,0.220100,1.266706,0.534309,1.069163,0.322467,RUNNING
0.972502,0.919652,9.200436,0.097902,0.132543,0.211484,1.030661,0.752221,0.948161,0.237761,RUNNING
0.705709,1.702949,9.673805,0.233834,0.235024,0.285835,1.278170,1.169062,1.793058,0.342856,RUNNING
1.340915,1.053805,8.371862,0.101322,0.145316,0.169161,0.856660,0.936463,1.187118,0.444190,RUNNING
1.247197,0.603689,9.111723,0.118449,0.152001,0.146825,1.403566,0.634862,0.988620,0.268502,RUNNING
0.898123,0.771583,9.741721,0.102535,0.143937,0.188850,0.535793,1.111683,1.771972,0.315887,RUNNING
1.448074,0.077651,9.725002,0.180700,0.141801,0.144148,1.178794,0.990953,0.747072,0.335906,RUNNING
1.491815,0.143590,9.116959,0.100919,0.130468,0.165345,0.546731,0.926832,1.386115,0.385347,RUNNING
0.923954,0.018938,8.229165,0.122626,0.170752,0.157065,1.246261,0.233081,1.760216,0.350604,RUNNING
0.779584,0.864654,8.941962,0.166379,0.081351,0.211048,1.055168,0.948672,1.287841,0.359952,RUNNING
1.503554,0.900395,8.280979,0.112337,0.136542,0.281747,1.035115,0.664570,1.222987,0.294999,RUNNING
1.710331,1.064759,9.266059,0.141855,0.202188,0.193031,0.813205,1.074432,1.300717,0.215664,RUNNING
1.205600,0.980548,9.047569,0.246555,0.086893,0.278861,1.458798,1.217355,0.977513,0.360393,RUNNING
0.851165,0.559035,9.369083,0.063257,0.200134,0.214875,1.177874,1.140660,1.695623,0.367866,RUNNING
0.869788,0.604918,8.680335,0.196336,0.128188,0.205117,1.112545,0.578800,1.529203,0.276917,RUNNING
0.557329,0.811011,8.755059,0.169552,0.230950,0.274121,0.529164,1.256302,0.831460,0.311800,RUNNING
1.026247,0.855615,9.057355,0.107523,0.167969,0.182134,1.069655,1.140506,1.318114,0.310062,RUNNING
1.140633,1.108945,8.942012,0.147342,0.049034,0.194809,0.798373,0.723012,0.903208,0.200975,RUNNING
1.162353,0.950170,8.797746,0.145632,0.122323,0.215448,0.607460,1.189237,1.132229,0.367171,RUNNING
1.548712,0.131035,9.237720,0.117442,0.199233,0.174809,1.254268,0.792305,0.639325,0.237893,RUNNING
1.337796,0.509553,9.930539,0.162831,0.210891,0.262663,0.804142,0.555144,1.414584,0.331471,RUNNING
1.332187,0.469813,10.143776,0.239081,0.128829,0.115514,0.672900,0.662261,0.889806,0.209150,RUNNING
0.629834,0.679043,9.706935,0.130986,0.172507,0.125048,1.199524,0.783250,0.883997,0.439520,RUNNING
1.959008,0.425484,8.412545,0.147732,0.072604,0.216960,1.141679,1.011497,1.323657,0.348011,RUNNING
0.809911,0.953513,8.591585,0.171735,0.065004,0.161133,1.122326,1.068749,1.326670,0.390853,RUNNING
1.959334,0.791712,8.453525,0.100071,0.180375,0.063191,0.829840,1.034715,1.372333,0.384543,RUNNING
0.871138,0.618032,9.180422,0.224869,0.097237,0.155852,0.981728,0.925424,0.683118,0.372177,RUNNING
1.057335,1.070929,9.057788,0.070153,0.100813,0.220581,1.639311,0.850930,1.296156,0.436863,RUNNING
1.220274,1.056051,9.852616,0.198684,0.129980,0.158099,1.143424,0.789087,1.115398,0.201739,RUNNING
1.718512,0.963510,8.967190,0.104833,0.133755,0.182129,0.532809,1.045450,0.691204,0.471305,RUNNING
0.807837,0.745035,9.628244,0.154655,0.100204,0.153339,1.144516,0.729534,1.563929,0.255805,RUNNING
1.297444,0.592511,9.660606,0.196183,0.227081,0.145467,1.107740,1.355850,1.320872,0.090506,RUNNING
0.028486,0.903469,9.659689,0.197418,0.227210,0.228104,0.788299,0.936402,0.910393,0.200057,RUNNING
1.554547,0.645652,8.945657,0.122300,0.172033,0.111784,0.974647,0.815502,1.587007,0.390938,RUNNING
1.351858,1.058083,8.498767,0.187352,0.134499,0.243240,1.088905,0.014314,1.571361,0.127675,RUNNING
0.764064,0.434526,9.513798,0.145840,0.119346,0.154024,0.847889,0.319949,1.048478,0.130591,RUNNING
1.666802,0.557579,9.188615,0.116208,0.200958,0.135463,1.021194,0.959397,1.199883,0.196503,RUNNING
1.919413,0.550035,9.142566,0.074006,0.148879,0.091161,0.644863,0.399582,1.818652,0.224303,RUNNING
0.663475,0.680320,8.600371,0.102349,0.191852,0.184987,1.282966,1.124635,1.534747,0.337879,RUNNING
1.355429,0.852813,8.779399,0.185222,0.066806,0.241872,0.967440,1.091580,1.086571,0.259781,RUNNING
1.361326,0.677619,9.567022,0.092777,0.116095,0.192701,0.946560,0.931282,1.490304,0.332560,RUNNING
1.386523,0.441891,8.025577,0.102544,0.158147,0.182551,0.652152,0.434396,1.708775,0.281895,RUNNING
0.817284,0.955699,8.042830,0.099423,0.164304,0.146476,1.258894,1.368514,1.141716,0.307988,RUNNING
1.108031,0.936843,9.407954,0.114939,0.142298,0.227975,1.597854,0.704724,1.184854,0.463539,RUNNING
0.690057,0.585454,8.289550,0.204589,0.104905,0.244001,0.598028,0.635010,1.462801,0.420004,RUNNING
1.567161,1.284578,8.384623,0.156167,0.168311,0.090474,0.752293,1.051489,1.270878,0.087285,RUNNING
0.998513,0.425633,8.442177,0.148284,0.143988,0.218830,0.922624,0.513507,0.888048,0.326404,RUNNING
0.877276,0.990563,8.484410,0.146518,0.162615,0.151377,1.115643,0.977533,1.229349,0.163849,RUNNING
1.289398,1.120449,8.948012,0.054442,0.127755,0.165979,0.433066,0.791289,0.972014,0.344958,RUNNING
1.918075,0.623474,9.171209,0.123318,0.187327,0.204627,0.834430,1.054431,0.784166,0.539811,RUNNING
1.500784,1.757768,8.777834,0.181868,0.120642,0.257028,1.049477,1.021654,1.378120,0.371377,RUNNING
1.894979,1.520064,8.471437,0.158763,0.142769,0.098853,0.794407,0.701544,1.052969,0.249081,RUNNING
0.581867,0.567414,9.804640,0.244967,0.183828,0.185908,1.184957,0.500104,0.841968,0.180071,RUNNING
1.397322,-0.045499,8.571447,0.142560,0.146622,0.104384,1.069776,1.021411,1.284156,0.131883,RUNNING
0.697682,0.277014,9.850311,0.117801,0.124990,0.226410,0.893662,0.610976,1.527517,0.370078,RUNNING
1.865571,0.809893,9.039190,0.178095,0.129272,0.129035,1.323718,0.828277,1.052382,0.322644,RUNNING
0.809921,1.306657,8.664447,0.185717,0.220459,0.125395,1.178126,0.857883,1.237530,0.315588,RUNNING
1.481547,0.932480,8.762272,0.180181,0.156248,0.120175,1.488021,0.625433,1.308865,0.345814,RUNNING
0.195275,0.771207,9.356225,0.097302,0.209690,0.163408,0.993479,0.860620,1.669911,0.462820,RUNNING
1.789443,0.678001,9.688828,0.133775,0.161936,0.215255,1.162642,1.343437,1.186370,0.288078,RUNNING
1.266812,0.837881,9.738889,0.095026,0.253386,0.210579,1.087703,1.341691,0.291598,0.238695,RUNNING
1.739283,0.473287,8.683932,0.161183,0.168178,0.155595,1.113180,0.658030,1.540946,0.254691,RUNNING
0.962697,0.914001,8.410254,0.072443,0.125249,0.166925,1.385344,1.597559,1.427078,0.290242,RUNNING
1.664306,1.329955,8.443923,0.105171,0.074316,0.131154,1.035279,0.962687,1.093285,0.335621,RUNNING
1.203692,0.243101,9.307615,0.170376,0.098425,0.234015,0.730304,1.166320,0.582270,0.462573,RUNNING
1.722631,0.930380,9.355727,0.162807,0.137870,0.213083,0.882586,0.608772,0.948111,0.223353,RUNNING
1.358455,1.022662,7.921142,0.187039,0.163596,0.332351,0.924171,0.916307,1.575782,0.486456,RUNNING
1.016145,0.302161,9.710189,0.188315,0.112854,0.217892,1.678336,0.428816,0.909099,0.300756,RUNNING
1.117513,1.037335,9.118913,0.173139,0.099603,0.132927,0.516057,1.115047,1.116713,0.552002,RUNNING
1.136253,0.521558,8.413470,0.136314,0.133979,0.222213,1.037296,0.681355,1.719072,0.207750,RUNNING
0.823213,0.167607,9.974237,0.184209,0.134510,0.062327,0.806177,1.224648,1.135916,0.306390,RUNNING
1.055556,1.221107,9.106088,0.073781,0.059568,0.167974,1.261018,0.844221,0.766401,0.273846,RUNNING
1.326227,0.707399,8.611367,0.158614,0.126407,0.217334,1.095116,1.367806,1.034937,0.288883,RUNNING
0.676244,0.648121,9.082682,0.067960,0.126038,0.272795,0.972811,1.347501,1.707376,0.412238,RUNNING
1.492973,0.730528,8.929424,0.123255,0.121402,0.231681,0.992027,1.060027,0.567932,0.378724,RUNNING
1.495010,0.747438,9.514047,0.225900,0.084917,0.131876,0.905854,1.069947,1.428690,0.372384,RUNNING
0.928267,0.536217,9.247876,0.100574,0.105533,0.301210,0.910126,1.078762,1.394367,0.275297,RUNNING
1.266427,0.074043,8.728602,0.050454,0.120566,0.158221,0.785297,0.596863,1.002993,0.374045,RUNNING
1.471424,0.526878,9.154827,0.162034,0.114481,0.269181,1.069943,0.987994,1.100341,0.198216,RUNNING
1.126559,1.059581,8.313924,0.205801,0.144170,0.225171,1.187812,0.855467,1.463562,0.337482,RUNNING
1.437050,1.426693,9.122714,0.183877,0.138181,0.234946,1.088974,1.093677,1.377057,0.137229,RUNNING
1.155220,1.385662,9.240720,0.087143,0.118829,0.187794,1.096577,0.761568,0.698842,0.196332,RUNNING
0.931778,-0.175456,8.874769,0.233523,0.130723,0.209340,0.909533,1.328133,1.281569,0.323287,RUNNING
1.147455,0.991707,9.249682,0.221278,0.112250,0.291344,0.596018,1.166663,0.500569,0.464175,RUNNING
0.430713,1.392339,8.605424,0.114813,0.153307,0.201776,0.750917,1.531584,0.960737,0.232388,RUNNING
0.957739,1.174271,8.279189,0.198746,0.244040,0.237973,1.159683,1.302486,1.138767,0.198997,RUNNING
1.105915,0.781642,9.476479,0.137399,0.120871,0.124043,0.942027,0.664153,0.974261,0.172573,RUNNING
0.726913,1.084909,8.645195,0.099625,0.259084,0.238622,1.231649,1.245085,1.097040,0.109005,RUNNING
1.448811,0.874001,8.312849,0.119027,0.128804,0.178194,0.605045,0.814782,1.624324,0.387584,RUNNING
1.953130,0.826539,8.508767,0.156905,0.005479,0.228085,0.752117,1.073328,1.246837,0.184428,RUNNING
1.250862,0.159958,8.661307,0.162232,0.202797,0.191782,0.773224,1.091714,1.088942,0.400635,RUNNING
2.142244,0.025104,8.928037,0.238513,0.242546,0.240698,1.447531,1.540472,1.338056,0.286928,RUNNING
1.384023,0.798039,9.088414,0.215421,0.170099,0.251854,0.737319,0.930721,0.495339,0.391628,RUNNING
1.115270,0.500518,8.122495,0.203644,0.179224,0.175145,0.549222,0.896216,0.753850,0.205666,RUNNING
1.070169,0.759538,8.668897,0.256977,0.083958,0.223080,1.111296,1.268088,1.416869,0.340673,RUNNING
1.832750,1.516977,9.045900,0.164403,0.162373,0.232361,0.986025,1.101360,1.345252,0.362640,RUNNING
0.877232,0.705056,9.409433,0.172178,0.192826,0.228756,0.777925,0.505455,1.429965,0.208876,RUNNING
1.237156,1.040292,9.084482,0.169936,0.196101,0.274175,0.978736,0.935656,0.944518,0.384859,RUNNING
1.282030,0.839819,9.716901,0.160958,0.134973,0.244828,0.627625,1.352721,1.267118,0.142674,RUNNING
1.051642,0.664419,9.510742,0.118155,0.130989,0.199614,0.498620,0.742744,1.224191,0.365720,RUNNING
1.045508,0.282798,8.644809,0.128185,0.163153,0.312956,0.683591,0.848582,1.139816,0.461121,RUNNING
1.568051,0.471987,9.717411,0.038834,0.032179,0.264831,1.012609,0.822817,1.635485,0.130840,RUNNING
0.975740,0.765155,7.971994,0.080136,0.159831,0.149977,0.844992,0.610230,1.295525,0.191978,RUNNING
0.981726,1.534561,8.939877,0.193013,0.143554,0.162641,1.477623,1.470690,0.764029,0.426411,RUNNING
1.655221,0.425463,8.320411,0.212756,0.109596,0.201419,1.434356,0.321096,1.063281,0.409073,RUNNING
1.207336,0.663465,8.599427,0.092206,0.120433,0.186799,0.927476,0.497810,1.499362,0.374501,RUNNING
1.222385,0.599649,8.900953,0.132585,0.147394,0.179359,1.135685,0.487098,1.350534,0.354997,RUNNING
0.801653,0.694409,9.503491,0.146311,0.211928,0.187551,0.996563,1.299779,1.163679,0.224740,RUNNING
0.433112,0.786075,8.676077,0.177815,0.159552,0.226214,1.193951,1.109584,1.387617,0.320472,RUNNING
0.814551,1.129353,8.269246,0.101950,0.115717,0.264000,0.937854,1.141268,1.719579,0.204601,RUNNING
1.017450,0.481181,7.794054,0.047337,0.198236,0.164301,1.159237,0.748607,1.260114,0.420050,RUNNING
1.515137,0.596645,8.014860,0.130191,0.163350,0.132286,1.249757,0.691560,1.512778,0.323699,RUNNING
1.549085,1.151012,9.063795,0.125630,0.155614,0.238807,0.789842,0.992822,0.863446,0.289871,RUNNING
1.354941,0.880862,9.813074,0.153573,0.176281,0.172589,1.676195,1.003367,1.512220,0.083176,RUNNING
1.539185,1.100381,9.011388,0.121547,0.054082,0.220411,1.587929,1.087750,1.323992,0.326931,RUNNING
1.601094,0.484282,8.267393,0.171582,0.330481,0.223960,1.293727,1.054519,0.751064,0.198185,RUNNING
1.891964,0.686458,10.181724,0.092854,0.200426,0.174423,0.965826,0.723293,1.170560,0.305395,RUNNING
1.056989,1.420101,9.473538,0.120716,0.261911,0.248048,0.768606,0.805761,1.104412,0.367874,RUNNING
1.388148,0.806147,8.167191,0.207319,0.186048,0.116067,0.745091,0.880702,1.116709,0.404544,RUNNING
0.847702,1.469913,8.956263,0.143909,0.154890,0.175996,1.034427,0.603933,1.438216,0.307655,RUNNING
1.029465,0.745658,8.811604,0.281196,0.288256,0.244060,0.417982,0.755397,0.844356,0.183296,RUNNING
1.495638,0.351208,8.007366,0.106977,0.119537,0.207173,0.443991,0.584039,1.275369,0.207490,RUNNING
0.978786,0.453539,10.172907,0.155748,0.137511,0.185388,1.288405,1.046311,1.154355,0.318969,RUNNING
1.197850,0.928773,8.161848,0.144126,0.180515,0.204176,0.974059,1.019004,1.047634,0.454094,RUNNING
1.295539,0.409532,9.098228,0.169195,0.160664,0.142823,0.912086,1.038321,0.743222,0.301224,RUNNING
1.357470,0.741588,8.817601,0.062318,0.101279,0.261243,1.503202,1.018464,1.491442,0.307703,RUNNING
1.238374,1.012083,9.800540,0.121197,0.078048,0.157479,1.144391,0.907203,0.660864,0.242367,RUNNING
1.002829,0.863723,9.665035,0.215241,0.190420,0.237955,1.416476,0.938777,1.181989,0.332663,RUNNING
1.185207,0.684712,9.224878,0.107921,0.125242,0.164799,1.203941,0.805021,1.631046,0.198382,RUNNING
0.933016,0.665562,8.020104,0.142277,0.148529,0.158459,0.795832,1.096519,1.249004,0.094183,RUNNING
0.936982,1.242782,8.689234,0.116318,0.126424,0.212462,1.040022,1.047238,1.006134,0.348792,RUNNING
0.865587,0.879570,8.569510,0.122937,0.249282,0.252394,0.168963,1.145842,1.543980,0.307029,RUNNING
0.381845,1.141946,8.193851,0.092127,0.111311,0.190329,0.688280,1.079523,1.619666,0.229559,RUNNING
0.808744,0.858999,8.540053,0.073428,0.075090,0.174754,0.045236,1.158227,0.994784,0.295790,RUNNING
0.761431,0.613310,9.300535,0.117523,0.076240,0.171037,1.065204,0.692648,0.879272,0.349009,RUNNING
1.184909,0.690528,8.381579,0.162805,0.138545,0.202265,1.151438,1.185698,1.119845,0.400313,RUNNING
0.786799,0.296165,9.352994,0.154158,0.119350,0.238480,1.328357,1.155310,1.414325,0.310953,RUNNING
1.919571,0.690515,9.643569,0.237256,0.168824,0.217542,1.028971,0.876915,1.928470,0.363318,RUNNING
0.583665,0.828319,8.990211,0.056814,0.205681,0.138016,0.960704,1.177983,1.330290,0.304402,RUNNING
1.104689,0.993649,8.646079,0.185498,0.100159,0.203038,0.991562,1.428742,1.414556,0.499178,RUNNING
0.978084,0.596916,8.983533,0.064984,0.126269,0.210835,1.551871,0.820565,1.165083,0.231810,RUNNING
1.012108,0.490978,9.143799,0.131228,0.076460,0.246754,1.051881,1.361059,1.239220,0.190799,RUNNING
2.002449,0.809081,9.144482,0.111065,0.169115,0.085698,1.555427,0.553529,1.672924,0.237254,RUNNING
1.148522,1.202890,8.887914,0.154606,0.094266,0.254576,1.223001,0.902194,1.416306,0.231380,RUNNING
1.212108,0.692026,10.373060,0.211727,0.172298,0.179297,0.668272,0.716987,0.604321,0.319642,RUNNING
1.376051,0.908415,9.743393,0.141247,0.030418,0.237753,1.029870,0.649306,1.126259,0.211493,RUNNING
1.726117,1.220904,8.954458,0.149057,0.292548,0.199562,1.301091,0.767203,1.385615,0.196970,RUNNING
0.153856,0.402546,9.278707,0.105069,0.181831,0.172590,1.174198,0.658866,1.239053,0.381171,RUNNING
1.287281,0.703458,8.929088,0.136981,0.169621,0.195584,0.674456,1.159909,1.276971,0.128889,RUNNING
1.622409,1.203219,10.115093,0.130268,0.183234,0.225670,1.084107,0.840360,1.165146,0.324714,RUNNING
1.602751,0.413337,8.858465,0.140265,0.255397,0.239117,1.078706,0.742042,1.877441,0.307354,RUNNING
0.763778,0.973617,8.765670,0.173431,0.135323,0.253397,1.183525,0.756953,0.922125,0.266980,RUNNING
1.398422,0.870033,8.030938,0.128575,0.194038,0.165059,1.251238,0.776066,1.225541,0.366972,RUNNING
0.836238,0.392132,10.210229,0.165290,0.127595,0.157859,1.196922,0.815295,1.233728,0.263092,RUNNING
1.135556,0.735917,7.825739,0.072961,0.137929,0.164637,0.562016,0.884426,1.239265,0.269396,RUNNING
1.911556,1.487799,8.480380,0.138428,0.242711,0.262445,1.126025,0.886297,0.749149,0.352999,RUNNING
1.831929,0.745732,8.351649,0.015493,0.146737,0.142775,0.556121,0.916299,1.215660,0.280868,RUNNING
1.112724,1.050942,7.920594,0.110785,0.109392,0.133247,0.773690,0.870046,1.183880,-0.021240,RUNNING
1.946245,0.994710,7.678662,0.078207,0.194103,0.278329,1.233133,0.918463,1.181485,0.201629,RUNNING
1.105317,0.991866,9.094655,0.172615,0.111887,0.211592,0.607666,1.406929,1.525193,0.136773,RUNNING
1.669985,0.429252,8.796085,0.117143,0.165307,0.115091,0.652141,1.196923,1.582463,0.279041,RUNNING
0.971664,1.325724,8.916368,0.103639,0.145805,0.189226,1.445065,0.999576,1.038278,0.354878,RUNNING
1.405062,1.584461,10.248928,0.160106,0.254270,0.205067,1.209409,1.121228,1.325511,0.345936,RUNNING
1.202304,0.933566,8.427848,0.206864,0.189332,0.215653,1.476177,0.750212,1.633098,0.372670,RUNNING
1.341587,0.539838,8.790400,0.122288,0.141270,0.250759,1.400767,0.919927,1.570440,0.059101,RUNNING
1.794964,0.823781,8.954227,0.096220,0.154326,0.189063,0.762901,1.073675,1.608914,0.208391,RUNNING
1.150775,-0.016478,8.613544,0.166127,0.160962,0.230734,0.441219,0.689260,1.372331,0.302461,RUNNING
1.181105,0.674477,9.806145,0.184107,0.145822,0.203811,0.744345,0.727937,1.248121,0.270936,RUNNING
1.484804,1.230456,9.088769,0.183538,0.184988,0.203034,1.008018,0.854285,0.520728,0.243528,RUNNING
0.610537,1.013296,8.689549,0.145959,0.110619,0.195803,0.759778,1.056298,1.203010,0.390368,RUNNING
1.477970,1.744363,8.169972,0.059231,0.157949,0.159250,0.605365,0.907060,0.722707,0.439980,RUNNING
1.273214,1.029134,8.540631,0.337960,0.181158,0.184162,0.875421,1.070928,1.489279,0.408881,RUNNING
1.334764,1.013256,8.476160,0.171147,0.175706,0.217709,1.003360,0.483059,1.348690,0.477964,RUNNING
0.802423,0.159732,8.957885,0.169289,0.141252,0.137118,1.299971,0.802440,1.246297,0.327566,RUNNING
1.387129,0.582514,8.970392,0.202398,0.037506,0.176351,1.581958,1.085053,1.488564,0.385938,RUNNING
1.081668,1.217744,8.024879,0.189037,0.133660,0.229065,0.821287,0.786547,1.449748,0.329220,RUNNING
0.957009,1.830897,8.134907,0.242871,0.078267,0.216186,1.046835,1.146347,1.079557,0.200288,RUNNING
1.242861,0.499532,9.385644,0.111073,0.167476,0.251913,0.713793,0.636596,1.150330,0.280552,RUNNING
1.690247,0.742907,8.779309,0.098002,0.175831,0.163618,0.934863,0.170338,1.379876,0.335919,RUNNING
0.854534,0.161738,9.183604,0.160299,0.157822,0.124075,0.836900,1.450337,1.276510,0.488016,RUNNING
1.720505,0.941433,8.525983,0.131769,0.212618,0.232798,1.060074,1.120315,1.530883,0.285567,RUNNING
1.323725,0.719527,8.723479,0.161329,0.077909,0.186167,0.966503,0.701910,1.802629,0.566928,RUNNING
0.925741,0.838600,9.298524,0.219053,0.146952,0.111084,1.324124,0.699242,1.385991,0.165382,RUNNING
1.330472,0.309565,8.600085,0.211803,0.187739,0.194391,0.992104,0.837384,1.051333,0.222825,RUNNING
1.006254,1.046806,10.079882,0.184948,0.150080,0.328546,1.003438,0.933719,0.559699,0.201278,RUNNING
1.281096,0.657312,8.697082,0.150974,0.145508,0.249520,0.878689,0.911624,1.019198,0.479745,RUNNING
1.487633,0.473609,9.365063,0.091669,0.179336,0.200165,0.624271,0.281406,1.449275,0.375143,RUNNING
0.904742,0.890540,9.752795,0.178389,0.200555,0.274430,0.929849,1.073473,1.035231,0.411889,RUNNING
1.128737,0.248310,7.778593,0.081768,0.196341,0.094917,1.368470,1.135782,1.009959,0.225381,RUNNING
1.293844,0.752599,8.426866,0.150755,0.144018,0.194180,0.937725,0.770534,0.881029,0.187641,RUNNING
1.683211,1.027987,8.999525,0.123204,0.130744,0.193431,0.886090,1.098375,1.096560,0.336842,RUNNING
1.215116,0.275017,8.460200,0.153691,0.127310,0.185234,1.449559,0.548876,1.239811,0.329017,RUNNING
1.621479,1.538024,9.726103,0.162975,0.219118,0.213816,0.799995,0.460374,1.374896,0.364060,RUNNING
1.150624,0.943627,8.829281,0.034015,0.184786,0.296184,0.436978,0.503491,1.126592,0.452445,RUNNING
1.195902,1.144051,9.916739,0.151642,0.131677,0.194042,1.263550,0.536984,1.622231,0.314327,RUNNING
1.418295,0.305575,6.739223,0.210530,0.129409,0.196278,0.985572,1.114929,1.682582,0.321878,RUNNING
0.698798,1.219517,9.633292,0.137341,0.128275,0.225666,0.961736,1.388183,0.960670,0.286817,RUNNING
0.609192,0.765922,8.561415,0.159497,0.197240,0.277598,1.181684,0.314684,1.026501,0.420346,RUNNING
1.565403,0.829198,9.329952,0.179853,0.174634,0.117655,0.937898,1.198447,1.139162,0.572823,RUNNING
0.330863,0.897426,9.090717,0.184300,0.144480,0.194485,0.657378,1.342292,0.869860,0.280601,RUNNING
1.345667,0.689348,9.120351,0.171708,0.168335,0.186075,0.528924,1.052983,1.355708,0.616930,RUNNING
1.689256,-0.011573,8.469590,0.056955,0.158732,0.237592,0.823601,0.781767,0.991476,0.416184,RUNNING
0.473144,0.600161,8.390103,0.135636,0.145896,0.239012,0.557728,1.003433,1.759253,0.403669,RUNNING
1.276401,0.287216,8.664582,0.139887,0.156047,0.144514,0.923333,0.925127,1.690877,0.266240,RUNNING
1.611133,1.050035,9.187918,0.183505,0.190723,0.188819,0.763814,0.640358,1.161015,0.427787,RUNNING
1.018981,0.960558,8.744733,0.111051,0.205208,0.198533,0.761967,0.421663,1.084962,0.428996,RUNNING
1.187147,0.664855,8.764225,0.072229,0.229682,0.259753,1.187041,1.180919,1.115695,0.436216,RUNNING
1.103509,0.725892,9.523631,0.126499,0.181422,0.204136,1.395248,1.202818,0.987750,0.259587,RUNNING
1.079398,0.587095,8.532880,0.111682,0.148165,0.294331,1.193271,0.743829,0.862334,0.040483,RUNNING
0.864271,0.660689,8.477577,0.071027,0.194655,0.225450,1.360152,1.276290,1.074238,0.365496,RUNNING
0.874510,0.403761,9.671319,0.199895,0.206060,0.208291,0.979497,0.740092,1.401622,0.328859,RUNNING
1.416724,1.348369,10.079862,0.171981,0.229260,0.226595,1.083246,0.814414,1.009581,0.164609,RUNNING
2.383322,1.142772,8.236312,0.087372,0.242574,0.203197,1.230186,0.637404,0.792114,0.419232,RUNNING
2.048538,0.886356,8.479132,0.135468,0.131659,0.145829,1.119328,1.100679,1.169856,0.082499,RUNNING
0.763186,0.928047,9.668878,0.123319,-0.002182,0.232186,1.092567,0.860249,0.784745,0.232939,RUNNING
1.158399,0.791705,7.685775,0.070125,0.079930,0.153843,1.222045,1.087571,1.430326,0.210566,RUNNING
1.185206,0.055167,7.381208,0.223736,0.185321,0.193974,0.696752,1.178826,1.201370,0.410797,RUNNING
1.164918,0.640966,9.992034,0.198811,0.145084,0.241413,1.048459,0.947676,1.444889,0.195516,RUNNING
0.866836,1.115347,9.298871,0.110299,0.203460,0.193138,1.069473,1.052272,1.448482,0.202551,RUNNING
0.635878,0.178847,9.487765,0.124849,0.159068,0.216715,0.958497,0.504262,1.147673,0.267924,RUNNING
1.143249,0.692512,9.008975,0.143700,0.125404,0.159060,1.107258,1.019019,1.414964,0.325129,RUNNING
1.531569,0.338000,9.350477,0.161146,0.228479,0.125023,0.519071,1.369940,0.925080,0.287322,RUNNING
0.661126,0.646078,8.727449,0.127894,0.160986,0.269065,0.838659,1.002045,1.242021,0.377742,RUNNING
0.897894,0.626616,9.845835,0.115299,0.073198,0.181398,0.802248,1.046133,1.230617,0.212818,RUNNING
1.351764,1.047156,8.864456,0.189825,0.137770,0.173460,0.958587,0.886521,1.320921,0.496193,RUNNING
0.623520,0.699227,9.053347,0.191149,0.148041,0.171782,1.143620,0.858390,1.780774,0.246603,RUNNING
1.498160,0.738757,8.989173,0.189863,0.179252,0.249847,1.023083,0.268210,0.569774,0.348288,RUNNING
0.868148,0.835757,8.774476,0.123737,0.150068,0.209435,0.895140,1.130216,1.223175,0.434722,RUNNING
1.043507,0.371274,9.016881,0.191069,0.069945,0.155480,0.791001,1.100913,1.537121,0.428883,RUNNING
1.263485,0.502589,9.007423,0.153688,0.133006,0.095986,0.673267,0.672406,1.125227,0.319794,RUNNING
0.229125,1.306102,9.085990,0.155491,0.155703,0.135076,1.219071,0.247567,1.306108,0.390905,RUNNING
1.758351,0.789901,8.969143,0.279099,0.210692,0.216433,1.042040,1.269714,0.724412,0.219927,RUNNING
1.117325,0.999719,9.352151,0.166567,0.151546,0.202552,0.821945,1.344820,1.430141,0.335414,RUNNING
0.772219,0.907370,9.218339,0.155851,0.085312,0.188409,0.968777,0.591574,1.361988,0.361846,RUNNING
1.040780,0.793448,8.882627,0.156770,0.112773,0.251801,1.333526,0.629858,0.753506,0.355796,RUNNING
0.299300,0.141979,8.726098,0.174640,0.160862,0.110566,1.159512,0.909169,1.499088,0.348386,RUNNING
1.616951,1.173279,10.129293,0.217959,0.149343,0.240856,0.951057,0.577830,1.509723,0.389870,RUNNING
1.485040,0.647269,10.035114,0.187038,0.162284,0.168507,1.236171,0.404764,0.773040,0.417705,RUNNING
1.023536,0.552676,8.950790,0.145777,0.080131,0.218909,0.695735,0.976494,1.004907,0.175547,RUNNING
1.336404,1.232256,9.042220,0.078872,0.144555,0.278336,1.186267,0.767687,1.235643,0.052165,RUNNING
1.226852,0.570557,9.884803,0.170445,0.151567,0.236208,0.742242,1.014395,1.087908,0.246170,RUNNING
0.896138,1.049798,9.246198,0.186323,0.149248,0.271253,1.233430,0.982185,1.774568,0.261650,RUNNING
1.426484,0.710848,9.698881,0.184886,0.206891,0.223780,1.261045,0.322693,0.980030,0.174816,RUNNING
1.000799,0.752133,8.918996,0.066373,0.124913,0.288615,1.190515,0.878147,1.050058,0.418404,RUNNING
0.995166,0.753804,8.813380,0.200757,0.176154,0.231273,1.141924,1.155566,1.381017,0.282779,RUNNING
0.775212,-0.412576,8.798038,0.165368,0.183275,0.190816,0.779152,1.337974,1.653540,0.358513,RUNNING
0.139794,1.253016,9.525091,0.138872,0.177947,0.102268,0.667097,0.566223,1.457827,0.293743,RUNNING
1.454925,0.726632,8.868578,0.109337,0.172794,0.165760,1.434366,0.899984,1.173650,0.522335,RUNNING
1.724681,0.799559,8.783703,0.124804,0.241383,0.170604,1.408877,1.252237,1.416867,0.185021,RUNNING
1.154444,1.649308,8.319304,0.096331,0.153628,0.275752,1.241731,0.632828,1.215623,0.181559,RUNNING
1.753688,0.408624,8.945850,0.117629,0.141242,0.251226,0.567153,1.058239,0.901294,0.299936,RUNNING
1.310864,0.174602,9.441361,0.228692,0.148129,0.209396,1.173709,0.781732,1.300363,0.240773,RUNNING
1.175467,0.866267,7.636105,0.212617,0.183396,0.244145,0.586724,0.885783,1.119577,0.263888,RUNNING
0.924237,0.634265,9.185862,0.171373,0.161277,0.213093,0.673008,0.626993,0.967473,0.129288,RUNNING
1.714889,0.793770,9.206197,0.242510,0.216889,0.162496,1.179249,0.301682,1.585685,0.055927,RUNNING
1.758832,0.582116,8.593575,0.167689,0.157851,0.270347,0.813935,0.872078,1.320208,0.385087,RUNNING
1.830323,0.705350,9.760761,0.214372,0.205982,0.161971,1.066502,0.864803,1.476953,0.474912,RUNNING
1.087466,0.489362,9.150943,0.149277,0.232801,0.148586,1.200046,0.237607,1.086004,0.306592,RUNNING
1.018206,1.639748,7.638919,0.129970,0.251712,0.120772,1.156066,0.544445,1.615376,0.231013,RUNNING
1.625613,0.884562,8.246113,0.158983,0.226176,0.178483,0.932157,0.968855,1.539950,0.394358,RUNNING
1.146392,0.874504,8.395971,0.176452,0.164748,0.239174,0.771153,0.982948,0.899563,0.260437,RUNNING
0.289953,0.545382,8.946489,0.060781,0.178382,0.204259,1.232685,1.187254,0.794617,0.265370,RUNNING
1.731005,0.354357,9.328810,0.182763,0.207971,0.195571,1.276700,0.779542,1.663861,0.218479,RUNNING
0.879567,0.730993,9.548176,0.171445,0.147447,0.233342,0.503307,0.681550,1.337739,0.427902,RUNNING
1.463758,0.431684,8.774975,0.170478,0.142558,0.153893,1.217519,0.397931,1.100692,0.282644,RUNNING
1.116095,0.814478,9.110564,0.111892,0.150730,0.161057,1.160133,0.620091,1.593431,0.400982,RUNNING
1.422357,1.415115,9.673634,0.163894,0.146377,0.227514,0.699669,0.851365,1.317019,0.417272,RUNNING
0.784479,1.054965,8.317274,0.143884,0.119716,0.198520,0.937101,0.321445,1.091069,0.425875,RUNNING
1.524330,0.150407,8.399753,0.120370,0.129191,0.187458,1.261551,1.006220,0.625929,0.274534,RUNNING
0.899003,0.555755,10.069902,0.223226,0.113638,0.269358,0.995616,0.632359,1.161507,0.335245,RUNNING
0.706089,0.080022,9.041884,0.170819,0.258990,0.154366,1.295163,1.192811,1.313250,0.328516,RUNNING
0.775493,0.875052,8.437520,0.225414,0.196694,0.187481,0.512218,0.965471,1.301575,0.408175,RUNNING
1.632913,0.433781,8.976142,0.118865,0.137718,0.178008,0.988212,0.804202,0.825781,0.310637,RUNNING
1.456826,0.592544,9.796148,0.153414,0.153198,0.234380,1.300439,0.752710,1.204733,0.437824,RUNNING
0.832784,1.169137,8.169314,0.084703,0.170572,0.220499,1.017980,1.442957,1.327410,0.186657,RUNNING
1.129607,1.151782,7.692845,0.174012,0.177305,0.224859,0.906191,0.264411,1.083209,0.333616,RUNNING
0.942272,1.150863,9.425469,0.213827,0.133245,0.165851,0.837146,1.211152,1.325413,0.464157,RUNNING
1.674836,0.764007,8.963101,0.202452,0.190483,0.133697,0.584774,0.979730,1.131167,0.147143,RUNNING
1.060304,0.732863,9.411237,0.189890,0.198956,0.198148,0.873309,0.054870,0.545838,0.371325,RUNNING
1.475978,0.586106,9.003764,0.181555,0.218476,0.223360,0.820870,0.714263,1.255543,0.159939,RUNNING
1.805908,0.704851,9.216394,0.098196,0.106175,0.269020,0.986681,0.719288,0.945640,0.276537,RUNNING
0.426381,0.414850,8.939264,0.090937,0.125419,0.307277,1.288776,0.739658,1.152133,0.298527,RUNNING
1.077310,0.008775,9.227429,0.168647,0.168309,0.163186,1.165600,1.067095,1.338984,0.145759,RUNNING
1.121449,0.633254,8.381510,0.142894,0.098446,0.162517,0.871507,1.546682,0.924283,0.202072,RUNNING
0.718852,1.267915,8.504704,0.153570,0.248863,0.054051,1.195836,1.267486,1.441241,0.137017,RUNNING
1.057471,1.187606,8.583358,0.149023,0.115377,0.260938,0.559778,0.918622,1.122252,0.336852,RUNNING
0.319324,0.457316,7.957477,0.173850,0.233016,0.255921,0.945647,0.994896,1.056648,0.190518,RUNNING
1.070415,0.594699,8.504308,0.185820,0.210954,0.227423,1.251706,1.386718,1.109698,0.261578,RUNNING
1.073148,1.487405,9.071891,0.093066,0.138970,0.169383,1.158640,0.420130,1.280436,0.302218,RUNNING
0.979827,0.684847,8.789482,0.207477,0.128091,0.258934,1.343825,1.227057,1.612498,0.282252,RUNNING
1.467650,0.783613,8.835890,0.136107,0.164845,0.222029,1.103850,1.233513,1.252165,0.442594,RUNNING
0.518371,1.029268,8.773113,0.214286,0.202333,0.254432,0.917801,0.870103,1.299875,0.163534,RUNNING
1.614048,1.173399,9.207788,0.125991,0.169034,0.210778,1.182070,0.881853,1.278775,0.288570,RUNNING
1.061304,0.855851,9.160580,0.130780,0.200191,0.294638,1.110479,0.396102,1.020806,0.277412,RUNNING
1.148056,0.913041,9.212994,0.068610,0.188259,0.127137,1.057898,1.355086,0.482721,0.266831,RUNNING
0.659410,0.870367,9.136535,0.173069,0.134750,0.141430,0.570232,0.973332,0.758771,0.495162,RUNNING
0.977571,0.360830,8.378835,0.186028,0.176557,0.170426,0.852313,1.379447,1.412297,0.387124,RUNNING
1.690645,1.110258,9.632795,0.173351,0.116011,0.255312,1.142197,0.512561,0.738314,0.486898,RUNNING
1.455557,0.504303,10.774739,0.161750,0.183840,0.282358,0.684127,1.155097,1.208057,0.156308,RUNNING
1.451962,1.341690,8.765852,0.122934,0.163030,0.252244,0.954883,0.583041,1.050110,0.282558,RUNNING
1.530776,0.723110,8.647990,0.186007,0.181758,0.315742,0.776452,0.588067,1.499211,0.252700,RUNNING
0.901179,0.530357,9.633925,0.189034,0.161303,0.226140,1.093794,1.210811,1.525902,0.378760,RUNNING
1.725823,1.633034,8.480940,0.166305,0.147930,0.243294,1.040266,1.291452,0.994552,0.328806,RUNNING
1.620943,0.752198,9.639859,0.184541,0.136619,0.182567,0.852124,0.796449,1.391329,0.210558,RUNNING
1.142632,0.459109,9.809421,0.156152,0.221280,0.218606,0.998452,0.801720,1.035625,0.260968,RUNNING
1.150727,1.009692,9.386915,0.097081,0.129405,0.284580,1.052922,0.712591,1.198561,0.396119,RUNNING
1.014240,0.378277,9.076750,0.159051,0.224546,0.233602,1.011884,0.820259,1.237166,0.346486,RUNNING
1.013934,0.162642,9.608161,0.125822,0.182504,0.179166,1.207634,1.193091,1.048018,0.441506,RUNNING
2.185815,0.864493,8.170854,0.150383,0.231808,0.260782,1.370015,1.471123,1.170142,0.257068,RUNNING
1.813187,0.798522,7.454169,0.248751,0.147392,0.205986,0.645762,0.588290,1.069770,0.209878,RUNNING
1.030614,2.226779,9.565547,0.187119,0.086702,0.209957,0.956839,0.753831,1.152437,0.507052,RUNNING
0.885515,0.988156,8.368624,0.167054,0.124963,0.155662,1.315920,0.981761,1.362604,0.355217,RUNNING
0.913298,-0.032848,9.819188,0.067764,0.132981,0.221726,1.271280,0.875130,1.249859,0.375850,RUNNING
0.830694,0.789243,9.863332,0.143931,0.083208,0.247772,1.262452,0.637387,1.072063,0.175392,RUNNING
1.841514,0.429640,9.086685,0.154542,0.147953,0.177953,0.975401,0.789120,1.199512,0.291777,RUNNING
1.398913,0.943062,8.976303,0.206851,0.102678,0.209372,0.669701,1.010374,1.634943,0.373705,RUNNING
1.132226,0.540478,8.915278,0.204928,0.142386,0.107996,0.389802,0.812550,1.347198,0.321087,RUNNING
1.640092,0.666548,8.696139,0.211812,0.242782,0.181856,0.499447,1.205936,1.310187,0.303781,RUNNING
1.070901,1.048420,8.754622,0.103363,0.147924,0.179637,0.838988,0.733793,1.257266,0.370405,RUNNING
0.849542,0.233066,9.869997,0.154377,0.230922,0.202759,0.983864,0.587104,1.452521,0.216387,RUNNING
1.929855,0.895202,9.558669,0.193044,0.102725,0.333554,0.554075,0.522684,0.958336,0.178298,RUNNING
1.266167,1.805575,8.357965,0.158328,0.208960,0.302656,1.438216,0.846250,1.227478,0.457182,RUNNING
1.300626,0.773531,8.802365,0.094161,0.125804,0.152397,0.964058,1.201778,1.381316,0.269277,RUNNING
1.167619,0.608754,9.052676,0.141703,0.161339,0.281040,0.984500,0.408078,1.276848,0.398643,RUNNING
1.385036,0.374231,8.477540,0.122122,0.200045,0.242126,0.857240,1.273624,0.683240,0.516477,RUNNING
1.239955,0.784193,8.255063,0.133896,0.242609,0.192405,0.763877,1.001461,1.749925,0.286885,RUNNING
0.784425,0.472041,9.301518,0.123922,0.117196,0.160244,1.141080,0.484304,1.346892,0.354841,RUNNING
0.929931,0.282579,9.412456,0.154468,0.119697,0.221643,0.899577,1.134439,1.370335,0.215136,RUNNING
0.911577,0.202508,8.825171,0.128352,0.155438,0.148620,1.286901,0.452272,1.539450,0.295318,RUNNING
1.331463,0.740586,8.696696,0.139291,0.178451,0.262328,0.701174,1.295846,1.073048,0.055792,RUNNING
0.920655,0.834694,8.646004,0.151333,0.221566,0.134282,0.592846,0.467138,1.533313,0.230926,RUNNING
1.397565,0.438987,8.431472,0.150798,0.091843,0.274975,1.104704,1.287760,0.914625,0.311264,RUNNING
0.803370,0.415369,9.423904,0.203591,0.242994,0.176468,1.183659,1.129596,1.151409,0.242972,RUNNING
0.892670,0.875081,8.115732,0.170456,0.208117,0.301884,1.103072,0.522710,1.148476,0.536126,RUNNING
1.565752,1.183980,10.103700,0.136418,0.176858,0.219088,0.813678,0.619341,1.076699,0.195311,RUNNING
1.272890,1.357025,8.848069,0.095701,0.125026,0.182960,0.712929,1.138199,1.611824,0.188428,RUNNING
1.131688,0.005548,8.997236,0.081141,0.173547,0.119108,0.929973,1.510052,0.782043,0.365858,RUNNING
0.799313,1.011304,9.246878,0.273551,0.105107,0.104079,0.917834,0.804751,1.596886,0.318940,RUNNING
1.277016,0.823372,8.895693,0.231200,0.188267,0.205283,1.494084,0.756449,1.289287,0.288686,RUNNING
1.843880,0.448534,8.881106,0.096550,0.128109,0.307202,1.433501,1.032137,1.160576,0.250678,RUNNING
0.749424,0.676837,9.141625,0.148258,0.158222,0.164006,0.426910,1.104457,0.830618,0.087047,RUNNING
1.044652,0.086176,10.065893,0.160934,0.080789,0.226491,0.996021,1.196095,1.550098,0.444273,RUNNING
1.341345,1.321724,8.394542,0.077705,0.140770,0.218618,1.387779,0.577929,1.368419,0.278833,RUNNING
0.995751,1.908201,9.306406,0.193323,0.232947,0.275486,1.132207,0.841634,0.942494,0.289579,RUNNING
0.873170,1.064807,9.193509,0.171256,0.188523,0.297551,1.389959,0.657461,1.304119,0.352180,RUNNING
0.705671,1.114344,10.482125,0.218842,0.132205,0.152104,0.931674,0.737540,1.663593,0.227250,RUNNING
0.882459,0.531821,8.838062,0.178658,0.187168,0.157262,1.282066,0.748957,0.797077,0.241446,RUNNING
1.422008,0.491828,8.939991,0.193620,0.100481,0.117244,0.985834,0.862138,1.233640,0.286003,RUNNING
1.373693,1.382853,8.517870,0.137570,0.178793,0.200486,1.098780,0.929223,1.340503,0.324129,RUNNING
1.473851,1.612408,8.612473,0.156947,0.159855,0.197548,1.245417,0.634283,0.962469,0.254056,RUNNING
0.958398,0.807798,8.815008,0.161524,0.156274,0.122708,1.628126,1.192331,1.310804,0.375615,RUNNING
1.767335,0.494169,8.672421,0.086904,0.180143,0.295230,0.969037,0.967312,1.256202,0.083311,RUNNING
1.350108,0.625245,8.847142,0.120413,0.176060,0.212555,1.334732,0.643816,1.024911,0.365926,RUNNING
1.160923,0.921170,9.469728,0.195069,0.120451,0.236381,1.013282,1.308350,1.181938,0.291232,RUNNING
1.513169,0.399526,9.974651,0.202193,0.212557,0.240457,0.915867,0.977328,1.134985,0.218035,RUNNING
0.911231,1.798308,8.093342,0.152911,0.154134,0.250730,1.148221,0.468662,1.097950,0.301411,RUNNING
0.381561,0.377472,8.742754,0.174225,0.189206,0.186114,0.816623,0.836357,1.251686,0.208132,RUNNING
1.104589,0.812527,9.990009,0.125394,0.186109,0.145645,0.988076,0.680265,1.258484,0.223186,RUNNING
1.159566,0.677574,10.039826,0.078473,0.118830,0.240632,0.717718,0.090410,1.422875,0.346473,RUNNING
1.135583,0.840015,7.214952,0.238545,0.169348,0.123821,1.236938,0.615624,1.349738,0.224552,RUNNING
0.666329,0.878522,8.088124,0.170620,0.194818,0.218397,1.244610,0.350665,1.101380,0.318231,RUNNING
1.078946,0.721681,8.465676,0.154020,0.209668,0.119000,1.174359,1.055287,1.300528,0.499098,RUNNING
1.772331,1.004286,8.547779,0.054921,0.172806,0.171167,1.152529,1.069643,1.152701,0.299424,RUNNING
1.701153,0.717580,8.536223,0.182783,0.145318,0.239630,0.997287,1.367204,1.459059,0.285449,RUNNING
1.854898,0.402881,9.249444,0.222575,0.119910,0.198997,1.132463,1.549391,1.885819,0.170123,RUNNING
1.152311,0.311118,9.392587,0.198576,0.214244,0.266335,0.678673,0.935353,0.889533,0.252588,RUNNING
1.365744,0.964630,10.671704,0.119814,0.195994,0.234388,1.227369,0.801999,1.017279,0.278448,RUNNING
1.061456,1.199824,8.287930,0.065964,0.164584,0.155668,0.914696,0.446415,1.776924,0.383202,RUNNING
1.311786,1.298188,9.171640,0.090512,0.135721,0.244406,0.934713,1.295328,1.083729,0.313816,RUNNING
0.956652,0.571719,9.943900,0.140789,0.188217,0.108421,0.852684,0.993204,0.701790,0.218127,RUNNING
0.772052,0.262869,8.418805,0.229071,0.233713,0.215812,1.344589,0.635763,1.589946,0.264656,RUNNING
1.212351,0.772272,8.958155,0.146460,0.147545,0.165549,1.470166,0.833795,0.625070,0.287299,RUNNING
0.977046,1.025338,9.564702,0.217084,0.062433,0.185443,0.559205,0.753160,0.975864,0.132009,RUNNING
1.322570,0.574897,9.918864,0.161417,0.151264,0.220955,1.131724,1.014382,0.816088,0.308130,RUNNING
1.722022,0.599128,9.469084,0.222184,0.153676,0.132759,0.995714,0.615233,1.081101,0.303429,RUNNING
0.958149,0.399173,8.552181,0.333335,0.182607,0.111375,1.327222,0.934882,1.163451,0.277273,RUNNING
1.147635,0.402629,8.170732,0.098570,0.142317,0.281921,1.428435,1.108083,1.541282,0.387142,RUNNING
1.271605,0.379541,9.722766,0.083103,0.134988,0.206032,0.901564,1.340825,0.515284,0.320725,RUNNING
1.840624,-0.086939,9.647644,0.015210,0.130915,0.160724,1.108806,1.088455,1.273141,0.317113,RUNNING
1.070171,0.429102,9.358660,0.086385,0.152978,0.137524,0.728611,1.333767,1.088522,0.447031,RUNNING
1.254584,0.413633,9.194678,0.195473,0.109579,0.256299,1.581241,0.282020,1.731713,0.395769,RUNNING
1.601398,0.321824,8.552224,0.124196,0.221074,0.142628,0.779938,0.839703,0.704133,0.272107,RUNNING
1.028552,0.814673,10.837095,0.203884,0.067230,0.169054,0.825670,1.293767,1.254616,0.210070,RUNNING
0.994999,0.899364,9.054340,0.154468,0.209920,0.197220,0.799564,1.158595,1.127557,0.477777,RUNNING
0.728996,0.677602,8.548163,0.113799,0.138490,0.200031,0.823541,1.207863,1.123223,0.173534,RUNNING
1.056698,0.803216,8.625530,0.201165,0.155044,0.267404,0.689928,0.519023,1.089548,0.302817,RUNNING
1.189271,0.415055,9.940852,0.172221,0.156887,0.211512,0.735519,1.088417,1.161548,0.372466,RUNNING
1.704682,1.224120,8.228420,0.191343,0.184284,0.275726,1.143826,1.422728,1.315136,0.353150,RUNNING
1.265084,0.617954,8.849449,0.213074,0.131647,0.179778,0.422830,0.641986,1.323805,0.202959,RUNNING
1.334371,0.849467,7.798181,0.103392,0.119748,0.173280,0.910476,0.611220,1.079688,0.260332,RUNNING
1.405970,0.804775,8.447433,0.232032,0.155596,0.117134,0.767846,1.276050,1.315178,0.322138,RUNNING
0.648443,0.841696,9.228699,0.236922,0.226570,0.128572,1.295988,0.545332,1.150596,0.241940,RUNNING
0.651797,0.776679,8.936537,0.243472,0.190221,0.249886,1.217294,0.846714,1.079608,0.204070,RUNNING
1.582473,0.650672,9.631182,0.203039,0.183374,0.128117,0.713371,0.622692,1.218147,0.262272,RUNNING
1.490968,0.949467,9.432570,0.189442,0.086662,0.179105,1.183241,1.313191,0.685757,0.433433,RUNNING
1.057447,0.294746,8.650785,0.077642,0.155784,0.151744,1.056079,0.617128,1.161724,0.341196,RUNNING
1.415050,1.229182,9.005561,0.082939,0.176149,0.156788,1.138187,1.612826,1.063675,0.420539,RUNNING
1.215819,0.230490,8.300605,0.131977,0.156193,0.130659,1.050197,0.783610,1.708141,0.317825,RUNNING
1.059641,0.660418,8.441160,0.159797,0.202029,0.238568,0.650750,0.880113,1.014831,0.247848,RUNNING
1.403639,0.225445,9.169991,0.141746,0.152156,0.208176,0.799733,1.520964,0.630124,0.353262,RUNNING
0.544236,1.006268,8.516557,0.206278,0.150574,0.233559,1.022298,0.730605,0.884311,0.185234,RUNNING
0.696341,0.681979,8.832941,0.158008,0.103372,0.205827,1.111501,1.531820,1.044773,0.259354,RUNNING
1.068863,1.025396,8.688739,0.118870,0.142011,0.236888,0.748567,0.393258,0.948978,0.326052,RUNNING
1.350545,1.142835,8.910741,0.054767,0.201565,0.194538,0.608489,0.772474,1.475029,0.290492,RUNNING
1.754491,0.772370,9.706534,0.168475,0.190611,0.239116,0.814210,0.667319,0.980036,0.252975,RUNNING
0.873587,0.898632,9.523306,0.134391,0.132823,0.165057,0.876638,0.860742,0.842904,0.475997,RUNNING
1.610080,0.241869,9.079017,0.207899,0.172805,0.179693,1.392893,0.597021,0.960433,0.180929,RUNNING
1.005068,1.549595,8.630575,0.105788,0.100210,0.249951,1.444853,1.287477,1.399690,0.316049,RUNNING
0.683355,1.294414,8.151534,0.049840,0.130519,0.249511,1.622668,1.240552,1.491800,0.129395,RUNNING
1.234556,0.404367,9.253304,0.166708,0.091685,0.212524,0.996122,0.743898,0.623429,0.346546,RUNNING
1.295399,0.761563,9.634531,0.135918,0.180490,0.191616,1.092544,0.675502,1.640557,0.123086,RUNNING
1.005562,0.667174,7.880655,0.213844,0.168991,0.289874,0.752046,1.419112,1.151685,0.503610,RUNNING
1.203245,1.037989,9.128829,0.181582,0.084551,0.262661,0.640940,1.141332,1.407411,0.373455,RUNNING
1.899451,0.865760,8.947804,0.201312,0.203148,0.226399,1.522474,1.135924,1.302165,0.126859,RUNNING
1.689693,0.618589,8.546683,0.142330,0.088613,0.213478,0.983105,0.734337,2.026763,0.287360,RUNNING
1.700011,0.827535,8.859688,0.124238,0.232562,0.221874,0.740373,0.728053,1.401904,0.158809,RUNNING
0.557694,0.704934,9.607329,0.080158,0.080027,0.043822,0.859728,0.834255,1.383669,0.238557,RUNNING
1.144187,0.545627,8.736304,0.222947,0.080817,0.284180,0.783422,0.897526,0.541754,0.310082,RUNNING
1.217116,0.160822,7.969010,0.144844,0.265202,0.214081,1.094169,1.066417,1.675662,0.256117,RUNNING
1.616366,1.231856,9.430150,0.156332,0.125226,0.184861,0.992461,0.985791,1.409969,0.360973,RUNNING
0.874157,0.224481,9.081171,0.142211,0.205301,0.195309,1.301623,1.018751,0.831133,0.208689,RUNNING
1.632136,1.086957,8.639634,0.211000,0.163620,0.154817,0.733006,0.347838,1.283603,0.359294,RUNNING
2.071884,0.499495,8.076437,0.135878,0.189384,0.121154,1.070798,1.068309,1.126737,0.330777,RUNNING
1.293547,-0.170652,8.423036,0.139070,0.085221,0.169227,1.054829,0.811048,1.312403,0.098955,RUNNING
1.442378,0.082716,10.703657,0.141285,0.181129,0.294760,1.577488,1.164830,1.692489,0.334567,RUNNING
1.287015,1.241045,7.913053,0.163682,0.148593,0.194527,0.902794,1.078830,1.226391,0.370732,RUNNING
1.322493,0.644747,8.514337,0.172908,0.227387,0.177899,1.113442,0.524197,1.415781,0.489467,RUNNING
1.377431,1.136737,9.220825,0.179367,0.050440,0.198379,1.051479,1.143485,1.383261,0.194862,RUNNING
0.792867,0.526375,9.040271,0.205595,0.087192,0.151545,0.706232,0.744656,1.153346,0.442930,RUNNING
1.455760,0.460445,8.820752,0.071930,0.175795,0.275749,1.402741,0.899971,1.263083,0.260049,RUNNING
1.283462,0.933992,8.653214,0.139652,0.227174,0.212544,0.857164,0.297529,1.364711,0.211491,RUNNING
1.131356,0.552014,8.695181,0.261659,0.195602,0.206878,0.898267,0.719817,1.545423,0.474609,RUNNING
1.177190,1.496908,9.063800,0.176000,0.128296,0.202083,1.068470,0.636879,1.523511,0.247874,RUNNING
0.146016,0.808747,9.538575,0.154537,0.185701,0.235742,1.520247,0.922529,0.843419,0.418634,RUNNING
1.041934,1.336301,8.627232,0.096493,0.235761,0.189701,0.961273,0.842035,1.209354,0.421863,RUNNING
0.843925,0.710406,9.722131,0.223163,0.180842,0.285820,1.355165,1.250520,1.369659,0.131360,RUNNING
1.410917,0.459264,8.953082,0.172034,0.122036,0.127258,0.816380,1.383692,1.441823,0.441673,RUNNING
1.083066,1.261590,9.183729,0.194417,0.258103,0.156063,0.949310,0.737610,1.436356,0.381540,RUNNING
1.393129,1.220161,9.017271,0.093376,0.166523,0.147790,1.141540,1.026025,1.284393,0.325246,RUNNING
1.554360,0.612481,9.958004,0.202208,0.159760,0.156645,1.455807,0.874662,0.851263,0.227351,RUNNING
1.606586,0.548595,8.301589,0.242443,0.146580,0.233260,0.713458,1.150820,0.967612,0.204059,RUNNING
1.507790,1.509129,9.346529,0.252275,0.230762,0.180936,1.375269,0.746279,1.122394,0.296789,RUNNING
0.921754,1.284322,8.462774,0.231180,0.125348,0.145128,1.505091,1.026587,0.869496,0.448387,RUNNING
0.932683,0.040510,8.469831,0.068026,0.175713,0.192475,0.566372,1.106806,1.503695,0.286818,RUNNING
1.640596,1.040285,9.538348,0.103365,0.117877,0.157720,1.112424,1.183637,1.569707,0.363228,RUNNING
1.093474,1.151939,9.848498,0.152408,0.170526,0.251939,1.463495,1.182104,1.273556,0.166436,RUNNING
1.175189,0.107962,8.904914,0.180696,0.140617,0.191336,1.436538,1.226025,1.294540,0.152001,RUNNING
0.990403,0.400214,8.047112,0.096471,0.253973,0.205733,1.094552,1.011092,1.686369,0.388272,RUNNING
1.444501,0.934224,9.323736,0.072708,0.183507,0.160911,1.023174,1.198874,1.096446,0.239018,RUNNING
0.919806,1.632055,8.889649,0.110241,0.098888,0.229337,1.010991,0.877857,1.082388,0.455960,RUNNING
1.106566,0.998963,8.680284,0.128756,0.132944,0.160830,0.872270,1.023943,1.010539,0.432158,RUNNING
0.928561,0.747550,9.027544,0.139000,0.210675,0.183553,0.820924,0.592923,1.981585,0.194097,RUNNING
0.700527,1.073026,9.379411,0.104358,0.154910,0.253686,1.231006,1.331668,1.120423,0.205394,RUNNING
1.220876,1.297796,8.914971,0.178015,0.170589,0.190265,1.425604,1.188142,1.449871,0.122807,RUNNING
1.160392,0.956293,9.250493,0.136841,0.172047,0.181970,0.735485,1.164668,1.194873,0.224327,RUNNING
1.062754,1.495483,8.214653,0.254367,0.099073,0.235457,1.029648,0.842564,1.274081,0.080760,RUNNING
0.382470,0.815981,9.835854,0.093553,0.166784,0.183763,1.226169,1.245786,1.027623,0.287066,RUNNING
1.569276,0.512533,9.544351,0.142918,0.117350,0.255600,1.223978,1.406254,1.397896,0.406063,RUNNING
1.414998,0.812615,8.897987,0.122109,0.101540,0.205504,0.635313,0.634579,1.516013,0.246284,RUNNING
1.194172,1.388872,10.316012,0.121581,0.085272,0.222745,1.549298,0.550639,1.574346,0.340374,RUNNING
0.781982,1.016482,8.603590,0.075444,0.143835,0.185538,1.733122,0.675612,1.905212,0.270371,RUNNING
1.504618,0.892090,8.586571,0.205205,0.136544,0.120092,1.348341,0.260242,0.897525,0.468564,RUNNING
0.857297,0.790966,8.598173,0.149622,0.212160,0.250160,0.756117,0.786662,1.307174,0.277485,RUNNING
1.537943,0.980873,9.246555,0.102563,0.154625,0.067209,1.110964,0.774921,1.019040,0.443417,RUNNING
1.417798,1.040932,8.999816,0.173991,0.081287,0.257741,0.779485,0.441092,0.615575,0.303751,RUNNING
1.589731,0.943003,8.335643,0.095717,0.172398,0.211518,0.375290,0.607221,1.071389,0.279165,RUNNING
1.377038,1.002047,9.004691,0.120920,0.243234,0.169226,0.846526,1.149331,1.207457,0.266511,RUNNING
0.810212,0.032628,9.505420,0.162709,0.041721,0.228581,1.096808,0.865827,1.891345,0.369288,RUNNING
1.332875,1.007490,9.565084,0.133565,0.108078,0.158304,1.218934,0.963464,1.440722,0.299606,RUNNING
1.206336,0.839159,8.514369,0.050706,0.210066,0.298174,0.617093,0.794046,1.627289,0.283359,RUNNING
1.893915,1.239578,9.703134,0.206059,0.250399,0.186783,1.119087,1.062314,1.108844,0.136614,RUNNING
0.812793,-0.111824,9.162606,0.266681,0.189214,0.226793,1.085089,1.150976,0.965043,0.355242,RUNNING
1.897241,1.529525,9.348911,0.122396,0.098266,0.163239,0.825322,0.806895,1.472000,0.089623,RUNNING
1.020995,0.677887,8.646925,0.143186,0.080561,0.173281,0.922998,0.867200,1.050005,0.295303,RUNNING
1.387174,0.431655,8.682818,0.210089,0.138613,0.193969,1.407939,0.326362,1.289942,0.356723,RUNNING
1.685466,0.068580,9.915973,0.195820,0.139109,0.230433,0.810168,1.004112,1.319191,0.314476,RUNNING
0.918008,0.426725,9.587852,0.194961,0.195761,0.185571,1.046299,0.897573,1.140149,0.255049,RUNNING
0.980673,0.554598,9.089815,0.132481,0.077692,0.238480,1.219128,0.426612,1.358190,0.477740,RUNNING
1.687857,0.712132,8.815752,0.057712,0.164785,0.222078,1.016875,0.957399,1.015173,0.305756,RUNNING
0.855616,0.717239,9.093012,0.118190,0.152150,0.172395,1.155018,0.681819,1.608158,0.335077,RUNNING
0.719510,0.260569,9.140276,0.206947,0.121032,0.242203,1.426010,1.083067,1.453850,0.243297,RUNNING
1.076159,0.936283,8.250925,0.092158,0.103946,0.148892,1.056282,0.696397,1.005578,0.416355,RUNNING
1.464359,0.227924,8.958858,0.247549,0.168404,0.153847,0.917112,1.139838,1.521155,0.233755,RUNNING
0.955931,1.092201,9.071383,0.157036,0.310779,0.130085,0.910836,0.667646,1.580029,0.412754,RUNNING
1.335085,0.679067,8.931320,0.125508,0.174544,0.239573,1.237261,0.984609,1.518057,0.362098,RUNNING
0.603322,1.251792,9.036066,0.117395,0.098394,0.190746,1.002415,0.359459,1.020202,0.391765,RUNNING
0.939939,1.000261,10.134765,0.157298,0.186806,0.140314,1.209317,0.783416,1.648238,0.247449,RUNNING
1.082541,0.533403,9.497080,0.203912,0.134594,0.196086,0.987448,0.803668,1.469445,0.309043,RUNNING
0.688431,0.872264,8.710669,0.177782,0.201335,0.137881,0.738082,0.816155,1.063891,0.096035,RUNNING
1.542371,0.656525,9.097816,0.212048,0.146589,0.115550,1.056268,0.644207,0.992344,0.232006,RUNNING
1.488267,0.768342,8.089530,0.139316,0.106823,0.205450,0.645166,1.067661,1.216895,0.329888,RUNNING
0.549056,1.215024,9.117101,0.128918,0.136351,0.229499,1.232182,0.796409,1.213889,0.379619,RUNNING
0.877591,1.267261,8.670027,0.069645,0.198061,0.171294,0.779117,0.774480,1.250823,0.258724,RUNNING
0.328193,1.333034,9.276929,0.029477,0.165078,0.327299,0.584729,0.433444,1.348518,0.082605,RUNNING
1.124216,0.737777,9.385374,0.105095,0.114680,0.226589,0.621392,1.120323,1.152420,0.390973,RUNNING
1.062809,1.026463,9.593048,0.209900,0.156754,0.181370,1.027519,1.070550,1.295922,0.256735,RUNNING
1.302407,0.703940,7.531580,0.059105,0.195099,0.117830,0.955778,0.558186,1.599908,0.456878,RUNNING
1.133964,0.984209,9.125890,0.150050,0.151643,0.191097,0.947471,1.029588,0.957638,0.238786,RUNNING
1.691819,0.380571,8.758683,0.193078,0.075972,0.222796,1.098066,1.008656,1.398495,0.485245,RUNNING
1.296096,0.846510,8.658231,0.111540,0.150953,0.196688,0.842749,1.365819,1.247757,0.492487,RUNNING
0.804281,0.593915,8.862555,0.245544,0.145562,0.135165,0.642424,1.136869,1.376286,0.317194,RUNNING
1.494845,0.011838,8.203148,0.215137,0.190291,0.139619,0.740046,1.197001,0.873555,0.172396,RUNNING
1.977117,0.644194,8.893294,0.073171,0.167646,0.284271,0.979398,0.930008,1.071043,0.355247,RUNNING
1.789919,1.206041,8.585279,0.205204,0.124711,0.182440,0.530072,1.211995,1.555950,0.423985,RUNNING
1.136817,1.296554,10.036422,0.132165,0.139253,0.176373,0.808115,0.494091,0.944053,0.380943,RUNNING
0.299529,1.034767,9.225964,0.202235,0.176353,0.169813,0.916970,0.509277,0.482217,0.357662,RUNNING
1.660656,1.338438,9.162540,0.168279,0.207814,0.233988,0.271210,0.809904,0.911603,0.339170,RUNNING
0.843812,1.486986,9.200569,0.069616,0.112437,0.194238,0.376785,0.830670,1.109169,0.146256,RUNNING
0.026086,0.001831,10.072502,0.201333,0.123833,0.282095,1.236618,0.949052,1.110910,0.337385,RUNNING
1.472023,0.576797,9.619913,0.095527,0.257114,0.175464,1.208309,1.126520,1.591910,0.054748,RUNNING
0.453210,0.748625,9.328501,0.202376,0.228085,0.198509,0.606901,1.219970,1.405854,0.365544,RUNNING
0.715924,0.612472,9.930490,0.105879,0.214614,0.179725,0.590567,1.131021,1.235390,0.263952,RUNNING
0.380713,1.008117,8.232401,0.242235,0.187979,0.224947,0.990611,0.807358,1.293604,0.469229,RUNNING
0.624119,1.323218,9.396207,0.106832,0.063689,0.122134,0.858911,1.080953,1.274112,0.390475,RUNNING
1.939650,1.348499,9.276803,0.150895,0.179508,0.243427,1.275009,0.727824,1.608299,0.340632,RUNNING
1.282522,0.230973,7.806050,0.082934,0.097987,0.143107,0.743394,1.331428,1.251769,0.171523,RUNNING
1.489477,1.004418,8.409637,0.120506,0.061785,0.213354,0.968208,1.179321,1.087202,0.275097,RUNNING
1.250967,0.791097,9.287676,0.100458,0.066824,0.215586,0.552037,1.008916,0.922191,0.319350,RUNNING
0.931653,0.656879,8.955707,0.127701,0.089218,0.179560,0.611933,1.377886,0.769309,0.301291,RUNNING
1.220431,0.760477,9.286761,0.086255,0.099268,0.279364,0.982384,1.333529,0.958845,0.203925,RUNNING
0.848508,0.603279,8.033485,0.154193,0.190556,0.253622,0.674536,0.637914,1.459964,0.154396,RUNNING
0.810964,2.336939,8.890331,0.180592,0.144035,0.101513,1.435775,1.588451,1.433452,0.178737,RUNNING
0.563540,0.903237,7.815289,0.221851,0.141659,0.258086,0.796626,1.253665,1.050630,0.322321,RUNNING
1.282708,0.644167,7.866973,0.156761,0.165402,0.154969,1.127235,0.669234,0.259486,0.266938,RUNNING
1.280232,0.887734,9.015225,0.207949,0.138993,0.185948,1.395935,1.267364,1.616758,0.270294,RUNNING
1.272609,1.276841,8.719627,0.166919,0.131508,0.195202,0.899192,0.883801,1.578148,0.272959,RUNNING
0.943561,0.558341,8.705525,0.191739,0.194259,0.215525,0.705664,0.436951,0.829459,0.218229,RUNNING
0.937274,0.995475,9.237121,0.233961,0.108989,0.176718,1.114550,1.430906,0.823452,0.546935,RUNNING
1.326933,1.669855,8.769516,0.180944,0.047495,0.209639,1.074234,0.753440,0.880197,0.266354,RUNNING
0.464829,0.352735,9.082587,0.194232,0.130172,0.317070,1.060435,0.721357,0.680472,0.299899,RUNNING
1.608775,0.592143,8.977396,0.203582,0.139155,0.181003,0.972328,1.103524,0.649755,0.379744,RUNNING
1.236727,0.383264,8.346742,0.153954,0.101383,0.168984,0.563246,1.322900,1.044877,0.328887,RUNNING
1.032477,0.290311,9.547807,0.095801,0.230571,0.299792,1.447177,0.456145,1.109200,0.195010,RUNNING
1.154765,0.939452,8.112582,0.122960,0.201377,0.218649,1.170363,0.756015,1.291809,0.351228,RUNNING
1.097707,0.948191,9.484425,0.130954,0.124878,0.211930,0.640757,1.530149,1.096771,0.289818,RUNNING
0.556177,1.030520,8.780230,0.174013,0.140853,0.285402,1.308441,0.959888,0.752267,0.286920,RUNNING
1.392274,0.398300,9.002898,0.110721,0.151581,0.211231,1.301961,1.068818,1.696371,0.317370,RUNNING
0.850168,0.490358,8.859138,0.181438,0.115085,0.188095,0.832881,0.755917,1.266887,0.243310,RUNNING
0.586901,0.181606,10.045387,0.170333,0.051115,0.173699,1.160296,0.638239,1.011212,0.418239,RUNNING
1.916146,1.571178,9.051945,0.244357,0.147323,0.180391,0.997853,0.619591,1.237602,0.414300,RUNNING
1.567009,0.639915,9.960626,0.143378,0.186985,0.155599,1.273642,0.874960,1.054738,0.376886,RUNNING
2.226426,1.151438,8.622208,0.126734,0.126922,0.345772,0.682926,1.077306,0.679815,0.211042,RUNNING
0.641823,0.414845,8.220388,0.158206,0.154818,0.165116,0.989884,1.293352,1.163335,0.295887,RUNNING
1.981347,0.822440,9.078485,0.143692,0.233901,0.253312,0.738422,0.508158,0.994739,0.254874,RUNNING
1.456999,1.142801,9.630512,0.346330,0.149708,0.120393,1.183789,0.678601,1.219226,0.370093,RUNNING
1.369422,0.723504,8.656755,0.148375,0.127611,0.205582,1.247142,1.229958,0.876845,0.334891,RUNNING
0.795723,0.732188,7.317280,0.146868,0.170915,0.129815,2.069659,0.997206,1.593837,0.404207,RUNNING
1.781397,1.023503,8.334823,0.148320,0.028619,0.268620,1.544222,0.286829,1.328683,0.175386,RUNNING
1.035972,0.019154,8.985753,0.111116,0.090748,0.202240,0.944290,1.218564,1.019377,0.267316,RUNNING
1.378321,1.191809,8.628284,0.233508,0.161137,0.221233,0.936237,0.993329,1.449795,0.253049,RUNNING
1.273017,0.347776,7.944682,0.197768,0.148896,0.231183,0.646282,0.633449,1.515532,0.292199,RUNNING
0.654205,0.970787,8.370383,0.226999,0.090046,0.270286,0.649727,0.707008,1.490331,0.183009,RUNNING
0.994150,1.286507,9.158216,0.184364,0.148402,0.104233,1.818272,0.824050,1.519602,0.152171,RUNNING
0.348612,0.271383,9.687916,0.193593,0.066682,0.268402,1.104232,1.245400,1.265034,0.363569,RUNNING
1.193907,0.325899,9.410477,0.227383,0.210266,0.127813,0.551510,1.413621,0.776787,0.326515,RUNNING
1.274559,1.172385,9.808200,0.123712,0.088388,0.181292,1.711093,1.080509,0.999064,0.463583,RUNNING
1.139912,0.814874,8.567173,0.121275,0.115785,0.180178,1.008063,1.125340,1.008329,0.375883,RUNNING
1.022905,1.142532,8.768088,0.162834,0.074885,0.228589,1.104420,0.700918,1.469468,0.281080,RUNNING
1.045846,0.714294,9.009761,0.179310,0.114800,0.268516,1.036880,1.004732,1.371561,0.216580,RUNNING
0.755828,0.064210,8.719701,0.099492,0.138443,0.162882,1.137761,0.888471,1.318437,0.415409,RUNNING
1.368205,0.585126,8.394327,0.132294,0.076904,0.214356,0.978795,1.328623,0.929758,0.271102,RUNNING
1.098758,0.610335,9.369522,0.185089,0.195923,0.175200,0.864058,0.807067,0.842291,0.265403,RUNNING
0.806207,0.638346,9.910336,0.123165,0.118717,0.233322,1.072030,0.828706,1.054643,0.029786,RUNNING
1.544008,1.064516,9.394314,0.211132,0.160381,0.184431,0.600775,0.771619,1.683496,0.297156,RUNNING
1.416602,0.925504,8.698383,0.116519,0.217576,0.168768,0.456614,1.144283,0.883189,0.180492,RUNNING
0.841261,0.658358,8.633769,0.158976,0.106912,0.175150,1.448424,1.429383,0.725545,0.435490,RUNNING
1.350767,1.293229,10.402787,0.088599,0.213818,0.171550,0.805447,1.076039,1.068185,0.292317,RUNNING
1.176407,0.848058,8.895295,0.160782,0.185093,0.162163,1.099345,0.794928,1.392803,0.346406,RUNNING
1.614043,0.807724,9.696535,0.160735,0.186716,0.258922,0.881231,1.136771,1.224685,0.452939,RUNNING
1.262226,0.687337,8.399852,0.164307,0.174125,0.193966,1.007127,1.168628,1.220013,0.406338,RUNNING
1.631976,1.351690,8.815520,0.194131,0.202907,0.267089,1.052667,0.650038,1.126768,0.248245,RUNNING
1.690671,0.588780,8.576530,0.105518,0.037807,0.191277,0.921260,1.141612,0.919371,0.311861,RUNNING
0.600491,0.207810,9.479006,0.191207,0.083002,0.188103,0.749088,0.998491,0.936885,0.300034,RUNNING
1.366014,1.784993,10.041021,0.204435,0.159931,0.154076,1.396458,1.319688,0.704934,0.212871,RUNNING
0.974260,0.993397,9.310611,0.190975,0.110232,0.279743,0.767368,1.153084,1.319930,0.329377,RUNNING
1.065431,1.474739,9.035247,0.227479,0.180306,0.130112,0.874555,0.830108,0.455822,0.228154,RUNNING
1.139891,0.915532,9.112730,0.116152,0.134097,0.186774,0.846796,0.775464,1.628900,0.357642,RUNNING
1.197733,0.453567,8.016279,0.183442,0.099052,0.171634,0.657390,0.439739,0.665283,0.301495,RUNNING
1.807024,1.290103,9.100943,0.214859,0.142416,0.210209,1.332581,0.823990,1.342671,0.483862,RUNNING
1.099649,1.154761,9.044582,0.248505,0.247631,0.185794,0.741872,0.590050,1.576911,0.421835,RUNNING
0.919784,0.877625,10.388695,0.141410,0.143378,0.180222,1.252952,1.101780,1.261085,0.424770,RUNNING
0.612489,1.519904,9.539851,0.162389,0.166187,0.183789,1.050542,0.685476,1.371286,0.220458,RUNNING
1.482273,0.071560,8.745763,0.142095,0.185237,0.186797,0.847299,0.618534,1.304062,0.222800,RUNNING
1.018721,0.432215,9.353538,0.126085,0.168040,0.210526,1.412822,1.152992,1.000317,0.272345,RUNNING
1.149012,1.001798,9.022793,0.055589,0.128315,0.250907,1.285100,0.780500,1.484484,0.333358,RUNNING
1.501706,1.178525,9.506544,0.179703,0.232015,0.189880,1.232829,0.782219,1.398375,0.267486,RUNNING
1.689522,0.595292,8.346564,0.165014,0.139619,0.238031,0.744863,0.531975,1.420773,0.270162,RUNNING
0.732629,1.418885,7.949017,0.128875,0.206597,0.147141,0.735387,0.556537,1.092179,0.161052,RUNNING
1.406344,0.964394,9.346510,0.154762,0.129347,0.136914,1.418853,0.899665,0.519736,0.174719,RUNNING
1.282233,0.943067,8.850957,0.124804,0.150623,0.168279,1.493357,1.230383,1.317502,0.163301,RUNNING
0.389080,0.919847,7.922162,0.151884,0.115587,0.258630,1.079212,0.289995,1.155864,0.333877,RUNNING
1.087421,0.619286,9.097239,0.087566,0.109103,0.211162,0.746642,1.032568,1.039403,0.326453,RUNNING
0.961993,0.853073,10.282381,0.118470,0.195168,0.228032,1.519040,0.817803,1.197300,0.227026,RUNNING
1.004734,1.434438,9.328205,0.107906,0.153508,0.177948,0.686163,0.931887,1.056568,0.186787,RUNNING
0.718988,1.633181,8.652517,0.080637,0.112926,0.242100,0.937733,0.708108,1.486807,0.396273,RUNNING
0.831771,1.285331,8.854598,0.149878,0.083634,0.205218,1.084103,0.869441,0.789040,0.343986,RUNNING
1.165310,0.381139,9.738810,0.043338,0.129028,0.200348,0.893798,0.390066,2.078383,0.187479,RUNNING
1.382895,0.149151,9.189854,0.195544,0.155231,0.215624,0.237848,0.994246,0.645847,0.411158,RUNNING
0.292607,0.875412,8.467853,0.215766,0.179893,0.214924,0.876569,0.891070,1.401410,0.199863,RUNNING
1.199927,0.400979,8.797460,0.161256,0.143588,0.126573,0.690693,1.366220,1.050179,0.209753,RUNNING
1.765333,0.791316,8.838099,0.171125,0.162362,0.183966,1.125219,0.739309,1.055801,0.316789,RUNNING
1.424055,1.210009,8.785750,0.073052,0.145803,0.189640,1.046783,1.099793,1.383059,0.343858,RUNNING
1.212601,0.711616,9.117642,0.100558,0.098706,0.312596,1.026409,0.599355,1.355764,0.507894,RUNNING
0.767532,0.898470,8.757411,0.218369,0.161593,0.238647,0.748253,1.124893,1.427775,0.362961,RUNNING
0.991005,0.410322,9.001953,0.044627,0.130964,0.264663,1.011512,1.156063,1.633197,0.220372,RUNNING
1.482849,0.455794,8.454939,0.152825,0.181906,0.268890,0.872886,0.870118,1.376807,0.397125,RUNNING
1.641901,1.452839,8.881794,0.129579,0.157090,0.120275,0.833856,0.615631,1.204874,0.287003,RUNNING
1.488907,1.044616,9.470716,0.161734,0.150171,0.174854,1.417044,1.121534,1.617276,0.351255,RUNNING
0.998184,0.800311,8.624684,0.151303,0.059657,0.221607,0.716149,0.413140,0.887720,0.423254,RUNNING
1.129481,0.546434,9.707344,0.222235,0.166905,0.126116,0.686639,1.056638,1.585283,0.096801,RUNNING
1.782466,0.856536,8.734194,0.075952,0.134241,0.235821,0.946535,0.485285,0.522712,0.452833,RUNNING
0.626867,1.393692,9.218522,0.096478,0.153624,0.208797,0.675198,0.888173,0.970937,0.162534,RUNNING
1.286851,0.800231,8.114980,0.118380,0.194317,0.177015,0.832607,0.749300,1.062449,0.436235,RUNNING
1.057828,0.918571,9.829477,0.104406,0.157858,0.194589,1.216442,1.119053,1.099944,0.368645,RUNNING
0.964896,-0.218567,8.018035,0.159744,0.040411,0.183797,0.544057,0.693858,1.776197,0.411293,RUNNING
1.641719,1.100561,9.090012,0.174041,0.053865,0.176947,0.842081,0.792105,1.022401,0.285372,RUNNING
0.895487,0.400210,9.485439,0.060601,0.202704,0.210104,1.224385,0.872042,1.261834,0.240629,RUNNING
1.955311,1.286830,8.086619,0.184856,0.096409,0.201363,0.448186,0.850144,1.038883,0.365685,RUNNING
1.411775,1.685686,8.629181,0.253674,0.149586,0.189438,1.303121,0.730296,1.179121,0.312883,RUNNING
0.553517,1.258910,9.011864,0.086291,0.178594,0.170550,1.016671,0.608146,1.678571,0.136079,RUNNING
1.694935,1.024311,9.608636,0.212471,0.163335,0.215700,1.041488,0.823127,1.195576,0.415247,RUNNING
1.425040,0.723782,8.923910,0.224655,0.146621,0.280743,1.099900,1.025541,0.865197,0.320420,RUNNING
1.223081,0.636275,8.534541,0.126451,0.179232,0.215820,1.015985,0.978331,0.958797,0.351225,RUNNING
1.300167,0.753745,9.372500,0.144992,0.142045,0.185536,1.173140,1.158682,0.562279,0.315910,RUNNING
0.816700,1.296163,8.604789,0.167321,0.197289,0.288302,0.695962,0.943706,1.407634,0.353643,RUNNING
1.451522,0.126779,8.539666,0.146802,0.223791,0.196186,0.542040,1.215791,1.173128,0.312088,RUNNING
1.471444,0.204171,9.150560,0.103391,0.229094,0.204626,1.008992,0.775927,0.844398,0.380584,RUNNING
0.767764,0.790699,8.605349,0.108862,0.058320,0.157929,0.891855,0.822268,1.378461,0.059179,RUNNING
1.423065,0.458904,9.059681,0.186958,0.162703,0.280718,0.549216,0.836694,0.973168,0.326577,RUNNING
1.625526,0.527198,8.630979,0.137280,0.193315,0.152513,0.865030,0.628153,0.687706,0.406643,RUNNING
0.659959,1.458084,8.498541,0.166539,0.107190,0.194995,1.217454,0.844138,0.799182,0.264503,RUNNING
1.585983,0.734706,10.038487,0.132045,0.276827,0.237335,0.955730,0.533248,1.630071,0.393982,RUNNING
1.978834,0.911194,9.390439,0.159711,0.179773,0.204660,1.219733,1.340654,1.473731,0.414596,RUNNING
1.523003,0.917090,8.865569,0.158902,0.142468,0.231259,1.156191,1.590909,1.589018,0.300063,RUNNING
1.269217,0.356868,8.573089,0.168991,0.027592,0.271953,0.835077,0.751032,1.468298,0.161436,RUNNING
0.487123,0.923851,9.986471,0.030493,0.197628,0.201482,1.037180,0.520572,1.671401,0.339408,RUNNING
0.629224,0.596967,7.768937,0.152161,0.222088,0.209814,0.609337,0.877986,0.912007,0.461087,RUNNING
0.992172,1.044005,10.103870,0.156718,0.127791,0.209670,0.709829,1.087647,1.292071,0.307004,RUNNING
1.652323,0.970588,9.719147,0.261280,0.180611,0.125040,0.771562,0.662407,1.557674,0.299812,RUNNING
0.472576,0.654165,7.586296,0.135736,0.238910,0.188011,1.087058,0.514837,2.039782,0.422313,RUNNING
1.956275,1.368139,9.252208,0.171896,0.212420,0.250227,0.461135,0.766404,0.905344,0.263713,RUNNING
1.723704,0.540282,8.652378,0.126951,0.274699,0.204364,1.276837,0.840078,1.566853,0.250269,RUNNING
1.433793,1.061818,8.437853,0.116441,0.102667,0.184150,0.678538,0.731867,1.687685,0.136020,RUNNING
1.855726,0.421779,9.081123,0.169531,0.145017,0.221068,0.479768,1.163586,1.349709,0.128405,RUNNING
1.995245,1.260306,8.004234,0.177434,0.113641,0.180271,0.893823,1.335881,1.287207,0.397766,RUNNING
1.196566,0.886992,9.377699,0.124323,0.096255,0.236245,0.726476,1.162362,1.249650,0.286656,RUNNING
1.691540,0.485708,8.946322,0.198591,0.199034,0.123362,0.938595,1.283537,1.069672,0.307138,RUNNING
1.246013,0.670965,9.959980,0.162255,0.080289,0.226922,0.710793,0.873332,1.279150,0.390400,RUNNING
0.390847,0.485334,9.234439,0.225181,0.228695,0.161839,1.010816,0.849888,1.476790,0.193188,RUNNING
1.101396,0.544907,8.934060,0.164891,0.084436,0.237109,1.217754,1.248222,1.020890,0.394749,RUNNING
1.376811,0.824542,8.774665,0.186475,0.144000,0.095928,0.742071,1.139390,1.408262,0.238913,RUNNING
0.950224,-0.027004,9.351414,0.079054,0.220258,0.212696,1.009813,0.480741,0.299417,0.277946,RUNNING
1.556601,1.074209,9.383808,0.130974,0.189536,0.217243,0.626595,0.541159,1.177343,0.390711,RUNNING
1.235011,0.961612,8.407191,0.106792,0.244136,0.177528,0.457294,1.216419,1.521968,0.372214,RUNNING
1.257246,0.722013,8.842472,0.165679,0.163067,0.183121,0.742736,0.646384,1.311533,0.327898,RUNNING
1.732396,0.653240,8.821655,0.221564,0.195652,0.189641,1.321098,1.021508,1.219551,0.240001,RUNNING
0.867675,0.397450,9.281556,0.115697,0.095780,0.265014,1.330927,1.449592,0.603109,0.301871,RUNNING
0.906476,0.807573,9.310866,0.038700,0.150681,0.201511,0.825070,1.699408,1.052312,0.292868,RUNNING
1.009809,0.764081,8.838346,0.128729,0.136195,0.189846,0.857477,1.064447,1.259590,0.370171,RUNNING
0.740102,1.112482,8.233498,0.123925,0.132649,0.167226,1.348875,1.025742,0.830161,0.370929,RUNNING
1.141516,0.513220,9.566592,0.108069,0.110382,0.261141,1.240410,1.220607,1.452366,0.410196,RUNNING
1.804574,1.116591,9.028949,0.174121,0.110597,0.152758,0.904251,1.434622,0.548306,0.433990,RUNNING
1.251212,0.406825,8.553686,0.040856,0.154059,0.213401,0.530428,0.423496,1.936798,0.301613,RUNNING
1.095911,0.322806,9.285888,0.208134,0.133037,0.216125,1.136264,1.025853,1.110769,0.259143,RUNNING
0.920007,0.911894,9.020082,0.128637,0.119742,0.251570,1.082428,0.596284,1.678209,0.344059,RUNNING
0.781553,0.796307,8.975439,0.144725,0.255447,0.172945,0.890480,1.085773,1.279721,0.357588,RUNNING
1.429754,1.039846,9.850885,0.153562,0.256000,0.206210,0.378292,0.805445,1.265501,0.254974,RUNNING
1.070383,0.642311,8.291167,0.199832,0.162638,0.161102,1.040995,0.678024,1.464350,0.324642,RUNNING
0.405340,0.521607,9.729172,0.192906,0.187949,0.251067,1.395948,0.997317,1.482331,0.159565,RUNNING
1.521972,1.366810,9.879060,0.141163,0.161455,0.157782,0.953173,1.039993,1.711813,0.324995,RUNNING
1.328382,0.996097,8.773099,0.125243,0.177709,0.123955,1.539003,1.011617,0.845193,0.251864,RUNNING
1.192470,0.282649,8.182245,0.069447,0.186157,0.126710,1.024564,0.891472,1.026387,0.336960,RUNNING
1.321164,1.128944,8.341381,0.101479,0.155096,0.164352,0.539185,1.212237,0.798643,0.397474,RUNNING
1.980001,-0.146295,9.370337,0.134061,0.175729,0.209305,1.578650,0.840570,1.393520,0.465783,RUNNING
0.799641,1.180609,9.379528,0.113978,0.187552,0.227355,0.990092,0.549360,0.749589,0.389109,RUNNING
1.085063,1.001802,8.613695,0.203074,0.166947,0.271974,0.927381,0.722201,1.023736,0.073139,RUNNING
1.165487,0.410744,8.353782,0.186442,0.092442,0.217327,0.790186,0.703376,1.033305,0.313354,RUNNING
1.038832,0.959682,9.731585,0.206697,0.195938,0.103800,1.047569,0.894180,1.367802,0.454054,RUNNING
1.420767,0.476871,8.733876,0.176749,0.145212,0.186656,1.135105,0.913100,1.224373,0.298454,RUNNING
2.152668,0.399994,8.806955,0.153692,0.181541,0.212005,0.808066,1.097920,1.000659,0.421121,RUNNING
1.403594,0.903922,8.196011,0.108246,0.105620,0.246252,1.045503,0.357689,1.245730,0.332557,RUNNING
0.631145,0.386139,10.027139,0.092282,0.170123,0.239360,1.112384,1.083171,1.450437,0.157901,RUNNING
1.246197,1.031070,9.105642,0.126406,0.220461,0.176524,1.533798,0.843654,1.163031,0.290518,RUNNING
1.100187,0.953640,9.508633,0.189632,0.160773,0.185039,0.681336,1.272677,1.427252,0.400658,RUNNING
1.355560,0.673226,9.308393,0.097418,0.095075,0.192485,1.066221,0.213505,0.653103,0.373240,RUNNING
0.561091,0.739558,9.435602,0.155224,0.173541,0.287952,1.249815,0.973478,1.854506,0.188593,RUNNING
1.216740,1.148501,9.057523,0.166654,0.106602,0.263137,1.462513,0.713318,1.340138,0.271400,RUNNING
1.097251,1.257713,8.599012,0.138855,0.172105,0.255659,0.899731,0.182210,1.455709,0.428481,RUNNING
1.474857,0.988182,8.963243,0.164011,0.059938,0.153610,1.098655,0.246740,1.142942,0.195903,RUNNING
0.386131,0.879240,9.513399,0.124853,0.166997,0.226571,1.284992,0.764627,1.435974,0.309790,RUNNING
1.256544,0.946418,9.391964,0.154006,0.220670,0.202949,1.044844,0.823615,1.435319,0.289864,RUNNING
1.393629,1.314824,9.064205,0.171133,0.079452,0.112793,0.912654,0.345705,1.857604,0.149239,RUNNING
0.940609,1.057389,8.352106,0.121244,0.183846,0.157969,0.899795,0.854906,0.860178,0.382758,RUNNING
1.351243,0.940083,8.257370,0.217409,0.151099,0.148501,1.078984,1.133019,1.088400,0.227456,RUNNING
0.763644,0.713200,9.369171,0.102422,0.066707,0.184199,1.038101,0.980159,1.323102,0.399341,RUNNING
0.762781,0.518566,9.850225,0.145106,0.221723,0.115404,0.259399,1.392934,1.501692,0.296795,RUNNING
1.033547,0.956046,9.187962,0.135405,0.180965,0.162521,0.497054,1.046057,1.019401,0.385342,RUNNING
1.153221,0.790847,7.908125,0.068204,0.145979,0.113505,1.143027,0.216839,1.186839,0.214175,RUNNING
1.723505,0.545582,8.435550,0.177325,0.115295,0.110709,1.263130,0.783612,1.154628,0.282831,RUNNING
0.854537,0.612260,8.539770,0.093434,0.194583,0.234410,0.860037,0.947451,1.621083,0.246323,RUNNING
1.667528,1.037666,8.674418,0.123164,0.203361,0.191542,0.626506,0.968185,0.730654,0.326963,RUNNING
1.950745,0.759896,9.636720,0.153479,0.221938,0.138393,0.880332,0.278513,1.119539,0.155486,RUNNING
0.976189,0.815316,8.091127,0.141908,0.154481,0.144941,1.171543,0.697401,1.667408,0.413960,RUNNING
0.974494,0.848052,8.354125,0.215800,0.113862,0.299850,1.044350,1.172649,1.161227,0.169590,RUNNING
0.537302,0.985109,9.620344,0.106035,0.152347,0.189566,0.934401,1.247041,1.175690,0.291388,RUNNING
1.197978,0.646706,8.650894,0.125998,0.059641,0.236302,1.234282,0.863244,1.837686,0.212592,RUNNING
1.202247,0.971846,9.365473,0.041464,0.135832,0.249949,1.686701,0.889007,1.070086,0.361517,RUNNING
1.487084,-0.189224,8.708187,0.090855,0.189605,0.158381,0.967375,1.177201,0.688708,0.066498,RUNNING
1.184486,0.461991,8.944131,0.165173,0.138466,0.227426,1.102117,0.429987,1.247082,0.331007,RUNNING
0.472151,1.245046,9.373348,0.188932,0.187387,0.233174,1.215826,0.076860,1.387923,0.341492,RUNNING
1.210775,1.790788,7.910294,0.114499,0.118821,0.113759,1.536355,0.884888,0.889356,0.345346,RUNNING
2.020630,0.710183,8.508944,0.163053,0.184548,0.106358,1.081508,0.754016,1.128141,0.280644,RUNNING
1.411619,0.819159,7.976417,0.118562,0.107251,0.212341,1.234687,1.089022,1.453185,0.175913,RUNNING
1.240418,0.392205,10.011147,0.150290,0.048381,0.223030,0.557609,0.939543,1.515637,0.300189,RUNNING
1.050206,0.216736,9.512884,0.111048,0.112623,0.308315,0.860390,1.338398,1.556686,0.145497,RUNNING
1.307715,0.221126,8.537189,0.220715,0.078325,0.151817,0.868487,1.142657,1.370281,0.110102,RUNNING
0.954679,0.837899,9.523934,0.261025,0.199553,0.191635,0.655598,0.886661,0.980000,0.285335,RUNNING
0.854536,0.414744,7.864404,0.188184,0.135610,0.248427,0.651600,0.879373,0.519608,0.135220,RUNNING
1.374480,1.046827,9.040956,0.230593,0.214691,0.249328,1.240017,1.397966,0.828377,0.324290,RUNNING
1.458026,0.483693,8.737798,0.141370,0.151551,0.258059,1.449248,1.529650,1.230394,0.381023,RUNNING
1.017995,0.920354,9.189401,0.118754,0.126229,0.129051,0.619124,0.914684,1.288725,0.159928,RUNNING
1.361274,0.315805,8.327775,0.271775,0.158092,0.291138,1.183466,1.436267,1.125166,0.009241,RUNNING
1.039717,1.247846,9.249170,0.083129,0.102287,0.208507,0.979738,0.819143,1.555012,0.328091,RUNNING
1.433077,0.388945,8.201376,0.187965,0.124356,0.166778,1.077438,1.536813,1.452763,0.415395,RUNNING
1.368612,0.993575,9.427404,0.165378,0.181185,0.169503,0.945930,1.093882,1.256149,0.582344,RUNNING
1.780369,0.449188,9.639128,0.149036,0.085042,0.072916,1.182751,0.884336,1.669482,0.208261,RUNNING
1.217676,0.517028,9.055911,0.169267,0.135743,0.225750,1.422720,0.632054,1.907962,0.387290,RUNNING
1.110589,0.535934,8.798107,0.120866,0.246988,0.156736,0.780738,0.986089,1.029313,0.189735,RUNNING
1.339442,1.274995,9.059608,0.102532,0.228620,0.138306,0.736753,1.040748,1.009419,0.330449,RUNNING
1.079113,0.453491,7.932832,0.208272,0.180879,0.250106,0.836941,0.713136,1.119744,0.309274,RUNNING
1.747048,0.598411,9.353922,0.222730,0.061268,0.179829,1.441910,0.726064,1.191164,0.493567,RUNNING
1.323093,0.249493,9.578390,0.179770,0.186579,0.155564,1.095762,0.601899,1.201412,0.395948,RUNNING
0.965903,1.769920,9.875216,0.223928,0.158756,0.215652,1.137756,1.285539,1.102133,0.169438,RUNNING
1.046394,0.575368,9.180217,0.175092,0.073307,0.169592,1.242656,1.475387,1.627585,0.379574,RUNNING
0.718041,0.355485,8.899393,0.099245,0.170749,0.219424,0.887659,0.589543,1.704537,0.292661,RUNNING
1.144075,0.787857,9.577374,0.158007,0.100933,0.188928,0.814544,0.764124,1.027010,0.276832,RUNNING
1.352813,1.818846,8.265971,0.115335,0.182735,0.223491,1.201010,1.111543,1.231441,0.370891,RUNNING
0.612415,0.151506,8.264560,0.176328,0.104963,0.213873,0.879697,0.990522,1.404193,0.268018,RUNNING
1.528682,0.476889,10.204099,0.157084,0.139581,0.193052,1.372488,1.449989,0.849941,0.362598,RUNNING
1.526370,0.756869,8.884145,0.145481,0.134987,0.192879,0.702308,1.117218,1.355762,0.236119,RUNNING
0.496185,0.178200,8.350708,0.148219,0.048410,0.215054,0.903559,1.033144,1.022835,0.115881,RUNNING
0.699614,1.263740,8.877517,0.145338,0.116108,0.110981,1.201192,1.023061,1.047494,0.379920,RUNNING
1.368763,0.954459,8.490543,0.189337,0.212756,0.162692,1.026040,0.812942,1.396538,0.222350,RUNNING
1.451614,0.510903,9.305319,0.157717,0.213935,0.250305,0.621451,0.779418,1.043063,0.412693,RUNNING
0.946581,1.078539,9.565825,0.187423,0.182754,0.214315,0.843004,0.491734,1.372980,0.424661,RUNNING
1.123884,0.155556,9.523149,0.145771,0.136553,0.171599,1.408919,0.931682,1.238030,0.276601,RUNNING
1.620194,1.087300,9.978552,0.180287,0.289976,0.206334,1.105365,0.381424,2.187609,0.370850,RUNNING
1.753428,0.927455,8.947340,0.216230,0.129620,0.346242,1.172500,0.729947,1.107924,0.215654,RUNNING
0.147855,1.183687,8.867958,0.219152,0.097350,0.227883,0.969895,0.535699,0.964494,0.480747,RUNNING
1.674278,0.774870,8.834910,0.189771,0.079756,0.172559,1.467291,0.657090,0.985243,0.303829,RUNNING
1.266670,1.170056,8.819296,0.197160,0.189114,0.147580,1.336560,1.036954,0.945690,0.257000,RUNNING
1.243003,0.380810,10.304890,0.284793,0.040711,0.259248,0.831301,1.088543,1.395532,0.434938,RUNNING
1.257643,0.429277,8.884877,0.081425,0.162119,0.161122,1.304264,0.707404,1.310017,0.273235,RUNNING
1.580330,0.528418,8.786231,0.144216,0.169727,0.207836,0.575117,1.024742,1.717717,0.360075,RUNNING
1.376823,0.765408,9.554549,0.248084,0.057286,0.251148,0.887406,1.126228,1.302189,0.335068,RUNNING
1.432919,0.192272,8.061588,0.082598,0.189694,0.230312,0.807243,1.190118,0.487270,0.321819,RUNNING
1.242349,0.722898,8.982749,0.140344,0.181340,0.183527,1.146229,0.655578,1.039928,0.256157,RUNNING
0.971110,0.666615,9.327909,0.140277,0.120789,0.084641,0.850696,0.386997,1.360430,0.318137,RUNNING
0.732038,1.189412,9.104200,0.138688,0.021396,0.105155,1.561486,0.595585,1.739091,0.411569,RUNNING
0.288548,1.072820,8.981883,0.142619,0.168220,0.174095,1.540708,0.807495,0.797746,0.290499,RUNNING
1.101120,1.000348,9.840516,0.162618,0.188963,0.220267,1.116917,1.099278,0.920737,0.199390,RUNNING
1.154863,1.053963,9.555397,0.122967,0.161485,0.165451,1.245315,0.271011,1.187828,0.152982,RUNNING
1.193905,1.196945,7.705506,0.139612,0.165321,0.148515,0.958098,0.534178,1.752775,0.258482,RUNNING
1.341250,0.822524,9.471325,0.190157,0.130387,0.265778,1.034583,0.918748,1.633306,0.370466,RUNNING
1.447008,0.853549,9.124589,0.130458,0.112502,0.180800,0.983425,0.740239,1.205172,0.406581,RUNNING
1.401643,0.959538,9.868776,0.160576,0.179076,0.241834,0.389823,0.811244,1.232030,0.342598,RUNNING
0.992681,0.310503,9.284602,0.200142,0.175641,0.128810,0.866645,1.047961,1.207246,0.285456,RUNNING
1.399557,1.248350,10.061769,0.012426,0.168613,0.224769,0.695069,0.810409,1.367698,0.512235,RUNNING
1.050757,0.696072,9.005418,0.134792,0.166211,0.198639,1.629659,1.244694,1.242145,0.240960,RUNNING
1.225435,0.334141,9.768472,0.115952,0.185542,0.194415,1.100270,1.282416,0.868049,0.259468,RUNNING
1.286963,1.440900,9.034777,0.153490,0.275707,0.141605,1.324467,0.597045,1.577806,0.330180,RUNNING
1.092716,0.962202,9.507051,0.118506,0.172291,0.225155,1.507931,0.645381,1.529500,0.179400,RUNNING
1.657652,0.570443,9.525271,0.217604,0.105464,0.234677,0.685835,-0.012738,0.804538,0.496519,RUNNING
2.009370,0.516778,9.630327,0.217429,0.103511,0.187899,1.247387,1.053011,1.407898,0.027113,RUNNING
1.396383,0.702477,8.477337,0.172136,0.177968,0.131372,0.473439,0.582397,1.324165,0.339257,RUNNING
1.452202,1.215925,9.117291,0.078146,0.124937,0.192712,1.056701,0.748313,1.459414,0.235978,RUNNING
1.419641,1.198691,9.106123,0.163652,0.152784,0.122654,1.411601,0.729508,1.722246,0.296590,RUNNING
1.408860,0.944305,8.929233,0.242577,0.147563,0.267685,1.144678,0.829393,1.395786,0.302542,RUNNING
0.875289,0.913350,9.571420,0.159945,0.154213,0.110998,0.961838,0.314426,0.916691,0.320074,RUNNING
1.297742,0.337486,8.383492,0.185672,0.079292,0.163792,1.522386,0.873326,1.242920,0.234772,RUNNING
1.967919,0.536669,8.348238,0.178063,0.208757,0.225681,0.778390,1.495780,1.431293,0.307225,RUNNING
1.079007,0.992434,9.680107,0.145113,0.156087,0.182589,1.318898,0.743976,1.195660,0.215579,RUNNING
1.357518,0.622056,8.912386,0.095129,0.203919,0.228855,0.998761,1.027845,0.795329,0.223175,RUNNING
0.949874,1.119653,9.470880,0.126822,0.143400,0.184582,0.447864,1.056366,1.217712,0.100512,RUNNING
1.542863,1.637298,9.538240,0.122243,0.232149,0.129744,1.278088,0.420357,1.530111,0.203516,RUNNING
1.140262,0.708538,8.962165,0.120754,0.233436,0.260840,0.376108,-0.190957,0.493413,0.327706,RUNNING
0.711725,0.983969,8.237812,0.113964,0.228602,0.310492,1.331020,0.692036,1.944650,0.381521,RUNNING
0.837488,1.388052,10.202079,0.171999,0.117277,0.200386,0.601451,1.027354,1.359988,0.250034,RUNNING
1.195592,0.176634,9.259536,0.230401,0.146353,0.181029,1.117495,1.075710,1.897217,0.188346,RUNNING
0.519331,0.761630,8.246199,0.162022,0.165882,0.228381,1.116334,0.804675,0.840337,0.486238,RUNNING
1.356047,0.717196,9.000166,0.154031,0.077755,0.226438,0.801773,0.979138,0.947446,0.270313,RUNNING
1.556327,1.237807,9.024106,0.157103,0.147776,0.204947,1.253805,1.145386,1.397030,0.305724,RUNNING
1.440578,0.652930,9.609324,0.287372,0.212665,0.308461,0.602323,0.460094,1.023107,0.162981,RUNNING
1.512753,0.430979,9.269451,0.108963,0.158863,0.195049,1.049840,0.599720,1.574265,0.268188,RUNNING
1.138725,1.152572,9.209435,0.085908,0.191522,0.228373,1.069204,1.496171,1.668915,0.396749,RUNNING
1.239197,0.597401,9.947550,0.142081,0.115673,0.185577,1.605990,1.067246,1.293273,0.317247,RUNNING
1.608379,0.769877,9.085147,0.161068,0.122841,0.168670,1.115474,0.693314,1.607548,0.308578,RUNNING
0.948861,0.836823,8.688616,0.216951,0.104936,0.158120,0.847464,0.864340,1.900774,0.347620,RUNNING
1.120568,0.161727,8.989982,0.209386,0.218972,0.155745,1.236212,0.629074,0.588071,0.350945,RUNNING
0.952524,0.844159,9.879333,0.132494,0.162295,0.177191,1.313205,1.238621,1.067451,0.413693,RUNNING
1.565116,0.754367,8.923586,0.169158,0.171612,0.213776,1.610934,0.772263,1.228288,0.396163,RUNNING
1.124804,0.583774,9.115860,0.183958,0.173558,0.239692,1.289867,0.922582,0.980755,0.179149,RUNNING
0.911054,1.070429,9.004028,0.131884,0.102748,0.229951,0.885219,1.012929,0.939958,0.341286,RUNNING
1.075150,0.517187,8.143199,0.201384,0.144671,0.192150,0.748456,0.611779,1.376551,0.328228,RUNNING
1.576099,0.472657,9.088490,0.201193,0.113255,0.205816,1.395684,0.770088,0.778087,0.284012,RUNNING
1.269564,0.399730,9.216560,0.112367,0.151569,0.232709,1.537725,0.695939,1.812533,0.170453,RUNNING
0.905284,0.674159,8.060849,0.081746,0.213040,0.208722,1.301850,0.782688,1.459447,0.384801,RUNNING
0.783319,0.698757,10.673370,0.202846,0.149350,0.227756,1.109049,0.693336,0.754181,0.383650,RUNNING
0.781592,0.353655,8.353269,0.113983,0.130775,0.078567,1.283786,1.337742,1.090011,0.160940,RUNNING
1.382684,0.978242,9.215932,0.195881,0.090464,0.156830,0.651873,1.110565,1.355009,0.266021,RUNNING
0.872708,1.017667,9.288921,0.055634,0.134950,0.186682,1.047491,0.864998,1.192658,0.429796,RUNNING
1.058964,0.797158,8.645679,0.134565,0.147900,0.174124,1.391209,1.121570,1.119741,0.260334,RUNNING
1.415254,1.161796,9.263886,0.187907,0.155131,0.231475,1.321400,0.912158,1.854971,0.402477,RUNNING
0.829332,0.416270,9.177784,0.219079,0.154913,0.251652,1.096164,0.605550,0.919682,0.118544,RUNNING
0.590350,0.436195,8.831284,0.128332,0.180202,0.282657,0.956532,1.263443,0.977849,0.356264,RUNNING
1.854512,1.095668,7.814408,0.236022,0.132722,0.188381,0.974565,0.293067,1.482241,0.492662,RUNNING
1.295886,1.259639,9.068396,0.017431,0.057324,0.174142,1.141193,1.209116,0.941387,0.315997,RUNNING
1.162356,0.397760,8.303709,0.093151,0.263548,0.208446,0.889478,1.097466,1.639930,0.360002,RUNNING
1.277901,0.914371,9.148959,0.113620,0.157323,0.155050,1.161905,1.422343,1.377990,0.323957,RUNNING
